{"level":"info","message":"MongoDB Connected: cluster0-shard-00-00.ldi5y.mongodb.net","service":"order-service","timestamp":"2026-07-24T10:53:07.412Z"}
{"level":"info","message":"Order indexes created successfully","service":"order-service","timestamp":"2026-07-24T10:53:11.163Z"}
{"code":"ECONNREFUSED","level":"error","message":"Redis connection error:","service":"order-service","stack":"AggregateError [ECONNREFUSED]: \n    at internalConnectMultiple (node:net:1139:18)\n    at afterConnectMultiple (node:net:1714:7)","timestamp":"2026-07-24T10:53:11.168Z"}
{"level":"error","message":"Redis initialization error: Connection is closed.","service":"order-service","stack":"Error: Connection is closed.\n    at EventEmitter.connectionCloseHandler (D:\\ecommerce-microservices-platform\\services\\order-service\\node_modules\\ioredis\\built\\Redis.js:208:28)\n    at Object.onceWrapper (node:events:633:26)\n    at EventEmitter.emit (node:events:518:28)\n    at process.processTicksAndRejections (node:internal/process/task_queues:85:11)","timestamp":"2026-07-24T10:53:11.169Z"}
{"environment":"development","level":"info","message":"Order Service started successfully","port":"3004","service":"order-service","timestamp":"2026-07-24T10:53:11.173Z"}
{"code":"ECONNREFUSED","level":"error","message":"Redis connection error:","service":"order-service","stack":"AggregateError [ECONNREFUSED]: \n    at internalConnectMultiple (node:net:1139:18)\n    at afterConnectMultiple (node:net:1714:7)","timestamp":"2026-07-24T10:53:11.235Z"}
{"code":"ECONNREFUSED","level":"error","message":"Redis connection error:","service":"order-service","stack":"AggregateError [ECONNREFUSED]: \n    at internalConnectMultiple (node:net:1139:18)\n    at afterConnectMultiple (node:net:1714:7)","timestamp":"2026-07-24T10:53:11.351Z"}
{"code":"ECONNREFUSED","level":"error","message":"Redis connection error:","service":"order-service","stack":"AggregateError [ECONNREFUSED]: \n    at internalConnectMultiple (node:net:1139:18)\n    at afterConnectMultiple (node:net:1714:7)","timestamp":"2026-07-24T10:53:11.516Z"}
{"code":"ECONNREFUSED","level":"error","message":"Redis connection error:","service":"order-service","stack":"AggregateError [ECONNREFUSED]: \n    at internalConnectMultiple (node:net:1139:18)\n    at afterConnectMultiple (node:net:1714:7)","timestamp":"2026-07-24T10:53:11.719Z"}
{"code":"ECONNREFUSED","level":"error","message":"Redis connection error:","service":"order-service","stack":"AggregateError [ECONNREFUSED]: \n    at internalConnectMultiple (node:net:1139:18)\n    at afterConnectMultiple (node:net:1714:7)","timestamp":"2026-07-24T10:53:11.974Z"}
{"code":"ECONNREFUSED","level":"error","message":"Redis connection error:","service":"order-service","stack":"AggregateError [ECONNREFUSED]: \n    at internalConnectMultiple (node:net:1139:18)\n    at afterConnectMultiple (node:net:1714:7)","timestamp":"2026-07-24T10:53:12.286Z"}
{"code":"ECONNREFUSED","level":"error","message":"Redis connection error:","service":"order-service","stack":"AggregateError [ECONNREFUSED]: \n    at internalConnectMultiple (node:net:1139:18)\n    at afterConnectMultiple (node:net:1714:7)","timestamp":"2026-07-24T10:53:12.639Z"}
{"code":"ECONNREFUSED","level":"error","message":"Redis connection error:","service":"order-service","stack":"AggregateError [ECONNREFUSED]: \n    at internalConnectMultiple (node:net:1139:18)\n    at afterConnectMultiple (node:net:1714:7)","timestamp":"2026-07-24T10:53:13.052Z"}
{"code":"ECONNREFUSED","level":"error","message":"Redis connection error:","service":"order-service","stack":"AggregateError [ECONNREFUSED]: \n    at internalConnectMultiple (node:net:1139:18)\n    at afterConnectMultiple (node:net:1714:7)","timestamp":"2026-07-24T10:53:13.517Z"}
{"code":"ECONNREFUSED","level":"error","message":"Redis connection error:","service":"order-service","stack":"AggregateError [ECONNREFUSED]: \n    at internalConnectMultiple (node:net:1139:18)\n    at afterConnectMultiple (node:net:1714:7)","timestamp":"2026-07-24T10:53:14.030Z"}
{"code":"ECONNREFUSED","level":"error","message":"Redis connection error:","service":"order-service","stack":"AggregateError [ECONNREFUSED]: \n    at internalConnectMultiple (node:net:1139:18)\n    at afterConnectMultiple (node:net:1714:7)","timestamp":"2026-07-24T10:53:14.592Z"}
{"code":"ECONNREFUSED","level":"error","message":"Redis connection error:","service":"order-service","stack":"AggregateError [ECONNREFUSED]: \n    at internalConnectMultiple (node:net:1139:18)\n    at afterConnectMultiple (node:net:1714:7)","timestamp":"2026-07-24T10:53:15.202Z"}
{"code":"ECONNREFUSED","level":"error","message":"Redis connection error:","service":"order-service","stack":"AggregateError [ECONNREFUSED]: \n    at internalConnectMultiple (node:net:1139:18)\n    at afterConnectMultiple (node:net:1714:7)","timestamp":"2026-07-24T10:53:15.873Z"}
{"code":"ECONNREFUSED","level":"error","message":"Redis connection error:","service":"order-service","stack":"AggregateError [ECONNREFUSED]: \n    at internalConnectMultiple (node:net:1139:18)\n    at afterConnectMultiple (node:net:1714:7)","timestamp":"2026-07-24T10:53:16.576Z"}
{"code":"ECONNREFUSED","level":"error","message":"Redis connection error:","service":"order-service","stack":"AggregateError [ECONNREFUSED]: \n    at internalConnectMultiple (node:net:1139:18)\n    at afterConnectMultiple (node:net:1714:7)","timestamp":"2026-07-24T10:53:17.335Z"}
{"code":"ECONNREFUSED","level":"error","message":"Redis connection error:","service":"order-service","stack":"AggregateError [ECONNREFUSED]: \n    at internalConnectMultiple (node:net:1139:18)\n    at afterConnectMultiple (node:net:1714:7)","timestamp":"2026-07-24T10:53:18.147Z"}
{"code":"ECONNREFUSED","level":"error","message":"Redis connection error:","service":"order-service","stack":"AggregateError [ECONNREFUSED]: \n    at internalConnectMultiple (node:net:1139:18)\n    at afterConnectMultiple (node:net:1714:7)","timestamp":"2026-07-24T10:53:18.999Z"}
{"code":"ECONNREFUSED","level":"error","message":"Redis connection error:","service":"order-service","stack":"AggregateError [ECONNREFUSED]: \n    at internalConnectMultiple (node:net:1139:18)\n    at afterConnectMultiple (node:net:1714:7)","timestamp":"2026-07-24T10:53:19.905Z"}
{"code":"ECONNREFUSED","level":"error","message":"Redis connection error:","service":"order-service","stack":"AggregateError [ECONNREFUSED]: \n    at internalConnectMultiple (node:net:1139:18)\n    at afterConnectMultiple (node:net:1714:7)","timestamp":"2026-07-24T10:53:20.858Z"}
{"level":"info","message":"MongoDB Connected: cluster0-shard-00-02.ldi5y.mongodb.net","service":"order-service","timestamp":"2026-07-24T10:54:08.578Z"}
{"level":"info","message":"Order indexes created successfully","service":"order-service","timestamp":"2026-07-24T10:54:12.328Z"}
{"level":"info","message":"Redis successfully connected","service":"order-service","timestamp":"2026-07-24T10:54:12.334Z"}
{"environment":"development","level":"info","message":"Order Service started successfully","port":"3004","service":"order-service","timestamp":"2026-07-24T10:54:12.344Z"}
{"level":"info","message":"Redis successfully connected","service":"order-service","timestamp":"2026-07-24T13:12:41.260Z"}
{"code":"ECONNRESET","errno":-4077,"level":"error","message":"Redis connection error: read ECONNRESET","service":"order-service","stack":"Error: read ECONNRESET\n    at TCP.onStreamRead (node:internal/stream_base_commons:216:20)","syscall":"read","timestamp":"2026-07-24T13:12:41.263Z"}
{"level":"info","message":"Redis successfully connected","service":"order-service","timestamp":"2026-07-24T13:12:41.365Z"}
{"code":"ECONNREFUSED","level":"error","message":"Redis connection error:","service":"order-service","stack":"AggregateError [ECONNREFUSED]: \n    at internalConnectMultiple (node:net:1139:18)\n    at afterConnectMultiple (node:net:1714:7)","timestamp":"2026-07-24T13:12:45.607Z"}
{"code":"ECONNREFUSED","level":"error","message":"Redis connection error:","service":"order-service","stack":"AggregateError [ECONNREFUSED]: \n    at internalConnectMultiple (node:net:1139:18)\n    at afterConnectMultiple (node:net:1714:7)","timestamp":"2026-07-24T13:12:45.812Z"}
{"code":"ECONNREFUSED","level":"error","message":"Redis connection error:","service":"order-service","stack":"AggregateError [ECONNREFUSED]: \n    at internalConnectMultiple (node:net:1139:18)\n    at afterConnectMultiple (node:net:1714:7)","timestamp":"2026-07-24T13:12:46.066Z"}
{"code":"ECONNREFUSED","level":"error","message":"Redis connection error:","service":"order-service","stack":"AggregateError [ECONNREFUSED]: \n    at internalConnectMultiple (node:net:1139:18)\n    at afterConnectMultiple (node:net:1714:7)","timestamp":"2026-07-24T13:12:46.382Z"}
{"code":"ECONNREFUSED","level":"error","message":"Redis connection error:","service":"order-service","stack":"AggregateError [ECONNREFUSED]: \n    at internalConnectMultiple (node:net:1139:18)\n    at afterConnectMultiple (node:net:1714:7)","timestamp":"2026-07-24T13:12:46.747Z"}
{"code":"ECONNREFUSED","level":"error","message":"Redis connection error:","service":"order-service","stack":"AggregateError [ECONNREFUSED]: \n    at internalConnectMultiple (node:net:1139:18)\n    at afterConnectMultiple (node:net:1714:7)","timestamp":"2026-07-24T13:12:47.159Z"}
{"code":"ECONNREFUSED","level":"error","message":"Redis connection error:","service":"order-service","stack":"AggregateError [ECONNREFUSED]: \n    at internalConnectMultiple (node:net:1139:18)\n    at afterConnectMultiple (node:net:1714:7)","timestamp":"2026-07-24T13:12:47.618Z"}
{"code":"ECONNREFUSED","level":"error","message":"Redis connection error:","service":"order-service","stack":"AggregateError [ECONNREFUSED]: \n    at internalConnectMultiple (node:net:1139:18)\n    at afterConnectMultiple (node:net:1714:7)","timestamp":"2026-07-24T13:12:48.126Z"}
{"code":"ECONNREFUSED","level":"error","message":"Redis connection error:","service":"order-service","stack":"AggregateError [ECONNREFUSED]: \n    at internalConnectMultiple (node:net:1139:18)\n    at afterConnectMultiple (node:net:1714:7)","timestamp":"2026-07-24T13:12:48.678Z"}
{"code":"ECONNREFUSED","level":"error","message":"Redis connection error:","service":"order-service","stack":"AggregateError [ECONNREFUSED]: \n    at internalConnectMultiple (node:net:1139:18)\n    at afterConnectMultiple (node:net:1714:7)","timestamp":"2026-07-24T13:12:49.281Z"}
{"code":"ECONNREFUSED","level":"error","message":"Redis connection error:","service":"order-service","stack":"AggregateError [ECONNREFUSED]: \n    at internalConnectMultiple (node:net:1139:18)\n    at afterConnectMultiple (node:net:1714:7)","timestamp":"2026-07-24T13:12:49.946Z"}
{"code":"ECONNREFUSED","level":"error","message":"Redis connection error:","service":"order-service","stack":"AggregateError [ECONNREFUSED]: \n    at internalConnectMultiple (node:net:1139:18)\n    at afterConnectMultiple (node:net:1714:7)","timestamp":"2026-07-24T13:12:50.661Z"}
{"code":"ECONNREFUSED","level":"error","message":"Redis connection error:","service":"order-service","stack":"AggregateError [ECONNREFUSED]: \n    at internalConnectMultiple (node:net:1139:18)\n    at afterConnectMultiple (node:net:1714:7)","timestamp":"2026-07-24T13:12:51.424Z"}
{"code":"ECONNREFUSED","level":"error","message":"Redis connection error:","service":"order-service","stack":"AggregateError [ECONNREFUSED]: \n    at internalConnectMultiple (node:net:1139:18)\n    at afterConnectMultiple (node:net:1714:7)","timestamp":"2026-07-24T13:12:52.236Z"}
{"code":"ECONNREFUSED","level":"error","message":"Redis connection error:","service":"order-service","stack":"AggregateError [ECONNREFUSED]: \n    at internalConnectMultiple (node:net:1139:18)\n    at afterConnectMultiple (node:net:1714:7)","timestamp":"2026-07-24T13:12:53.088Z"}
{"code":"ECONNREFUSED","level":"error","message":"Redis connection error:","service":"order-service","stack":"AggregateError [ECONNREFUSED]: \n    at internalConnectMultiple (node:net:1139:18)\n    at afterConnectMultiple (node:net:1714:7)","timestamp":"2026-07-24T13:12:53.995Z"}
{"code":"ECONNREFUSED","level":"error","message":"Redis connection error:","service":"order-service","stack":"AggregateError [ECONNREFUSED]: \n    at internalConnectMultiple (node:net:1139:18)\n    at afterConnectMultiple (node:net:1714:7)","timestamp":"2026-07-24T13:12:54.947Z"}
{"code":"ECONNREFUSED","level":"error","message":"Redis connection error:","service":"order-service","stack":"AggregateError [ECONNREFUSED]: \n    at internalConnectMultiple (node:net:1139:18)\n    at afterConnectMultiple (node:net:1714:7)","timestamp":"2026-07-24T13:12:55.962Z"}
{"code":"ECONNREFUSED","level":"error","message":"Redis connection error:","service":"order-service","stack":"AggregateError [ECONNREFUSED]: \n    at internalConnectMultiple (node:net:1139:18)\n    at afterConnectMultiple (node:net:1714:7)","timestamp":"2026-07-24T13:12:57.024Z"}
{"code":"ECONNREFUSED","level":"error","message":"Redis connection error:","service":"order-service","stack":"AggregateError [ECONNREFUSED]: \n    at internalConnectMultiple (node:net:1139:18)\n    at afterConnectMultiple (node:net:1714:7)","timestamp":"2026-07-24T13:12:58.136Z"}
{"code":"ECONNREFUSED","level":"error","message":"Redis connection error:","service":"order-service","stack":"AggregateError [ECONNREFUSED]: \n    at internalConnectMultiple (node:net:1139:18)\n    at afterConnectMultiple (node:net:1714:7)","timestamp":"2026-07-24T13:12:59.291Z"}
{"code":"ECONNREFUSED","level":"error","message":"Redis connection error:","service":"order-service","stack":"AggregateError [ECONNREFUSED]: \n    at internalConnectMultiple (node:net:1139:18)\n    at afterConnectMultiple (node:net:1714:7)","timestamp":"2026-07-24T13:13:00.495Z"}
{"code":"ECONNREFUSED","level":"error","message":"Redis connection error:","service":"order-service","stack":"AggregateError [ECONNREFUSED]: \n    at internalConnectMultiple (node:net:1139:18)\n    at afterConnectMultiple (node:net:1714:7)","timestamp":"2026-07-24T13:13:01.749Z"}
{"code":"ECONNREFUSED","level":"error","message":"Redis connection error:","service":"order-service","stack":"AggregateError [ECONNREFUSED]: \n    at internalConnectMultiple (node:net:1139:18)\n    at afterConnectMultiple (node:net:1714:7)","timestamp":"2026-07-24T13:13:03.062Z"}
{"code":"ECONNREFUSED","level":"error","message":"Redis connection error:","service":"order-service","stack":"AggregateError [ECONNREFUSED]: \n    at internalConnectMultiple (node:net:1139:18)\n    at afterConnectMultiple (node:net:1714:7)","timestamp":"2026-07-24T13:13:04.427Z"}
{"code":"ECONNREFUSED","level":"error","message":"Redis connection error:","service":"order-service","stack":"AggregateError [ECONNREFUSED]: \n    at internalConnectMultiple (node:net:1139:18)\n    at afterConnectMultiple (node:net:1714:7)","timestamp":"2026-07-24T13:13:05.838Z"}
{"code":"ECONNREFUSED","level":"error","message":"Redis connection error:","service":"order-service","stack":"AggregateError [ECONNREFUSED]: \n    at internalConnectMultiple (node:net:1139:18)\n    at afterConnectMultiple (node:net:1714:7)","timestamp":"2026-07-24T13:13:07.299Z"}
{"code":"ECONNREFUSED","level":"error","message":"Redis connection error:","service":"order-service","stack":"AggregateError [ECONNREFUSED]: \n    at internalConnectMultiple (node:net:1139:18)\n    at afterConnectMultiple (node:net:1714:7)","timestamp":"2026-07-24T13:13:08.801Z"}
{"code":"ECONNREFUSED","level":"error","message":"Redis connection error:","service":"order-service","stack":"AggregateError [ECONNREFUSED]: \n    at internalConnectMultiple (node:net:1139:18)\n    at afterConnectMultiple (node:net:1714:7)","timestamp":"2026-07-24T13:13:10.352Z"}
{"code":"ECONNREFUSED","level":"error","message":"Redis connection error:","service":"order-service","stack":"AggregateError [ECONNREFUSED]: \n    at internalConnectMultiple (node:net:1139:18)\n    at afterConnectMultiple (node:net:1714:7)","timestamp":"2026-07-24T13:13:11.957Z"}
{"code":"ECONNREFUSED","level":"error","message":"Redis connection error:","service":"order-service","stack":"AggregateError [ECONNREFUSED]: \n    at internalConnectMultiple (node:net:1139:18)\n    at afterConnectMultiple (node:net:1714:7)","timestamp":"2026-07-24T13:13:13.618Z"}
{"code":"ECONNREFUSED","level":"error","message":"Redis connection error:","service":"order-service","stack":"AggregateError [ECONNREFUSED]: \n    at internalConnectMultiple (node:net:1139:18)\n    at afterConnectMultiple (node:net:1714:7)","timestamp":"2026-07-24T13:13:15.329Z"}
{"code":"ECONNREFUSED","level":"error","message":"Redis connection error:","service":"order-service","stack":"AggregateError [ECONNREFUSED]: \n    at internalConnectMultiple (node:net:1139:18)\n    at afterConnectMultiple (node:net:1714:7)","timestamp":"2026-07-24T13:13:17.089Z"}
{"code":"ECONNREFUSED","level":"error","message":"Redis connection error:","service":"order-service","stack":"AggregateError [ECONNREFUSED]: \n    at internalConnectMultiple (node:net:1139:18)\n    at afterConnectMultiple (node:net:1714:7)","timestamp":"2026-07-24T13:13:18.892Z"}
{"code":"ECONNREFUSED","level":"error","message":"Redis connection error:","service":"order-service","stack":"AggregateError [ECONNREFUSED]: \n    at internalConnectMultiple (node:net:1139:18)\n    at afterConnectMultiple (node:net:1714:7)","timestamp":"2026-07-24T13:13:20.748Z"}
{"code":"ECONNREFUSED","level":"error","message":"Redis connection error:","service":"order-service","stack":"AggregateError [ECONNREFUSED]: \n    at internalConnectMultiple (node:net:1139:18)\n    at afterConnectMultiple (node:net:1714:7)","timestamp":"2026-07-24T13:13:22.652Z"}
{"code":"ECONNREFUSED","level":"error","message":"Redis connection error:","service":"order-service","stack":"AggregateError [ECONNREFUSED]: \n    at internalConnectMultiple (node:net:1139:18)\n    at afterConnectMultiple (node:net:1714:7)","timestamp":"2026-07-24T13:13:24.607Z"}
{"code":"ECONNREFUSED","level":"error","message":"Redis connection error:","service":"order-service","stack":"AggregateError [ECONNREFUSED]: \n    at internalConnectMultiple (node:net:1139:18)\n    at afterConnectMultiple (node:net:1714:7)","timestamp":"2026-07-24T13:13:26.618Z"}
{"code":"ECONNREFUSED","level":"error","message":"Redis connection error:","service":"order-service","stack":"AggregateError [ECONNREFUSED]: \n    at internalConnectMultiple (node:net:1139:18)\n    at afterConnectMultiple (node:net:1714:7)","timestamp":"2026-07-24T13:13:28.626Z"}
{"code":"ECONNREFUSED","level":"error","message":"Redis connection error:","service":"order-service","stack":"AggregateError [ECONNREFUSED]: \n    at internalConnectMultiple (node:net:1139:18)\n    at afterConnectMultiple (node:net:1714:7)","timestamp":"2026-07-24T13:13:30.633Z"}
{"code":"ECONNREFUSED","level":"error","message":"Redis connection error:","service":"order-service","stack":"AggregateError [ECONNREFUSED]: \n    at internalConnectMultiple (node:net:1139:18)\n    at afterConnectMultiple (node:net:1714:7)","timestamp":"2026-07-24T13:13:32.640Z"}
{"code":"ECONNREFUSED","level":"error","message":"Redis connection error:","service":"order-service","stack":"AggregateError [ECONNREFUSED]: \n    at internalConnectMultiple (node:net:1139:18)\n    at afterConnectMultiple (node:net:1714:7)","timestamp":"2026-07-24T13:13:34.654Z"}
{"code":"ECONNREFUSED","level":"error","message":"Redis connection error:","service":"order-service","stack":"AggregateError [ECONNREFUSED]: \n    at internalConnectMultiple (node:net:1139:18)\n    at afterConnectMultiple (node:net:1714:7)","timestamp":"2026-07-24T13:13:36.669Z"}
{"code":"ECONNREFUSED","level":"error","message":"Redis connection error:","service":"order-service","stack":"AggregateError [ECONNREFUSED]: \n    at internalConnectMultiple (node:net:1139:18)\n    at afterConnectMultiple (node:net:1714:7)","timestamp":"2026-07-24T13:13:38.685Z"}
{"code":"ECONNREFUSED","level":"error","message":"Redis connection error:","service":"order-service","stack":"AggregateError [ECONNREFUSED]: \n    at internalConnectMultiple (node:net:1139:18)\n    at afterConnectMultiple (node:net:1714:7)","timestamp":"2026-07-24T13:13:40.692Z"}
{"code":"ECONNREFUSED","level":"error","message":"Redis connection error:","service":"order-service","stack":"AggregateError [ECONNREFUSED]: \n    at internalConnectMultiple (node:net:1139:18)\n    at afterConnectMultiple (node:net:1714:7)","timestamp":"2026-07-24T13:13:42.703Z"}
{"code":"ECONNREFUSED","level":"error","message":"Redis connection error:","service":"order-service","stack":"AggregateError [ECONNREFUSED]: \n    at internalConnectMultiple (node:net:1139:18)\n    at afterConnectMultiple (node:net:1714:7)","timestamp":"2026-07-24T13:13:44.720Z"}
{"code":"ECONNREFUSED","level":"error","message":"Redis connection error:","service":"order-service","stack":"AggregateError [ECONNREFUSED]: \n    at internalConnectMultiple (node:net:1139:18)\n    at afterConnectMultiple (node:net:1714:7)","timestamp":"2026-07-24T13:13:46.732Z"}
{"code":"ECONNREFUSED","level":"error","message":"Redis connection error:","service":"order-service","stack":"AggregateError [ECONNREFUSED]: \n    at internalConnectMultiple (node:net:1139:18)\n    at afterConnectMultiple (node:net:1714:7)","timestamp":"2026-07-24T13:13:48.736Z"}
{"code":"ECONNREFUSED","level":"error","message":"Redis connection error:","service":"order-service","stack":"AggregateError [ECONNREFUSED]: \n    at internalConnectMultiple (node:net:1139:18)\n    at afterConnectMultiple (node:net:1714:7)","timestamp":"2026-07-24T13:13:50.746Z"}
{"code":"ECONNREFUSED","level":"error","message":"Redis connection error:","service":"order-service","stack":"AggregateError [ECONNREFUSED]: \n    at internalConnectMultiple (node:net:1139:18)\n    at afterConnectMultiple (node:net:1714:7)","timestamp":"2026-07-24T13:13:52.756Z"}
{"code":"ECONNREFUSED","level":"error","message":"Redis connection error:","service":"order-service","stack":"AggregateError [ECONNREFUSED]: \n    at internalConnectMultiple (node:net:1139:18)\n    at afterConnectMultiple (node:net:1714:7)","timestamp":"2026-07-24T13:13:54.766Z"}
{"code":"ECONNREFUSED","level":"error","message":"Redis connection error:","service":"order-service","stack":"AggregateError [ECONNREFUSED]: \n    at internalConnectMultiple (node:net:1139:18)\n    at afterConnectMultiple (node:net:1714:7)","timestamp":"2026-07-24T13:13:56.778Z"}
{"code":"ECONNREFUSED","level":"error","message":"Redis connection error:","service":"order-service","stack":"AggregateError [ECONNREFUSED]: \n    at internalConnectMultiple (node:net:1139:18)\n    at afterConnectMultiple (node:net:1714:7)","timestamp":"2026-07-24T13:13:58.782Z"}
{"code":"ECONNREFUSED","level":"error","message":"Redis connection error:","service":"order-service","stack":"AggregateError [ECONNREFUSED]: \n    at internalConnectMultiple (node:net:1139:18)\n    at afterConnectMultiple (node:net:1714:7)","timestamp":"2026-07-24T13:14:00.785Z"}
{"code":"ECONNREFUSED","level":"error","message":"Redis connection error:","service":"order-service","stack":"AggregateError [ECONNREFUSED]: \n    at internalConnectMultiple (node:net:1139:18)\n    at afterConnectMultiple (node:net:1714:7)","timestamp":"2026-07-24T13:14:02.792Z"}
{"code":"ECONNREFUSED","level":"error","message":"Redis connection error:","service":"order-service","stack":"AggregateError [ECONNREFUSED]: \n    at internalConnectMultiple (node:net:1139:18)\n    at afterConnectMultiple (node:net:1714:7)","timestamp":"2026-07-24T13:14:04.800Z"}
{"code":"ECONNREFUSED","level":"error","message":"Redis connection error:","service":"order-service","stack":"AggregateError [ECONNREFUSED]: \n    at internalConnectMultiple (node:net:1139:18)\n    at afterConnectMultiple (node:net:1714:7)","timestamp":"2026-07-24T13:14:06.815Z"}
{"code":"ECONNREFUSED","level":"error","message":"Redis connection error:","service":"order-service","stack":"AggregateError [ECONNREFUSED]: \n    at internalConnectMultiple (node:net:1139:18)\n    at afterConnectMultiple (node:net:1714:7)","timestamp":"2026-07-24T13:14:08.828Z"}
{"code":"ECONNREFUSED","level":"error","message":"Redis connection error:","service":"order-service","stack":"AggregateError [ECONNREFUSED]: \n    at internalConnectMultiple (node:net:1139:18)\n    at afterConnectMultiple (node:net:1714:7)","timestamp":"2026-07-24T13:14:10.835Z"}
{"code":"ECONNREFUSED","level":"error","message":"Redis connection error:","service":"order-service","stack":"AggregateError [ECONNREFUSED]: \n    at internalConnectMultiple (node:net:1139:18)\n    at afterConnectMultiple (node:net:1714:7)","timestamp":"2026-07-24T13:14:12.843Z"}
{"code":"ECONNREFUSED","level":"error","message":"Redis connection error:","service":"order-service","stack":"AggregateError [ECONNREFUSED]: \n    at internalConnectMultiple (node:net:1139:18)\n    at afterConnectMultiple (node:net:1714:7)","timestamp":"2026-07-24T13:14:14.852Z"}
{"code":"ECONNREFUSED","level":"error","message":"Redis connection error:","service":"order-service","stack":"AggregateError [ECONNREFUSED]: \n    at internalConnectMultiple (node:net:1139:18)\n    at afterConnectMultiple (node:net:1714:7)","timestamp":"2026-07-24T13:14:16.862Z"}
{"code":"ECONNREFUSED","level":"error","message":"Redis connection error:","service":"order-service","stack":"AggregateError [ECONNREFUSED]: \n    at internalConnectMultiple (node:net:1139:18)\n    at afterConnectMultiple (node:net:1714:7)","timestamp":"2026-07-24T13:14:18.874Z"}
{"code":"ECONNREFUSED","level":"error","message":"Redis connection error:","service":"order-service","stack":"AggregateError [ECONNREFUSED]: \n    at internalConnectMultiple (node:net:1139:18)\n    at afterConnectMultiple (node:net:1714:7)","timestamp":"2026-07-24T13:14:20.879Z"}
{"code":"ECONNREFUSED","level":"error","message":"Redis connection error:","service":"order-service","stack":"AggregateError [ECONNREFUSED]: \n    at internalConnectMultiple (node:net:1139:18)\n    at afterConnectMultiple (node:net:1714:7)","timestamp":"2026-07-24T13:14:22.893Z"}
{"code":"ECONNREFUSED","level":"error","message":"Redis connection error:","service":"order-service","stack":"AggregateError [ECONNREFUSED]: \n    at internalConnectMultiple (node:net:1139:18)\n    at afterConnectMultiple (node:net:1714:7)","timestamp":"2026-07-24T13:14:24.903Z"}
{"code":"ECONNREFUSED","level":"error","message":"Redis connection error:","service":"order-service","stack":"AggregateError [ECONNREFUSED]: \n    at internalConnectMultiple (node:net:1139:18)\n    at afterConnectMultiple (node:net:1714:7)","timestamp":"2026-07-24T13:14:26.915Z"}
{"code":"ECONNREFUSED","level":"error","message":"Redis connection error:","service":"order-service","stack":"AggregateError [ECONNREFUSED]: \n    at internalConnectMultiple (node:net:1139:18)\n    at afterConnectMultiple (node:net:1714:7)","timestamp":"2026-07-24T13:14:28.931Z"}
{"code":"ECONNREFUSED","level":"error","message":"Redis connection error:","service":"order-service","stack":"AggregateError [ECONNREFUSED]: \n    at internalConnectMultiple (node:net:1139:18)\n    at afterConnectMultiple (node:net:1714:7)","timestamp":"2026-07-24T13:14:30.935Z"}
{"code":"ECONNREFUSED","level":"error","message":"Redis connection error:","service":"order-service","stack":"AggregateError [ECONNREFUSED]: \n    at internalConnectMultiple (node:net:1139:18)\n    at afterConnectMultiple (node:net:1714:7)","timestamp":"2026-07-24T13:14:32.945Z"}
{"code":"ECONNREFUSED","level":"error","message":"Redis connection error:","service":"order-service","stack":"AggregateError [ECONNREFUSED]: \n    at internalConnectMultiple (node:net:1139:18)\n    at afterConnectMultiple (node:net:1714:7)","timestamp":"2026-07-24T13:14:34.958Z"}
{"code":"ECONNREFUSED","level":"error","message":"Redis connection error:","service":"order-service","stack":"AggregateError [ECONNREFUSED]: \n    at internalConnectMultiple (node:net:1139:18)\n    at afterConnectMultiple (node:net:1714:7)","timestamp":"2026-07-24T13:14:36.970Z"}
{"code":"ECONNREFUSED","level":"error","message":"Redis connection error:","service":"order-service","stack":"AggregateError [ECONNREFUSED]: \n    at internalConnectMultiple (node:net:1139:18)\n    at afterConnectMultiple (node:net:1714:7)","timestamp":"2026-07-24T13:14:38.980Z"}
{"code":"ECONNREFUSED","level":"error","message":"Redis connection error:","service":"order-service","stack":"AggregateError [ECONNREFUSED]: \n    at internalConnectMultiple (node:net:1139:18)\n    at afterConnectMultiple (node:net:1714:7)","timestamp":"2026-07-24T13:14:40.993Z"}
{"code":"ECONNREFUSED","level":"error","message":"Redis connection error:","service":"order-service","stack":"AggregateError [ECONNREFUSED]: \n    at internalConnectMultiple (node:net:1139:18)\n    at afterConnectMultiple (node:net:1714:7)","timestamp":"2026-07-24T13:14:43.004Z"}
{"code":"ECONNREFUSED","level":"error","message":"Redis connection error:","service":"order-service","stack":"AggregateError [ECONNREFUSED]: \n    at internalConnectMultiple (node:net:1139:18)\n    at afterConnectMultiple (node:net:1714:7)","timestamp":"2026-07-24T13:14:45.005Z"}
{"code":"ECONNREFUSED","level":"error","message":"Redis connection error:","service":"order-service","stack":"AggregateError [ECONNREFUSED]: \n    at internalConnectMultiple (node:net:1139:18)\n    at afterConnectMultiple (node:net:1714:7)","timestamp":"2026-07-24T13:14:47.017Z"}
{"level":"info","message":"MongoDB Connected: cluster0-shard-00-01.ldi5y.mongodb.net","service":"order-service","timestamp":"2026-07-26T09:23:54.855Z"}
{"level":"info","message":"Order indexes created successfully","service":"order-service","timestamp":"2026-07-26T09:23:58.699Z"}
{"level":"info","message":"Redis successfully connected","service":"order-service","timestamp":"2026-07-26T09:23:58.704Z"}
{"environment":"development","level":"info","message":"Order Service started successfully","port":"3004","service":"order-service","timestamp":"2026-07-26T09:23:58.711Z"}
{"error":"statusCode.json is not a function","level":"error","message":"Order Service Error:","method":"GET","service":"order-service","stack":"TypeError: statusCode.json is not a function\n    at D:\\ecommerce-microservices-platform\\services\\order-service\\src\\app.js:72:25\n    at Layer.handleRequest (D:\\ecommerce-microservices-platform\\services\\order-service\\node_modules\\router\\lib\\layer.js:152:17)\n    at next (D:\\ecommerce-microservices-platform\\services\\order-service\\node_modules\\router\\lib\\route.js:157:13)\n    at Route.dispatch (D:\\ecommerce-microservices-platform\\services\\order-service\\node_modules\\router\\lib\\route.js:117:3)\n    at handle (D:\\ecommerce-microservices-platform\\services\\order-service\\node_modules\\router\\index.js:435:11)\n    at Layer.handleRequest (D:\\ecommerce-microservices-platform\\services\\order-service\\node_modules\\router\\lib\\layer.js:152:17)\n    at D:\\ecommerce-microservices-platform\\services\\order-service\\node_modules\\router\\index.js:295:15\n    at processParams (D:\\ecommerce-microservices-platform\\services\\order-service\\node_modules\\router\\index.js:582:12)\n    at next (D:\\ecommerce-microservices-platform\\services\\order-service\\node_modules\\router\\index.js:291:5)\n    at D:\\ecommerce-microservices-platform\\services\\order-service\\node_modules\\express-rate-limit\\dist\\index.cjs:942:7","timestamp":"2026-07-26T09:52:55.955Z","url":"/health"}
{"level":"info","message":"MongoDB Connected: cluster0-shard-00-01.ldi5y.mongodb.net","service":"order-service","timestamp":"2026-07-26T10:07:09.662Z"}
{"level":"info","message":"Order indexes created successfully","service":"order-service","timestamp":"2026-07-26T10:07:13.359Z"}
{"level":"info","message":"Redis successfully connected","service":"order-service","timestamp":"2026-07-26T10:07:13.364Z"}
{"environment":"development","level":"info","message":"Order Service started successfully","port":"3004","service":"order-service","timestamp":"2026-07-26T10:07:13.369Z"}
{"level":"info","message":"MongoDB Connected: cluster0-shard-00-01.ldi5y.mongodb.net","service":"order-service","timestamp":"2026-07-26T10:11:31.227Z"}
{"level":"info","message":"Order indexes created successfully","service":"order-service","timestamp":"2026-07-26T10:11:34.985Z"}
{"level":"info","message":"Redis successfully connected","service":"order-service","timestamp":"2026-07-26T10:11:34.990Z"}
{"environment":"development","level":"info","message":"Order Service started successfully","port":"3004","service":"order-service","timestamp":"2026-07-26T10:11:34.996Z"}
{"level":"info","message":"MongoDB Connected: cluster0-shard-00-02.ldi5y.mongodb.net","service":"order-service","timestamp":"2026-07-26T10:42:26.768Z"}
{"level":"info","message":"MongoDB Connected: cluster0-shard-00-00.ldi5y.mongodb.net","service":"order-service","timestamp":"2026-07-26T10:42:30.318Z"}
{"level":"info","message":"Order indexes created successfully","service":"order-service","timestamp":"2026-07-26T10:42:34.034Z"}
{"level":"info","message":"Redis successfully connected","service":"order-service","timestamp":"2026-07-26T10:42:34.039Z"}
{"environment":"development","level":"info","message":"Order Service started successfully","port":"3004","service":"order-service","timestamp":"2026-07-26T10:42:34.047Z"}
{"level":"info","message":"MongoDB Connected: cluster0-shard-00-02.ldi5y.mongodb.net","service":"order-service","timestamp":"2026-07-26T10:46:05.759Z"}
{"level":"info","message":"Order indexes created successfully","service":"order-service","timestamp":"2026-07-26T10:46:09.651Z"}
{"level":"info","message":"Redis successfully connected","service":"order-service","timestamp":"2026-07-26T10:46:09.656Z"}
{"environment":"development","level":"info","message":"Order Service started successfully","port":"3004","service":"order-service","timestamp":"2026-07-26T10:46:09.662Z"}
{"level":"info","message":"MongoDB Connected: cluster0-shard-00-02.ldi5y.mongodb.net","service":"order-service","timestamp":"2026-07-26T10:50:27.309Z"}
{"level":"info","message":"Order indexes created successfully","service":"order-service","timestamp":"2026-07-26T10:50:31.154Z"}
{"level":"info","message":"Redis successfully connected","service":"order-service","timestamp":"2026-07-26T10:50:31.158Z"}
{"environment":"development","level":"info","message":"Order Service started successfully","port":"3004","service":"order-service","timestamp":"2026-07-26T10:50:31.164Z"}
{"level":"info","message":"MongoDB Connected: cluster0-shard-00-01.ldi5y.mongodb.net","service":"order-service","timestamp":"2026-07-26T10:51:59.763Z"}
{"level":"info","message":"MongoDB Connected: cluster0-shard-00-00.ldi5y.mongodb.net","service":"order-service","timestamp":"2026-07-26T10:52:06.935Z"}
{"level":"info","message":"Order indexes created successfully","service":"order-service","timestamp":"2026-07-26T10:52:10.809Z"}
{"level":"info","message":"Redis successfully connected","service":"order-service","timestamp":"2026-07-26T10:52:10.814Z"}
{"environment":"development","level":"info","message":"Order Service started successfully","port":"3004","service":"order-service","timestamp":"2026-07-26T10:52:10.821Z"}
{"level":"info","message":"Redis successfully connected","service":"order-service","timestamp":"2026-07-26T10:52:54.587Z"}
{"level":"info","message":"Redis successfully connected","service":"order-service","timestamp":"2026-07-26T10:52:54.700Z"}
{"level":"info","message":"Redis successfully connected","service":"order-service","timestamp":"2026-07-26T10:52:54.864Z"}
{"code":"ECONNREFUSED","level":"error","message":"Redis connection error:","service":"order-service","stack":"AggregateError [ECONNREFUSED]: \n    at internalConnectMultiple (node:net:1139:18)\n    at afterConnectMultiple (node:net:1714:7)","timestamp":"2026-07-26T10:52:55.078Z"}
{"code":"ECONNREFUSED","level":"error","message":"Redis connection error:","service":"order-service","stack":"AggregateError [ECONNREFUSED]: \n    at internalConnectMultiple (node:net:1139:18)\n    at afterConnectMultiple (node:net:1714:7)","timestamp":"2026-07-26T10:52:55.331Z"}
{"code":"ECONNREFUSED","level":"error","message":"Redis connection error:","service":"order-service","stack":"AggregateError [ECONNREFUSED]: \n    at internalConnectMultiple (node:net:1139:18)\n    at afterConnectMultiple (node:net:1714:7)","timestamp":"2026-07-26T10:52:55.645Z"}
{"code":"ECONNREFUSED","level":"error","message":"Redis connection error:","service":"order-service","stack":"AggregateError [ECONNREFUSED]: \n    at internalConnectMultiple (node:net:1139:18)\n    at afterConnectMultiple (node:net:1714:7)","timestamp":"2026-07-26T10:52:55.998Z"}
{"code":"ECONNREFUSED","level":"error","message":"Redis connection error:","service":"order-service","stack":"AggregateError [ECONNREFUSED]: \n    at internalConnectMultiple (node:net:1139:18)\n    at afterConnectMultiple (node:net:1714:7)","timestamp":"2026-07-26T10:52:56.418Z"}
{"code":"ECONNREFUSED","level":"error","message":"Redis connection error:","service":"order-service","stack":"AggregateError [ECONNREFUSED]: \n    at internalConnectMultiple (node:net:1139:18)\n    at afterConnectMultiple (node:net:1714:7)","timestamp":"2026-07-26T10:52:56.880Z"}
{"code":"ECONNREFUSED","level":"error","message":"Redis connection error:","service":"order-service","stack":"AggregateError [ECONNREFUSED]: \n    at internalConnectMultiple (node:net:1139:18)\n    at afterConnectMultiple (node:net:1714:7)","timestamp":"2026-07-26T10:52:57.382Z"}
{"code":"ECONNREFUSED","level":"error","message":"Redis connection error:","service":"order-service","stack":"AggregateError [ECONNREFUSED]: \n    at internalConnectMultiple (node:net:1139:18)\n    at afterConnectMultiple (node:net:1714:7)","timestamp":"2026-07-26T10:52:57.944Z"}
{"code":"ECONNREFUSED","level":"error","message":"Redis connection error:","service":"order-service","stack":"AggregateError [ECONNREFUSED]: \n    at internalConnectMultiple (node:net:1139:18)\n    at afterConnectMultiple (node:net:1714:7)","timestamp":"2026-07-26T10:52:58.547Z"}
{"code":"ECONNREFUSED","level":"error","message":"Redis connection error:","service":"order-service","stack":"AggregateError [ECONNREFUSED]: \n    at internalConnectMultiple (node:net:1139:18)\n    at afterConnectMultiple (node:net:1714:7)","timestamp":"2026-07-26T10:52:59.200Z"}
{"code":"ECONNREFUSED","level":"error","message":"Redis connection error:","service":"order-service","stack":"AggregateError [ECONNREFUSED]: \n    at internalConnectMultiple (node:net:1139:18)\n    at afterConnectMultiple (node:net:1714:7)","timestamp":"2026-07-26T10:52:59.912Z"}
{"code":"ECONNREFUSED","level":"error","message":"Redis connection error:","service":"order-service","stack":"AggregateError [ECONNREFUSED]: \n    at internalConnectMultiple (node:net:1139:18)\n    at afterConnectMultiple (node:net:1714:7)","timestamp":"2026-07-26T10:53:00.664Z"}
{"code":"ECONNREFUSED","level":"error","message":"Redis connection error:","service":"order-service","stack":"AggregateError [ECONNREFUSED]: \n    at internalConnectMultiple (node:net:1139:18)\n    at afterConnectMultiple (node:net:1714:7)","timestamp":"2026-07-26T10:53:01.474Z"}
{"code":"ECONNREFUSED","level":"error","message":"Redis connection error:","service":"order-service","stack":"AggregateError [ECONNREFUSED]: \n    at internalConnectMultiple (node:net:1139:18)\n    at afterConnectMultiple (node:net:1714:7)","timestamp":"2026-07-26T10:53:02.340Z"}
{"code":"ECONNREFUSED","level":"error","message":"Redis connection error:","service":"order-service","stack":"AggregateError [ECONNREFUSED]: \n    at internalConnectMultiple (node:net:1139:18)\n    at afterConnectMultiple (node:net:1714:7)","timestamp":"2026-07-26T10:53:03.248Z"}
{"code":"ECONNREFUSED","level":"error","message":"Redis connection error:","service":"order-service","stack":"AggregateError [ECONNREFUSED]: \n    at internalConnectMultiple (node:net:1139:18)\n    at afterConnectMultiple (node:net:1714:7)","timestamp":"2026-07-26T10:53:04.216Z"}
{"code":"ECONNREFUSED","level":"error","message":"Redis connection error:","service":"order-service","stack":"AggregateError [ECONNREFUSED]: \n    at internalConnectMultiple (node:net:1139:18)\n    at afterConnectMultiple (node:net:1714:7)","timestamp":"2026-07-26T10:53:05.236Z"}
{"code":"ECONNREFUSED","level":"error","message":"Redis connection error:","service":"order-service","stack":"AggregateError [ECONNREFUSED]: \n    at internalConnectMultiple (node:net:1139:18)\n    at afterConnectMultiple (node:net:1714:7)","timestamp":"2026-07-26T10:53:06.301Z"}
{"code":"ECONNREFUSED","level":"error","message":"Redis connection error:","service":"order-service","stack":"AggregateError [ECONNREFUSED]: \n    at internalConnectMultiple (node:net:1139:18)\n    at afterConnectMultiple (node:net:1714:7)","timestamp":"2026-07-26T10:53:07.408Z"}
{"code":"ECONNREFUSED","level":"error","message":"Redis connection error:","service":"order-service","stack":"AggregateError [ECONNREFUSED]: \n    at internalConnectMultiple (node:net:1139:18)\n    at afterConnectMultiple (node:net:1714:7)","timestamp":"2026-07-26T10:53:08.563Z"}
{"level":"info","message":"MongoDB Connected: cluster0-shard-00-01.ldi5y.mongodb.net","service":"order-service","timestamp":"2026-07-26T10:53:14.555Z"}
{"level":"info","message":"Order indexes created successfully","service":"order-service","timestamp":"2026-07-26T10:53:18.315Z"}
{"code":"ECONNREFUSED","level":"error","message":"Redis connection error:","service":"order-service","stack":"AggregateError [ECONNREFUSED]: \n    at internalConnectMultiple (node:net:1139:18)\n    at afterConnectMultiple (node:net:1714:7)","timestamp":"2026-07-26T10:53:18.319Z"}
{"level":"error","message":"Redis initialization error: Connection is closed.","service":"order-service","stack":"Error: Connection is closed.\n    at EventEmitter.connectionCloseHandler (D:\\ecommerce-microservices-platform\\services\\order-service\\node_modules\\ioredis\\built\\Redis.js:208:28)\n    at Object.onceWrapper (node:events:633:26)\n    at EventEmitter.emit (node:events:518:28)\n    at process.processTicksAndRejections (node:internal/process/task_queues:85:11)","timestamp":"2026-07-26T10:53:18.320Z"}
{"environment":"development","level":"info","message":"Order Service started successfully","port":"3004","service":"order-service","timestamp":"2026-07-26T10:53:18.323Z"}
{"code":"ECONNREFUSED","level":"error","message":"Redis connection error:","service":"order-service","stack":"AggregateError [ECONNREFUSED]: \n    at internalConnectMultiple (node:net:1139:18)\n    at afterConnectMultiple (node:net:1714:7)","timestamp":"2026-07-26T10:53:18.387Z"}
{"code":"ECONNREFUSED","level":"error","message":"Redis connection error:","service":"order-service","stack":"AggregateError [ECONNREFUSED]: \n    at internalConnectMultiple (node:net:1139:18)\n    at afterConnectMultiple (node:net:1714:7)","timestamp":"2026-07-26T10:53:18.504Z"}
{"code":"ECONNREFUSED","level":"error","message":"Redis connection error:","service":"order-service","stack":"AggregateError [ECONNREFUSED]: \n    at internalConnectMultiple (node:net:1139:18)\n    at afterConnectMultiple (node:net:1714:7)","timestamp":"2026-07-26T10:53:18.662Z"}
{"code":"ECONNREFUSED","level":"error","message":"Redis connection error:","service":"order-service","stack":"AggregateError [ECONNREFUSED]: \n    at internalConnectMultiple (node:net:1139:18)\n    at afterConnectMultiple (node:net:1714:7)","timestamp":"2026-07-26T10:53:18.871Z"}
{"code":"ECONNREFUSED","level":"error","message":"Redis connection error:","service":"order-service","stack":"AggregateError [ECONNREFUSED]: \n    at internalConnectMultiple (node:net:1139:18)\n    at afterConnectMultiple (node:net:1714:7)","timestamp":"2026-07-26T10:53:19.137Z"}
{"code":"ECONNREFUSED","level":"error","message":"Redis connection error:","service":"order-service","stack":"AggregateError [ECONNREFUSED]: \n    at internalConnectMultiple (node:net:1139:18)\n    at afterConnectMultiple (node:net:1714:7)","timestamp":"2026-07-26T10:53:19.452Z"}
{"code":"ECONNREFUSED","level":"error","message":"Redis connection error:","service":"order-service","stack":"AggregateError [ECONNREFUSED]: \n    at internalConnectMultiple (node:net:1139:18)\n    at afterConnectMultiple (node:net:1714:7)","timestamp":"2026-07-26T10:53:19.819Z"}
{"level":"info","message":"Redis successfully connected","service":"order-service","timestamp":"2026-07-26T10:53:20.239Z"}
{"level":"info","message":"MongoDB Connected: cluster0-shard-00-01.ldi5y.mongodb.net","service":"order-service","timestamp":"2026-07-26T10:54:45.784Z"}
{"level":"info","message":"Order indexes created successfully","service":"order-service","timestamp":"2026-07-26T10:54:49.641Z"}
{"level":"info","message":"Redis successfully connected","service":"order-service","timestamp":"2026-07-26T10:54:49.646Z"}
{"environment":"development","level":"info","message":"Order Service started successfully","port":"3004","service":"order-service","timestamp":"2026-07-26T10:54:49.654Z"}
{"level":"info","message":"MongoDB Connected: cluster0-shard-00-02.ldi5y.mongodb.net","service":"order-service","timestamp":"2026-07-26T10:57:34.383Z"}
{"level":"info","message":"Order indexes created successfully","service":"order-service","timestamp":"2026-07-26T10:57:38.282Z"}
{"level":"info","message":"Redis successfully connected","service":"order-service","timestamp":"2026-07-26T10:57:38.287Z"}
{"environment":"development","level":"info","message":"Order Service started successfully","port":"3004","service":"order-service","timestamp":"2026-07-26T10:57:38.293Z"}
{"level":"info","message":"MongoDB Connected: cluster0-shard-00-00.ldi5y.mongodb.net","service":"order-service","timestamp":"2026-07-26T10:58:34.851Z"}
{"level":"info","message":"Order indexes created successfully","service":"order-service","timestamp":"2026-07-26T10:58:38.613Z"}
{"level":"info","message":"Redis successfully connected","service":"order-service","timestamp":"2026-07-26T10:58:38.619Z"}
{"environment":"development","level":"info","message":"Order Service started successfully","port":"3004","service":"order-service","timestamp":"2026-07-26T10:58:38.627Z"}
{"level":"info","message":"MongoDB Connected: cluster0-shard-00-00.ldi5y.mongodb.net","service":"order-service","timestamp":"2026-07-26T10:58:50.002Z"}
{"level":"info","message":"MongoDB Connected: cluster0-shard-00-01.ldi5y.mongodb.net","service":"order-service","timestamp":"2026-07-26T10:58:53.943Z"}
{"level":"info","message":"Order indexes created successfully","service":"order-service","timestamp":"2026-07-26T10:58:57.599Z"}
{"level":"info","message":"Redis successfully connected","service":"order-service","timestamp":"2026-07-26T10:58:57.604Z"}
{"environment":"development","level":"info","message":"Order Service started successfully","port":"3004","service":"order-service","timestamp":"2026-07-26T10:58:57.613Z"}
{"level":"info","message":"MongoDB Connected: cluster0-shard-00-02.ldi5y.mongodb.net","service":"order-service","timestamp":"2026-07-26T10:59:01.844Z"}
{"level":"info","message":"Order indexes created successfully","service":"order-service","timestamp":"2026-07-26T10:59:05.659Z"}
{"level":"info","message":"Redis successfully connected","service":"order-service","timestamp":"2026-07-26T10:59:05.665Z"}
{"environment":"development","level":"info","message":"Order Service started successfully","port":"3004","service":"order-service","timestamp":"2026-07-26T10:59:05.671Z"}
{"level":"info","message":"MongoDB Connected: cluster0-shard-00-01.ldi5y.mongodb.net","service":"order-service","timestamp":"2026-07-26T11:01:47.473Z"}
{"level":"info","message":"Order indexes created successfully","service":"order-service","timestamp":"2026-07-26T11:01:51.299Z"}
{"level":"info","message":"Redis successfully connected","service":"order-service","timestamp":"2026-07-26T11:01:51.304Z"}
{"environment":"development","level":"info","message":"Order Service started successfully","port":"3004","service":"order-service","timestamp":"2026-07-26T11:01:51.310Z"}
{"level":"info","message":"MongoDB Connected: cluster0-shard-00-02.ldi5y.mongodb.net","service":"order-service","timestamp":"2026-07-26T11:02:05.772Z"}
{"level":"info","message":"Order indexes created successfully","service":"order-service","timestamp":"2026-07-26T11:02:09.582Z"}
{"level":"info","message":"Redis successfully connected","service":"order-service","timestamp":"2026-07-26T11:02:09.588Z"}
{"environment":"development","level":"info","message":"Order Service started successfully","port":"3004","service":"order-service","timestamp":"2026-07-26T11:02:09.595Z"}
{"level":"info","message":"MongoDB Connected: cluster0-shard-00-02.ldi5y.mongodb.net","service":"order-service","timestamp":"2026-07-26T11:03:06.756Z"}
{"level":"info","message":"Order indexes created successfully","service":"order-service","timestamp":"2026-07-26T11:03:10.494Z"}
{"level":"info","message":"Redis connected successfully","service":"order-service","timestamp":"2026-07-26T11:03:10.499Z"}
{"environment":"development","level":"info","message":"Order Service started successfully","port":"3004","service":"order-service","timestamp":"2026-07-26T11:03:10.506Z"}
{"level":"info","message":"MongoDB Connected: cluster0-shard-00-02.ldi5y.mongodb.net","service":"order-service","timestamp":"2026-07-26T11:04:02.257Z"}
{"level":"info","message":"Order indexes created successfully","service":"order-service","timestamp":"2026-07-26T11:04:05.973Z"}
{"level":"info","message":"Redis connected successfully","service":"order-service","timestamp":"2026-07-26T11:04:05.978Z"}
{"environment":"development","level":"info","message":"Order Service started successfully","port":"3004","service":"order-service","timestamp":"2026-07-26T11:04:05.985Z"}
{"level":"info","message":"MongoDB Connected: cluster0-shard-00-00.ldi5y.mongodb.net","service":"order-service","timestamp":"2026-07-26T11:05:28.790Z"}
{"level":"info","message":"Order indexes created successfully","service":"order-service","timestamp":"2026-07-26T11:05:32.467Z"}
{"level":"info","message":"Redis connected successfully","service":"order-service","timestamp":"2026-07-26T11:05:32.471Z"}
{"environment":"development","level":"info","message":"Order Service started successfully","port":"3004","service":"order-service","timestamp":"2026-07-26T11:05:32.477Z"}
{"level":"info","message":"MongoDB Connected: cluster0-shard-00-01.ldi5y.mongodb.net","service":"order-service","timestamp":"2026-07-26T11:10:10.192Z"}
{"level":"info","message":"Order indexes created successfully","service":"order-service","timestamp":"2026-07-26T11:10:13.883Z"}
{"level":"info","message":"Redis connected successfully","service":"order-service","timestamp":"2026-07-26T11:10:13.888Z"}
{"environment":"development","level":"info","message":"Order Service started successfully","port":"3004","service":"order-service","timestamp":"2026-07-26T11:10:13.894Z"}
{"level":"info","message":"MongoDB Connected: cluster0-shard-00-01.ldi5y.mongodb.net","service":"order-service","timestamp":"2026-07-26T11:10:29.315Z"}
{"level":"info","message":"Order indexes created successfully","service":"order-service","timestamp":"2026-07-26T11:10:32.970Z"}
{"level":"info","message":"Redis connected successfully","service":"order-service","timestamp":"2026-07-26T11:10:32.975Z"}
{"environment":"development","level":"info","message":"Order Service started successfully","port":"3004","service":"order-service","timestamp":"2026-07-26T11:10:32.982Z"}
{"level":"info","message":"MongoDB Connected: cluster0-shard-00-02.ldi5y.mongodb.net","service":"order-service","timestamp":"2026-07-26T11:12:07.978Z"}
{"level":"info","message":"Order indexes created successfully","service":"order-service","timestamp":"2026-07-26T11:12:11.689Z"}
{"level":"info","message":"Redis connected successfully","service":"order-service","timestamp":"2026-07-26T11:12:11.694Z"}
{"environment":"development","level":"info","message":"Order Service started successfully","port":"3004","service":"order-service","timestamp":"2026-07-26T11:12:11.702Z"}
{"level":"info","message":"MongoDB Connected: cluster0-shard-00-00.ldi5y.mongodb.net","service":"order-service","timestamp":"2026-07-26T11:13:59.548Z"}
{"level":"info","message":"Order indexes created successfully","service":"order-service","timestamp":"2026-07-26T11:14:03.276Z"}
{"level":"info","message":"Redis connected successfully","service":"order-service","timestamp":"2026-07-26T11:14:03.282Z"}
{"environment":"development","level":"info","message":"Order Service started successfully","port":"3004","service":"order-service","timestamp":"2026-07-26T11:14:03.288Z"}
{"level":"info","message":"MongoDB Connected: cluster0-shard-00-02.ldi5y.mongodb.net","service":"order-service","timestamp":"2026-07-26T11:15:02.866Z"}
{"level":"info","message":"Order indexes created successfully","service":"order-service","timestamp":"2026-07-26T11:15:06.596Z"}
{"level":"info","message":"Redis connected successfully","service":"order-service","timestamp":"2026-07-26T11:15:06.602Z"}
{"environment":"development","level":"info","message":"Order Service started successfully","port":"3004","service":"order-service","timestamp":"2026-07-26T11:15:06.607Z"}
{"level":"info","message":"MongoDB Connected: cluster0-shard-00-02.ldi5y.mongodb.net","service":"order-service","timestamp":"2026-07-28T09:40:18.706Z"}
{"level":"info","message":"Order indexes created successfully","service":"order-service","timestamp":"2026-07-28T09:40:22.550Z"}
{"level":"info","message":"Redis connected successfully","service":"order-service","timestamp":"2026-07-28T09:40:22.556Z"}
{"environment":"development","level":"info","message":"Order Service started successfully","port":"3004","service":"order-service","timestamp":"2026-07-28T09:40:22.562Z"}
{"level":"info","message":"Redis connected successfully","service":"order-service","timestamp":"2026-07-28T12:32:27.526Z"}
{"level":"info","message":"Redis connected successfully","service":"order-service","timestamp":"2026-07-28T12:32:27.637Z"}
{"level":"info","message":"Redis connected successfully","service":"order-service","timestamp":"2026-07-28T12:32:27.805Z"}
{"level":"error","message":"Redis connection error: Reached the max retries per request limit (which is 3). Refer to \"maxRetriesPerRequest\" option for details.","service":"order-service","stack":"MaxRetriesPerRequestError: Reached the max retries per request limit (which is 3). Refer to \"maxRetriesPerRequest\" option for details.\n    at Socket.<anonymous> (D:\\ecommerce-microservices-platform\\services\\order-service\\node_modules\\ioredis\\built\\redis\\event_handler.js:207:37)\n    at Object.onceWrapper (node:events:633:26)\n    at Socket.emit (node:events:518:28)\n    at TCP.<anonymous> (node:net:351:12)","timestamp":"2026-07-28T12:32:27.808Z"}
{"level":"info","message":"Redis connected successfully","service":"order-service","timestamp":"2026-07-28T12:32:28.010Z"}
{"level":"info","message":"Redis connected successfully","service":"order-service","timestamp":"2026-07-28T12:32:28.273Z"}
{"level":"info","message":"Redis connected successfully","service":"order-service","timestamp":"2026-07-28T12:32:28.589Z"}
{"code":"ECONNREFUSED","level":"error","message":"Redis connection error:","service":"order-service","stack":"AggregateError [ECONNREFUSED]: \n    at internalConnectMultiple (node:net:1139:18)\n    at afterConnectMultiple (node:net:1714:7)","timestamp":"2026-07-28T12:32:28.948Z"}
{"level":"error","message":"Redis connection error: Reached the max retries per request limit (which is 3). Refer to \"maxRetriesPerRequest\" option for details.","service":"order-service","stack":"MaxRetriesPerRequestError: Reached the max retries per request limit (which is 3). Refer to \"maxRetriesPerRequest\" option for details.\n    at Socket.<anonymous> (D:\\ecommerce-microservices-platform\\services\\order-service\\node_modules\\ioredis\\built\\redis\\event_handler.js:207:37)\n    at Object.onceWrapper (node:events:633:26)\n    at Socket.emit (node:events:518:28)\n    at TCP.<anonymous> (node:net:351:12)","timestamp":"2026-07-28T12:32:28.949Z"}
{"code":"ECONNREFUSED","level":"error","message":"Redis connection error:","service":"order-service","stack":"AggregateError [ECONNREFUSED]: \n    at internalConnectMultiple (node:net:1139:18)\n    at afterConnectMultiple (node:net:1714:7)","timestamp":"2026-07-28T12:32:29.361Z"}
{"code":"ECONNREFUSED","level":"error","message":"Redis connection error:","service":"order-service","stack":"AggregateError [ECONNREFUSED]: \n    at internalConnectMultiple (node:net:1139:18)\n    at afterConnectMultiple (node:net:1714:7)","timestamp":"2026-07-28T12:32:29.817Z"}
{"code":"ECONNREFUSED","level":"error","message":"Redis connection error:","service":"order-service","stack":"AggregateError [ECONNREFUSED]: \n    at internalConnectMultiple (node:net:1139:18)\n    at afterConnectMultiple (node:net:1714:7)","timestamp":"2026-07-28T12:32:30.324Z"}
{"code":"ECONNREFUSED","level":"error","message":"Redis connection error:","service":"order-service","stack":"AggregateError [ECONNREFUSED]: \n    at internalConnectMultiple (node:net:1139:18)\n    at afterConnectMultiple (node:net:1714:7)","timestamp":"2026-07-28T12:32:30.877Z"}
{"code":"ECONNREFUSED","level":"error","message":"Redis connection error:","service":"order-service","stack":"AggregateError [ECONNREFUSED]: \n    at internalConnectMultiple (node:net:1139:18)\n    at afterConnectMultiple (node:net:1714:7)","timestamp":"2026-07-28T12:32:31.480Z"}
{"level":"info","message":"MongoDB Connected: cluster0-shard-00-02.ldi5y.mongodb.net","service":"order-service","timestamp":"2026-07-31T09:32:50.451Z"}
{"level":"info","message":"Order indexes created successfully","service":"order-service","timestamp":"2026-07-31T09:32:55.170Z"}
{"code":"ECONNREFUSED","level":"error","message":"Redis connection error:","service":"order-service","stack":"AggregateError [ECONNREFUSED]: \n    at internalConnectMultiple (node:net:1139:18)\n    at afterConnectMultiple (node:net:1714:7)","timestamp":"2026-07-31T09:32:55.174Z"}
{"level":"error","message":"Redis initialization error: Connection is closed.","service":"order-service","stack":"Error: Connection is closed.\n    at EventEmitter.connectionCloseHandler (D:\\ecommerce-microservices-platform\\services\\order-service\\node_modules\\ioredis\\built\\Redis.js:208:28)\n    at Object.onceWrapper (node:events:633:26)\n    at EventEmitter.emit (node:events:518:28)\n    at process.processTicksAndRejections (node:internal/process/task_queues:85:11)","timestamp":"2026-07-31T09:32:55.176Z"}
{"environment":"development","level":"info","message":"Order Service started successfully","port":"3004","service":"order-service","timestamp":"2026-07-31T09:32:55.180Z"}
{"code":"ECONNREFUSED","level":"error","message":"Redis connection error:","service":"order-service","stack":"AggregateError [ECONNREFUSED]: \n    at internalConnectMultiple (node:net:1139:18)\n    at afterConnectMultiple (node:net:1714:7)","timestamp":"2026-07-31T09:32:55.239Z"}
{"code":"ECONNREFUSED","level":"error","message":"Redis connection error:","service":"order-service","stack":"AggregateError [ECONNREFUSED]: \n    at internalConnectMultiple (node:net:1139:18)\n    at afterConnectMultiple (node:net:1714:7)","timestamp":"2026-07-31T09:32:55.348Z"}
{"code":"ECONNREFUSED","level":"error","message":"Redis connection error:","service":"order-service","stack":"AggregateError [ECONNREFUSED]: \n    at internalConnectMultiple (node:net:1139:18)\n    at afterConnectMultiple (node:net:1714:7)","timestamp":"2026-07-31T09:32:55.505Z"}
{"code":"ECONNREFUSED","level":"error","message":"Redis connection error:","service":"order-service","stack":"AggregateError [ECONNREFUSED]: \n    at internalConnectMultiple (node:net:1139:18)\n    at afterConnectMultiple (node:net:1714:7)","timestamp":"2026-07-31T09:32:55.721Z"}
{"code":"ECONNREFUSED","level":"error","message":"Redis connection error:","service":"order-service","stack":"AggregateError [ECONNREFUSED]: \n    at internalConnectMultiple (node:net:1139:18)\n    at afterConnectMultiple (node:net:1714:7)","timestamp":"2026-07-31T09:32:55.985Z"}
{"code":"ECONNREFUSED","level":"error","message":"Redis connection error:","service":"order-service","stack":"AggregateError [ECONNREFUSED]: \n    at internalConnectMultiple (node:net:1139:18)\n    at afterConnectMultiple (node:net:1714:7)","timestamp":"2026-07-31T09:32:56.301Z"}
{"code":"ECONNREFUSED","level":"error","message":"Redis connection error:","service":"order-service","stack":"AggregateError [ECONNREFUSED]: \n    at internalConnectMultiple (node:net:1139:18)\n    at afterConnectMultiple (node:net:1714:7)","timestamp":"2026-07-31T09:32:56.660Z"}
{"code":"ECONNREFUSED","level":"error","message":"Redis connection error:","service":"order-service","stack":"AggregateError [ECONNREFUSED]: \n    at internalConnectMultiple (node:net:1139:18)\n    at afterConnectMultiple (node:net:1714:7)","timestamp":"2026-07-31T09:32:57.079Z"}
{"code":"ECONNREFUSED","level":"error","message":"Redis connection error:","service":"order-service","stack":"AggregateError [ECONNREFUSED]: \n    at internalConnectMultiple (node:net:1139:18)\n    at afterConnectMultiple (node:net:1714:7)","timestamp":"2026-07-31T09:32:57.546Z"}
{"code":"ECONNREFUSED","level":"error","message":"Redis connection error:","service":"order-service","stack":"AggregateError [ECONNREFUSED]: \n    at internalConnectMultiple (node:net:1139:18)\n    at afterConnectMultiple (node:net:1714:7)","timestamp":"2026-07-31T09:32:58.063Z"}
{"code":"ECONNREFUSED","level":"error","message":"Redis connection error:","service":"order-service","stack":"AggregateError [ECONNREFUSED]: \n    at internalConnectMultiple (node:net:1139:18)\n    at afterConnectMultiple (node:net:1714:7)","timestamp":"2026-07-31T09:32:58.628Z"}
{"code":"ECONNREFUSED","level":"error","message":"Redis connection error:","service":"order-service","stack":"AggregateError [ECONNREFUSED]: \n    at internalConnectMultiple (node:net:1139:18)\n    at afterConnectMultiple (node:net:1714:7)","timestamp":"2026-07-31T09:32:59.286Z"}
{"code":"ECONNREFUSED","level":"error","message":"Redis connection error:","service":"order-service","stack":"AggregateError [ECONNREFUSED]: \n    at internalConnectMultiple (node:net:1139:18)\n    at afterConnectMultiple (node:net:1714:7)","timestamp":"2026-07-31T09:32:59.949Z"}
{"code":"ECONNREFUSED","level":"error","message":"Redis connection error:","service":"order-service","stack":"AggregateError [ECONNREFUSED]: \n    at internalConnectMultiple (node:net:1139:18)\n    at afterConnectMultiple (node:net:1714:7)","timestamp":"2026-07-31T09:33:00.658Z"}
{"code":"ECONNREFUSED","level":"error","message":"Redis connection error:","service":"order-service","stack":"AggregateError [ECONNREFUSED]: \n    at internalConnectMultiple (node:net:1139:18)\n    at afterConnectMultiple (node:net:1714:7)","timestamp":"2026-07-31T09:33:01.413Z"}
{"code":"ECONNREFUSED","level":"error","message":"Redis connection error:","service":"order-service","stack":"AggregateError [ECONNREFUSED]: \n    at internalConnectMultiple (node:net:1139:18)\n    at afterConnectMultiple (node:net:1714:7)","timestamp":"2026-07-31T09:33:02.226Z"}
{"code":"ECONNREFUSED","level":"error","message":"Redis connection error:","service":"order-service","stack":"AggregateError [ECONNREFUSED]: \n    at internalConnectMultiple (node:net:1139:18)\n    at afterConnectMultiple (node:net:1714:7)","timestamp":"2026-07-31T09:33:03.092Z"}
{"code":"ECONNREFUSED","level":"error","message":"Redis connection error:","service":"order-service","stack":"AggregateError [ECONNREFUSED]: \n    at internalConnectMultiple (node:net:1139:18)\n    at afterConnectMultiple (node:net:1714:7)","timestamp":"2026-07-31T09:33:03.993Z"}
{"code":"ECONNREFUSED","level":"error","message":"Redis connection error:","service":"order-service","stack":"AggregateError [ECONNREFUSED]: \n    at internalConnectMultiple (node:net:1139:18)\n    at afterConnectMultiple (node:net:1714:7)","timestamp":"2026-07-31T09:33:04.960Z"}
{"code":"ECONNREFUSED","level":"error","message":"Redis connection error:","service":"order-service","stack":"AggregateError [ECONNREFUSED]: \n    at internalConnectMultiple (node:net:1139:18)\n    at afterConnectMultiple (node:net:1714:7)","timestamp":"2026-07-31T09:33:05.974Z"}
{"code":"ECONNREFUSED","level":"error","message":"Redis connection error:","service":"order-service","stack":"AggregateError [ECONNREFUSED]: \n    at internalConnectMultiple (node:net:1139:18)\n    at afterConnectMultiple (node:net:1714:7)","timestamp":"2026-07-31T09:33:07.035Z"}
{"code":"ECONNREFUSED","level":"error","message":"Redis connection error:","service":"order-service","stack":"AggregateError [ECONNREFUSED]: \n    at internalConnectMultiple (node:net:1139:18)\n    at afterConnectMultiple (node:net:1714:7)","timestamp":"2026-07-31T09:33:08.145Z"}
{"level":"info","message":"Redis connected successfully","service":"order-service","timestamp":"2026-07-31T09:33:09.309Z"}
{"level":"info","message":"MongoDB Connected: cluster0-shard-00-02.ldi5y.mongodb.net","service":"order-service","timestamp":"2026-07-31T12:53:07.771Z"}
{"level":"info","message":"MongoDB Connected: cluster0-shard-00-01.ldi5y.mongodb.net","service":"order-service","timestamp":"2026-08-03T05:41:27.388Z"}
{"level":"info","message":"Order indexes created successfully","service":"order-service","timestamp":"2026-08-03T05:41:31.179Z"}
{"code":"ECONNREFUSED","level":"error","message":"Redis connection error:","service":"order-service","stack":"AggregateError [ECONNREFUSED]: \n    at internalConnectMultiple (node:net:1139:18)\n    at afterConnectMultiple (node:net:1714:7)","timestamp":"2026-08-03T05:41:31.182Z"}
{"level":"error","message":"Redis initialization error: Connection is closed.","service":"order-service","stack":"Error: Connection is closed.\n    at EventEmitter.connectionCloseHandler (D:\\ecommerce-microservices-platform\\services\\order-service\\node_modules\\ioredis\\built\\Redis.js:208:28)\n    at Object.onceWrapper (node:events:633:26)\n    at EventEmitter.emit (node:events:518:28)\n    at process.processTicksAndRejections (node:internal/process/task_queues:85:11)","timestamp":"2026-08-03T05:41:31.183Z"}
{"environment":"development","level":"info","message":"Order Service started successfully","port":"3004","service":"order-service","timestamp":"2026-08-03T05:41:31.186Z"}
{"code":"ECONNREFUSED","level":"error","message":"Redis connection error:","service":"order-service","stack":"AggregateError [ECONNREFUSED]: \n    at internalConnectMultiple (node:net:1139:18)\n    at afterConnectMultiple (node:net:1714:7)","timestamp":"2026-08-03T05:41:31.240Z"}
{"code":"ECONNREFUSED","level":"error","message":"Redis connection error:","service":"order-service","stack":"AggregateError [ECONNREFUSED]: \n    at internalConnectMultiple (node:net:1139:18)\n    at afterConnectMultiple (node:net:1714:7)","timestamp":"2026-08-03T05:41:31.349Z"}
{"code":"ECONNREFUSED","level":"error","message":"Redis connection error:","service":"order-service","stack":"AggregateError [ECONNREFUSED]: \n    at internalConnectMultiple (node:net:1139:18)\n    at afterConnectMultiple (node:net:1714:7)","timestamp":"2026-08-03T05:41:31.507Z"}
{"code":"ECONNREFUSED","level":"error","message":"Redis connection error:","service":"order-service","stack":"AggregateError [ECONNREFUSED]: \n    at internalConnectMultiple (node:net:1139:18)\n    at afterConnectMultiple (node:net:1714:7)","timestamp":"2026-08-03T05:41:31.712Z"}
{"code":"ECONNREFUSED","level":"error","message":"Redis connection error:","service":"order-service","stack":"AggregateError [ECONNREFUSED]: \n    at internalConnectMultiple (node:net:1139:18)\n    at afterConnectMultiple (node:net:1714:7)","timestamp":"2026-08-03T05:41:31.965Z"}
{"code":"ECONNREFUSED","level":"error","message":"Redis connection error:","service":"order-service","stack":"AggregateError [ECONNREFUSED]: \n    at internalConnectMultiple (node:net:1139:18)\n    at afterConnectMultiple (node:net:1714:7)","timestamp":"2026-08-03T05:41:32.282Z"}
{"code":"ECONNREFUSED","level":"error","message":"Redis connection error:","service":"order-service","stack":"AggregateError [ECONNREFUSED]: \n    at internalConnectMultiple (node:net:1139:18)\n    at afterConnectMultiple (node:net:1714:7)","timestamp":"2026-08-03T05:41:32.643Z"}
{"code":"ECONNREFUSED","level":"error","message":"Redis connection error:","service":"order-service","stack":"AggregateError [ECONNREFUSED]: \n    at internalConnectMultiple (node:net:1139:18)\n    at afterConnectMultiple (node:net:1714:7)","timestamp":"2026-08-03T05:41:33.054Z"}
{"code":"ECONNREFUSED","level":"error","message":"Redis connection error:","service":"order-service","stack":"AggregateError [ECONNREFUSED]: \n    at internalConnectMultiple (node:net:1139:18)\n    at afterConnectMultiple (node:net:1714:7)","timestamp":"2026-08-03T05:41:33.505Z"}
{"code":"ECONNREFUSED","level":"error","message":"Redis connection error:","service":"order-service","stack":"AggregateError [ECONNREFUSED]: \n    at internalConnectMultiple (node:net:1139:18)\n    at afterConnectMultiple (node:net:1714:7)","timestamp":"2026-08-03T05:41:34.019Z"}
{"code":"ECONNREFUSED","level":"error","message":"Redis connection error:","service":"order-service","stack":"AggregateError [ECONNREFUSED]: \n    at internalConnectMultiple (node:net:1139:18)\n    at afterConnectMultiple (node:net:1714:7)","timestamp":"2026-08-03T05:41:34.570Z"}
{"code":"ECONNREFUSED","level":"error","message":"Redis connection error:","service":"order-service","stack":"AggregateError [ECONNREFUSED]: \n    at internalConnectMultiple (node:net:1139:18)\n    at afterConnectMultiple (node:net:1714:7)","timestamp":"2026-08-03T05:41:35.172Z"}
{"code":"ECONNREFUSED","level":"error","message":"Redis connection error:","service":"order-service","stack":"AggregateError [ECONNREFUSED]: \n    at internalConnectMultiple (node:net:1139:18)\n    at afterConnectMultiple (node:net:1714:7)","timestamp":"2026-08-03T05:41:35.837Z"}
{"code":"ECONNREFUSED","level":"error","message":"Redis connection error:","service":"order-service","stack":"AggregateError [ECONNREFUSED]: \n    at internalConnectMultiple (node:net:1139:18)\n    at afterConnectMultiple (node:net:1714:7)","timestamp":"2026-08-03T05:41:36.555Z"}
{"code":"ECONNREFUSED","level":"error","message":"Redis connection error:","service":"order-service","stack":"AggregateError [ECONNREFUSED]: \n    at internalConnectMultiple (node:net:1139:18)\n    at afterConnectMultiple (node:net:1714:7)","timestamp":"2026-08-03T05:41:37.320Z"}
{"code":"ECONNREFUSED","level":"error","message":"Redis connection error:","service":"order-service","stack":"AggregateError [ECONNREFUSED]: \n    at internalConnectMultiple (node:net:1139:18)\n    at afterConnectMultiple (node:net:1714:7)","timestamp":"2026-08-03T05:41:38.136Z"}
{"code":"ECONNREFUSED","level":"error","message":"Redis connection error:","service":"order-service","stack":"AggregateError [ECONNREFUSED]: \n    at internalConnectMultiple (node:net:1139:18)\n    at afterConnectMultiple (node:net:1714:7)","timestamp":"2026-08-03T05:41:38.996Z"}
{"code":"ECONNREFUSED","level":"error","message":"Redis connection error:","service":"order-service","stack":"AggregateError [ECONNREFUSED]: \n    at internalConnectMultiple (node:net:1139:18)\n    at afterConnectMultiple (node:net:1714:7)","timestamp":"2026-08-03T05:41:39.906Z"}
{"code":"ECONNREFUSED","level":"error","message":"Redis connection error:","service":"order-service","stack":"AggregateError [ECONNREFUSED]: \n    at internalConnectMultiple (node:net:1139:18)\n    at afterConnectMultiple (node:net:1714:7)","timestamp":"2026-08-03T05:41:40.867Z"}
{"code":"ECONNREFUSED","level":"error","message":"Redis connection error:","service":"order-service","stack":"AggregateError [ECONNREFUSED]: \n    at internalConnectMultiple (node:net:1139:18)\n    at afterConnectMultiple (node:net:1714:7)","timestamp":"2026-08-03T05:41:41.881Z"}
{"code":"ECONNREFUSED","level":"error","message":"Redis connection error:","service":"order-service","stack":"AggregateError [ECONNREFUSED]: \n    at internalConnectMultiple (node:net:1139:18)\n    at afterConnectMultiple (node:net:1714:7)","timestamp":"2026-08-03T05:41:42.952Z"}
{"code":"ECONNREFUSED","level":"error","message":"Redis connection error:","service":"order-service","stack":"AggregateError [ECONNREFUSED]: \n    at internalConnectMultiple (node:net:1139:18)\n    at afterConnectMultiple (node:net:1714:7)","timestamp":"2026-08-03T05:41:44.072Z"}
{"code":"ECONNREFUSED","level":"error","message":"Redis connection error:","service":"order-service","stack":"AggregateError [ECONNREFUSED]: \n    at internalConnectMultiple (node:net:1139:18)\n    at afterConnectMultiple (node:net:1714:7)","timestamp":"2026-08-03T05:41:45.230Z"}
{"code":"ECONNREFUSED","level":"error","message":"Redis connection error:","service":"order-service","stack":"AggregateError [ECONNREFUSED]: \n    at internalConnectMultiple (node:net:1139:18)\n    at afterConnectMultiple (node:net:1714:7)","timestamp":"2026-08-03T05:41:46.438Z"}
{"level":"info","message":"Redis connected successfully","service":"order-service","timestamp":"2026-08-03T05:41:47.696Z"}
{"level":"info","message":"MongoDB Connected: cluster0-shard-00-01.ldi5y.mongodb.net","service":"order-service","timestamp":"2026-08-03T15:21:54.791Z"}
{"level":"info","message":"MongoDB Connected: cluster0-shard-00-01.ldi5y.mongodb.net","service":"order-service","timestamp":"2026-08-06T09:55:06.612Z"}
{"level":"info","message":"Order indexes created successfully","service":"order-service","timestamp":"2026-08-06T09:55:10.999Z"}
{"code":"ECONNREFUSED","level":"error","message":"Redis connection error:","service":"order-service","stack":"AggregateError [ECONNREFUSED]: \n    at internalConnectMultiple (node:net:1139:18)\n    at afterConnectMultiple (node:net:1714:7)","timestamp":"2026-08-06T09:55:11.002Z"}
{"level":"error","message":"Redis initialization error: Connection is closed.","service":"order-service","stack":"Error: Connection is closed.\n    at EventEmitter.connectionCloseHandler (D:\\ecommerce-microservices-platform\\services\\order-service\\node_modules\\ioredis\\built\\Redis.js:208:28)\n    at Object.onceWrapper (node:events:633:26)\n    at EventEmitter.emit (node:events:518:28)\n    at process.processTicksAndRejections (node:internal/process/task_queues:85:11)","timestamp":"2026-08-06T09:55:11.003Z"}
{"environment":"development","level":"info","message":"Order Service started successfully","port":"3004","service":"order-service","timestamp":"2026-08-06T09:55:11.006Z"}
{"code":"ECONNREFUSED","level":"error","message":"Redis connection error:","service":"order-service","stack":"AggregateError [ECONNREFUSED]: \n    at internalConnectMultiple (node:net:1139:18)\n    at afterConnectMultiple (node:net:1714:7)","timestamp":"2026-08-06T09:55:11.065Z"}
{"code":"ECONNREFUSED","level":"error","message":"Redis connection error:","service":"order-service","stack":"AggregateError [ECONNREFUSED]: \n    at internalConnectMultiple (node:net:1139:18)\n    at afterConnectMultiple (node:net:1714:7)","timestamp":"2026-08-06T09:55:11.175Z"}
{"code":"ECONNREFUSED","level":"error","message":"Redis connection error:","service":"order-service","stack":"AggregateError [ECONNREFUSED]: \n    at internalConnectMultiple (node:net:1139:18)\n    at afterConnectMultiple (node:net:1714:7)","timestamp":"2026-08-06T09:55:11.333Z"}
{"code":"ECONNREFUSED","level":"error","message":"Redis connection error:","service":"order-service","stack":"AggregateError [ECONNREFUSED]: \n    at internalConnectMultiple (node:net:1139:18)\n    at afterConnectMultiple (node:net:1714:7)","timestamp":"2026-08-06T09:55:11.538Z"}
{"code":"ECONNREFUSED","level":"error","message":"Redis connection error:","service":"order-service","stack":"AggregateError [ECONNREFUSED]: \n    at internalConnectMultiple (node:net:1139:18)\n    at afterConnectMultiple (node:net:1714:7)","timestamp":"2026-08-06T09:55:11.791Z"}
{"code":"ECONNREFUSED","level":"error","message":"Redis connection error:","service":"order-service","stack":"AggregateError [ECONNREFUSED]: \n    at internalConnectMultiple (node:net:1139:18)\n    at afterConnectMultiple (node:net:1714:7)","timestamp":"2026-08-06T09:55:12.107Z"}
{"code":"ECONNREFUSED","level":"error","message":"Redis connection error:","service":"order-service","stack":"AggregateError [ECONNREFUSED]: \n    at internalConnectMultiple (node:net:1139:18)\n    at afterConnectMultiple (node:net:1714:7)","timestamp":"2026-08-06T09:55:12.469Z"}
{"code":"ECONNREFUSED","level":"error","message":"Redis connection error:","service":"order-service","stack":"AggregateError [ECONNREFUSED]: \n    at internalConnectMultiple (node:net:1139:18)\n    at afterConnectMultiple (node:net:1714:7)","timestamp":"2026-08-06T09:55:12.881Z"}
{"code":"ECONNREFUSED","level":"error","message":"Redis connection error:","service":"order-service","stack":"AggregateError [ECONNREFUSED]: \n    at internalConnectMultiple (node:net:1139:18)\n    at afterConnectMultiple (node:net:1714:7)","timestamp":"2026-08-06T09:55:13.340Z"}
{"code":"ECONNREFUSED","level":"error","message":"Redis connection error:","service":"order-service","stack":"AggregateError [ECONNREFUSED]: \n    at internalConnectMultiple (node:net:1139:18)\n    at afterConnectMultiple (node:net:1714:7)","timestamp":"2026-08-06T09:55:13.845Z"}
{"code":"ECONNREFUSED","level":"error","message":"Redis connection error:","service":"order-service","stack":"AggregateError [ECONNREFUSED]: \n    at internalConnectMultiple (node:net:1139:18)\n    at afterConnectMultiple (node:net:1714:7)","timestamp":"2026-08-06T09:55:14.399Z"}
{"code":"ECONNREFUSED","level":"error","message":"Redis connection error:","service":"order-service","stack":"AggregateError [ECONNREFUSED]: \n    at internalConnectMultiple (node:net:1139:18)\n    at afterConnectMultiple (node:net:1714:7)","timestamp":"2026-08-06T09:55:15.000Z"}
{"code":"ECONNREFUSED","level":"error","message":"Redis connection error:","service":"order-service","stack":"AggregateError [ECONNREFUSED]: \n    at internalConnectMultiple (node:net:1139:18)\n    at afterConnectMultiple (node:net:1714:7)","timestamp":"2026-08-06T09:55:15.662Z"}
{"code":"ECONNREFUSED","level":"error","message":"Redis connection error:","service":"order-service","stack":"AggregateError [ECONNREFUSED]: \n    at internalConnectMultiple (node:net:1139:18)\n    at afterConnectMultiple (node:net:1714:7)","timestamp":"2026-08-06T09:55:16.371Z"}
{"code":"ECONNREFUSED","level":"error","message":"Redis connection error:","service":"order-service","stack":"AggregateError [ECONNREFUSED]: \n    at internalConnectMultiple (node:net:1139:18)\n    at afterConnectMultiple (node:net:1714:7)","timestamp":"2026-08-06T09:55:17.127Z"}
{"code":"ECONNREFUSED","level":"error","message":"Redis connection error:","service":"order-service","stack":"AggregateError [ECONNREFUSED]: \n    at internalConnectMultiple (node:net:1139:18)\n    at afterConnectMultiple (node:net:1714:7)","timestamp":"2026-08-06T09:55:17.933Z"}
{"code":"ECONNREFUSED","level":"error","message":"Redis connection error:","service":"order-service","stack":"AggregateError [ECONNREFUSED]: \n    at internalConnectMultiple (node:net:1139:18)\n    at afterConnectMultiple (node:net:1714:7)","timestamp":"2026-08-06T09:55:18.794Z"}
{"code":"ECONNREFUSED","level":"error","message":"Redis connection error:","service":"order-service","stack":"AggregateError [ECONNREFUSED]: \n    at internalConnectMultiple (node:net:1139:18)\n    at afterConnectMultiple (node:net:1714:7)","timestamp":"2026-08-06T09:55:19.709Z"}
{"code":"ECONNREFUSED","level":"error","message":"Redis connection error:","service":"order-service","stack":"AggregateError [ECONNREFUSED]: \n    at internalConnectMultiple (node:net:1139:18)\n    at afterConnectMultiple (node:net:1714:7)","timestamp":"2026-08-06T09:55:20.665Z"}
{"code":"ECONNREFUSED","level":"error","message":"Redis connection error:","service":"order-service","stack":"AggregateError [ECONNREFUSED]: \n    at internalConnectMultiple (node:net:1139:18)\n    at afterConnectMultiple (node:net:1714:7)","timestamp":"2026-08-06T09:55:21.668Z"}
{"code":"ECONNREFUSED","level":"error","message":"Redis connection error:","service":"order-service","stack":"AggregateError [ECONNREFUSED]: \n    at internalConnectMultiple (node:net:1139:18)\n    at afterConnectMultiple (node:net:1714:7)","timestamp":"2026-08-06T09:55:22.732Z"}
{"code":"ECONNREFUSED","level":"error","message":"Redis connection error:","service":"order-service","stack":"AggregateError [ECONNREFUSED]: \n    at internalConnectMultiple (node:net:1139:18)\n    at afterConnectMultiple (node:net:1714:7)","timestamp":"2026-08-06T09:55:23.836Z"}
{"code":"ECONNREFUSED","level":"error","message":"Redis connection error:","service":"order-service","stack":"AggregateError [ECONNREFUSED]: \n    at internalConnectMultiple (node:net:1139:18)\n    at afterConnectMultiple (node:net:1714:7)","timestamp":"2026-08-06T09:55:24.999Z"}
{"code":"ECONNREFUSED","level":"error","message":"Redis connection error:","service":"order-service","stack":"AggregateError [ECONNREFUSED]: \n    at internalConnectMultiple (node:net:1139:18)\n    at afterConnectMultiple (node:net:1714:7)","timestamp":"2026-08-06T09:55:26.219Z"}
{"code":"ECONNREFUSED","level":"error","message":"Redis connection error:","service":"order-service","stack":"AggregateError [ECONNREFUSED]: \n    at internalConnectMultiple (node:net:1139:18)\n    at afterConnectMultiple (node:net:1714:7)","timestamp":"2026-08-06T09:55:27.486Z"}
{"code":"ECONNREFUSED","level":"error","message":"Redis connection error:","service":"order-service","stack":"AggregateError [ECONNREFUSED]: \n    at internalConnectMultiple (node:net:1139:18)\n    at afterConnectMultiple (node:net:1714:7)","timestamp":"2026-08-06T09:55:28.793Z"}
{"code":"ECONNREFUSED","level":"error","message":"Redis connection error:","service":"order-service","stack":"AggregateError [ECONNREFUSED]: \n    at internalConnectMultiple (node:net:1139:18)\n    at afterConnectMultiple (node:net:1714:7)","timestamp":"2026-08-06T09:55:30.156Z"}
{"level":"info","message":"Redis connected successfully","service":"order-service","timestamp":"2026-08-06T09:55:31.561Z"}
{"level":"info","message":"MongoDB Connected: cluster0-shard-00-02.ldi5y.mongodb.net","service":"order-service","timestamp":"2026-08-06T12:48:57.418Z"}
{"level":"info","message":"MongoDB Connected: cluster0-shard-00-00.ldi5y.mongodb.net","service":"order-service","timestamp":"2026-08-10T05:12:25.552Z"}
{"level":"info","message":"Order indexes created successfully","service":"order-service","timestamp":"2026-08-10T05:12:29.363Z"}
{"code":"ECONNREFUSED","level":"error","message":"Redis connection error:","service":"order-service","stack":"AggregateError [ECONNREFUSED]: \n    at internalConnectMultiple (node:net:1139:18)\n    at afterConnectMultiple (node:net:1714:7)","timestamp":"2026-08-10T05:12:29.367Z"}
{"level":"error","message":"Redis initialization error: Connection is closed.","service":"order-service","stack":"Error: Connection is closed.\n    at EventEmitter.connectionCloseHandler (D:\\ecommerce-microservices-platform\\services\\order-service\\node_modules\\ioredis\\built\\Redis.js:208:28)\n    at Object.onceWrapper (node:events:633:26)\n    at EventEmitter.emit (node:events:518:28)\n    at process.processTicksAndRejections (node:internal/process/task_queues:85:11)","timestamp":"2026-08-10T05:12:29.368Z"}
{"environment":"development","level":"info","message":"Order Service started successfully","port":"3004","service":"order-service","timestamp":"2026-08-10T05:12:29.370Z"}
{"code":"ECONNREFUSED","level":"error","message":"Redis connection error:","service":"order-service","stack":"AggregateError [ECONNREFUSED]: \n    at internalConnectMultiple (node:net:1139:18)\n    at afterConnectMultiple (node:net:1714:7)","timestamp":"2026-08-10T05:12:29.424Z"}
{"code":"ECONNREFUSED","level":"error","message":"Redis connection error:","service":"order-service","stack":"AggregateError [ECONNREFUSED]: \n    at internalConnectMultiple (node:net:1139:18)\n    at afterConnectMultiple (node:net:1714:7)","timestamp":"2026-08-10T05:12:29.534Z"}
{"code":"ECONNREFUSED","level":"error","message":"Redis connection error:","service":"order-service","stack":"AggregateError [ECONNREFUSED]: \n    at internalConnectMultiple (node:net:1139:18)\n    at afterConnectMultiple (node:net:1714:7)","timestamp":"2026-08-10T05:12:29.692Z"}
{"code":"ECONNREFUSED","level":"error","message":"Redis connection error:","service":"order-service","stack":"AggregateError [ECONNREFUSED]: \n    at internalConnectMultiple (node:net:1139:18)\n    at afterConnectMultiple (node:net:1714:7)","timestamp":"2026-08-10T05:12:29.896Z"}
{"code":"ECONNREFUSED","level":"error","message":"Redis connection error:","service":"order-service","stack":"AggregateError [ECONNREFUSED]: \n    at internalConnectMultiple (node:net:1139:18)\n    at afterConnectMultiple (node:net:1714:7)","timestamp":"2026-08-10T05:12:30.149Z"}
{"code":"ECONNREFUSED","level":"error","message":"Redis connection error:","service":"order-service","stack":"AggregateError [ECONNREFUSED]: \n    at internalConnectMultiple (node:net:1139:18)\n    at afterConnectMultiple (node:net:1714:7)","timestamp":"2026-08-10T05:12:30.464Z"}
{"code":"ECONNREFUSED","level":"error","message":"Redis connection error:","service":"order-service","stack":"AggregateError [ECONNREFUSED]: \n    at internalConnectMultiple (node:net:1139:18)\n    at afterConnectMultiple (node:net:1714:7)","timestamp":"2026-08-10T05:12:30.826Z"}
{"code":"ECONNREFUSED","level":"error","message":"Redis connection error:","service":"order-service","stack":"AggregateError [ECONNREFUSED]: \n    at internalConnectMultiple (node:net:1139:18)\n    at afterConnectMultiple (node:net:1714:7)","timestamp":"2026-08-10T05:12:31.238Z"}
{"code":"ECONNREFUSED","level":"error","message":"Redis connection error:","service":"order-service","stack":"AggregateError [ECONNREFUSED]: \n    at internalConnectMultiple (node:net:1139:18)\n    at afterConnectMultiple (node:net:1714:7)","timestamp":"2026-08-10T05:12:31.696Z"}
{"code":"ECONNREFUSED","level":"error","message":"Redis connection error:","service":"order-service","stack":"AggregateError [ECONNREFUSED]: \n    at internalConnectMultiple (node:net:1139:18)\n    at afterConnectMultiple (node:net:1714:7)","timestamp":"2026-08-10T05:12:32.200Z"}
{"code":"ECONNREFUSED","level":"error","message":"Redis connection error:","service":"order-service","stack":"AggregateError [ECONNREFUSED]: \n    at internalConnectMultiple (node:net:1139:18)\n    at afterConnectMultiple (node:net:1714:7)","timestamp":"2026-08-10T05:12:32.753Z"}
{"code":"ECONNREFUSED","level":"error","message":"Redis connection error:","service":"order-service","stack":"AggregateError [ECONNREFUSED]: \n    at internalConnectMultiple (node:net:1139:18)\n    at afterConnectMultiple (node:net:1714:7)","timestamp":"2026-08-10T05:12:33.355Z"}
{"code":"ECONNREFUSED","level":"error","message":"Redis connection error:","service":"order-service","stack":"AggregateError [ECONNREFUSED]: \n    at internalConnectMultiple (node:net:1139:18)\n    at afterConnectMultiple (node:net:1714:7)","timestamp":"2026-08-10T05:12:34.016Z"}
{"code":"ECONNREFUSED","level":"error","message":"Redis connection error:","service":"order-service","stack":"AggregateError [ECONNREFUSED]: \n    at internalConnectMultiple (node:net:1139:18)\n    at afterConnectMultiple (node:net:1714:7)","timestamp":"2026-08-10T05:12:34.724Z"}
{"code":"ECONNREFUSED","level":"error","message":"Redis connection error:","service":"order-service","stack":"AggregateError [ECONNREFUSED]: \n    at internalConnectMultiple (node:net:1139:18)\n    at afterConnectMultiple (node:net:1714:7)","timestamp":"2026-08-10T05:12:35.486Z"}
{"code":"ECONNREFUSED","level":"error","message":"Redis connection error:","service":"order-service","stack":"AggregateError [ECONNREFUSED]: \n    at internalConnectMultiple (node:net:1139:18)\n    at afterConnectMultiple (node:net:1714:7)","timestamp":"2026-08-10T05:12:36.290Z"}
{"code":"ECONNREFUSED","level":"error","message":"Redis connection error:","service":"order-service","stack":"AggregateError [ECONNREFUSED]: \n    at internalConnectMultiple (node:net:1139:18)\n    at afterConnectMultiple (node:net:1714:7)","timestamp":"2026-08-10T05:12:37.157Z"}
{"code":"ECONNREFUSED","level":"error","message":"Redis connection error:","service":"order-service","stack":"AggregateError [ECONNREFUSED]: \n    at internalConnectMultiple (node:net:1139:18)\n    at afterConnectMultiple (node:net:1714:7)","timestamp":"2026-08-10T05:12:38.072Z"}
{"code":"ECONNREFUSED","level":"error","message":"Redis connection error:","service":"order-service","stack":"AggregateError [ECONNREFUSED]: \n    at internalConnectMultiple (node:net:1139:18)\n    at afterConnectMultiple (node:net:1714:7)","timestamp":"2026-08-10T05:12:39.033Z"}
{"code":"ECONNREFUSED","level":"error","message":"Redis connection error:","service":"order-service","stack":"AggregateError [ECONNREFUSED]: \n    at internalConnectMultiple (node:net:1139:18)\n    at afterConnectMultiple (node:net:1714:7)","timestamp":"2026-08-10T05:12:40.041Z"}
{"code":"ECONNREFUSED","level":"error","message":"Redis connection error:","service":"order-service","stack":"AggregateError [ECONNREFUSED]: \n    at internalConnectMultiple (node:net:1139:18)\n    at afterConnectMultiple (node:net:1714:7)","timestamp":"2026-08-10T05:12:41.099Z"}
{"code":"ECONNREFUSED","level":"error","message":"Redis connection error:","service":"order-service","stack":"AggregateError [ECONNREFUSED]: \n    at internalConnectMultiple (node:net:1139:18)\n    at afterConnectMultiple (node:net:1714:7)","timestamp":"2026-08-10T05:12:42.202Z"}
{"code":"ECONNREFUSED","level":"error","message":"Redis connection error:","service":"order-service","stack":"AggregateError [ECONNREFUSED]: \n    at internalConnectMultiple (node:net:1139:18)\n    at afterConnectMultiple (node:net:1714:7)","timestamp":"2026-08-10T05:12:43.358Z"}
{"code":"ECONNREFUSED","level":"error","message":"Redis connection error:","service":"order-service","stack":"AggregateError [ECONNREFUSED]: \n    at internalConnectMultiple (node:net:1139:18)\n    at afterConnectMultiple (node:net:1714:7)","timestamp":"2026-08-10T05:12:44.572Z"}
{"code":"ECONNREFUSED","level":"error","message":"Redis connection error:","service":"order-service","stack":"AggregateError [ECONNREFUSED]: \n    at internalConnectMultiple (node:net:1139:18)\n    at afterConnectMultiple (node:net:1714:7)","timestamp":"2026-08-10T05:12:45.837Z"}
{"code":"ECONNREFUSED","level":"error","message":"Redis connection error:","service":"order-service","stack":"AggregateError [ECONNREFUSED]: \n    at internalConnectMultiple (node:net:1139:18)\n    at afterConnectMultiple (node:net:1714:7)","timestamp":"2026-08-10T05:12:47.143Z"}
{"code":"ECONNREFUSED","level":"error","message":"Redis connection error:","service":"order-service","stack":"AggregateError [ECONNREFUSED]: \n    at internalConnectMultiple (node:net:1139:18)\n    at afterConnectMultiple (node:net:1714:7)","timestamp":"2026-08-10T05:12:48.506Z"}
{"code":"ECONNREFUSED","level":"error","message":"Redis connection error:","service":"order-service","stack":"AggregateError [ECONNREFUSED]: \n    at internalConnectMultiple (node:net:1139:18)\n    at afterConnectMultiple (node:net:1714:7)","timestamp":"2026-08-10T05:12:49.916Z"}
{"code":"ECONNREFUSED","level":"error","message":"Redis connection error:","service":"order-service","stack":"AggregateError [ECONNREFUSED]: \n    at internalConnectMultiple (node:net:1139:18)\n    at afterConnectMultiple (node:net:1714:7)","timestamp":"2026-08-10T05:12:51.376Z"}
{"code":"ECONNREFUSED","level":"error","message":"Redis connection error:","service":"order-service","stack":"AggregateError [ECONNREFUSED]: \n    at internalConnectMultiple (node:net:1139:18)\n    at afterConnectMultiple (node:net:1714:7)","timestamp":"2026-08-10T05:12:52.890Z"}
{"code":"ECONNREFUSED","level":"error","message":"Redis connection error:","service":"order-service","stack":"AggregateError [ECONNREFUSED]: \n    at internalConnectMultiple (node:net:1139:18)\n    at afterConnectMultiple (node:net:1714:7)","timestamp":"2026-08-10T05:12:54.441Z"}
{"code":"ECONNREFUSED","level":"error","message":"Redis connection error:","service":"order-service","stack":"AggregateError [ECONNREFUSED]: \n    at internalConnectMultiple (node:net:1139:18)\n    at afterConnectMultiple (node:net:1714:7)","timestamp":"2026-08-10T05:12:56.053Z"}
{"level":"info","message":"Redis connected successfully","service":"order-service","timestamp":"2026-08-10T05:12:57.717Z"}
{"level":"error","message":"Create order error: Cannot destructure property 'shippingAddress' of 'orderData' as it is undefined.","service":"order-service","stack":"TypeError: Cannot destructure property 'shippingAddress' of 'orderData' as it is undefined.\n    at OrderService.createOrder (D:\\ecommerce-microservices-platform\\services\\order-service\\src\\services\\orderService.js:24:9)\n    at createOrder (D:\\ecommerce-microservices-platform\\services\\order-service\\src\\controllers\\orderController.js:11:40)\n    at Layer.handleRequest (D:\\ecommerce-microservices-platform\\services\\order-service\\node_modules\\router\\lib\\layer.js:152:17)\n    at next (D:\\ecommerce-microservices-platform\\services\\order-service\\node_modules\\router\\lib\\route.js:157:13)\n    at D:\\ecommerce-microservices-platform\\services\\order-service\\src\\middleware\\validation.js:27:5\n    at Layer.handleRequest (D:\\ecommerce-microservices-platform\\services\\order-service\\node_modules\\router\\lib\\layer.js:152:17)\n    at next (D:\\ecommerce-microservices-platform\\services\\order-service\\node_modules\\router\\lib\\route.js:157:13)\n    at Route.dispatch (D:\\ecommerce-microservices-platform\\services\\order-service\\node_modules\\router\\lib\\route.js:117:3)\n    at handle (D:\\ecommerce-microservices-platform\\services\\order-service\\node_modules\\router\\index.js:435:11)\n    at Layer.handleRequest (D:\\ecommerce-microservices-platform\\services\\order-service\\node_modules\\router\\lib\\layer.js:152:17)","timestamp":"2026-08-10T10:08:17.483Z"}
{"level":"error","message":"Creat order controller error: Cannot destructure property 'shippingAddress' of 'orderData' as it is undefined.","service":"order-service","stack":"TypeError: Cannot destructure property 'shippingAddress' of 'orderData' as it is undefined.\n    at OrderService.createOrder (D:\\ecommerce-microservices-platform\\services\\order-service\\src\\services\\orderService.js:24:9)\n    at createOrder (D:\\ecommerce-microservices-platform\\services\\order-service\\src\\controllers\\orderController.js:11:40)\n    at Layer.handleRequest (D:\\ecommerce-microservices-platform\\services\\order-service\\node_modules\\router\\lib\\layer.js:152:17)\n    at next (D:\\ecommerce-microservices-platform\\services\\order-service\\node_modules\\router\\lib\\route.js:157:13)\n    at D:\\ecommerce-microservices-platform\\services\\order-service\\src\\middleware\\validation.js:27:5\n    at Layer.handleRequest (D:\\ecommerce-microservices-platform\\services\\order-service\\node_modules\\router\\lib\\layer.js:152:17)\n    at next (D:\\ecommerce-microservices-platform\\services\\order-service\\node_modules\\router\\lib\\route.js:157:13)\n    at Route.dispatch (D:\\ecommerce-microservices-platform\\services\\order-service\\node_modules\\router\\lib\\route.js:117:3)\n    at handle (D:\\ecommerce-microservices-platform\\services\\order-service\\node_modules\\router\\index.js:435:11)\n    at Layer.handleRequest (D:\\ecommerce-microservices-platform\\services\\order-service\\node_modules\\router\\lib\\layer.js:152:17)","timestamp":"2026-08-10T10:08:17.484Z"}
{"level":"error","message":"Create order error: Cannot destructure property 'shippingAddress' of 'orderData' as it is undefined.","service":"order-service","stack":"TypeError: Cannot destructure property 'shippingAddress' of 'orderData' as it is undefined.\n    at OrderService.createOrder (D:\\ecommerce-microservices-platform\\services\\order-service\\src\\services\\orderService.js:24:9)\n    at createOrder (D:\\ecommerce-microservices-platform\\services\\order-service\\src\\controllers\\orderController.js:11:40)\n    at Layer.handleRequest (D:\\ecommerce-microservices-platform\\services\\order-service\\node_modules\\router\\lib\\layer.js:152:17)\n    at next (D:\\ecommerce-microservices-platform\\services\\order-service\\node_modules\\router\\lib\\route.js:157:13)\n    at D:\\ecommerce-microservices-platform\\services\\order-service\\src\\middleware\\validation.js:27:5\n    at Layer.handleRequest (D:\\ecommerce-microservices-platform\\services\\order-service\\node_modules\\router\\lib\\layer.js:152:17)\n    at next (D:\\ecommerce-microservices-platform\\services\\order-service\\node_modules\\router\\lib\\route.js:157:13)\n    at Route.dispatch (D:\\ecommerce-microservices-platform\\services\\order-service\\node_modules\\router\\lib\\route.js:117:3)\n    at handle (D:\\ecommerce-microservices-platform\\services\\order-service\\node_modules\\router\\index.js:435:11)\n    at Layer.handleRequest (D:\\ecommerce-microservices-platform\\services\\order-service\\node_modules\\router\\lib\\layer.js:152:17)","timestamp":"2026-08-10T10:08:38.415Z"}
{"level":"error","message":"Creat order controller error: Cannot destructure property 'shippingAddress' of 'orderData' as it is undefined.","service":"order-service","stack":"TypeError: Cannot destructure property 'shippingAddress' of 'orderData' as it is undefined.\n    at OrderService.createOrder (D:\\ecommerce-microservices-platform\\services\\order-service\\src\\services\\orderService.js:24:9)\n    at createOrder (D:\\ecommerce-microservices-platform\\services\\order-service\\src\\controllers\\orderController.js:11:40)\n    at Layer.handleRequest (D:\\ecommerce-microservices-platform\\services\\order-service\\node_modules\\router\\lib\\layer.js:152:17)\n    at next (D:\\ecommerce-microservices-platform\\services\\order-service\\node_modules\\router\\lib\\route.js:157:13)\n    at D:\\ecommerce-microservices-platform\\services\\order-service\\src\\middleware\\validation.js:27:5\n    at Layer.handleRequest (D:\\ecommerce-microservices-platform\\services\\order-service\\node_modules\\router\\lib\\layer.js:152:17)\n    at next (D:\\ecommerce-microservices-platform\\services\\order-service\\node_modules\\router\\lib\\route.js:157:13)\n    at Route.dispatch (D:\\ecommerce-microservices-platform\\services\\order-service\\node_modules\\router\\lib\\route.js:117:3)\n    at handle (D:\\ecommerce-microservices-platform\\services\\order-service\\node_modules\\router\\index.js:435:11)\n    at Layer.handleRequest (D:\\ecommerce-microservices-platform\\services\\order-service\\node_modules\\router\\lib\\layer.js:152:17)","timestamp":"2026-08-10T10:08:38.415Z"}
{"level":"error","message":"Create order error: Cannot destructure property 'shippingAddress' of 'orderData' as it is undefined.","service":"order-service","stack":"TypeError: Cannot destructure property 'shippingAddress' of 'orderData' as it is undefined.\n    at OrderService.createOrder (D:\\ecommerce-microservices-platform\\services\\order-service\\src\\services\\orderService.js:24:9)\n    at createOrder (D:\\ecommerce-microservices-platform\\services\\order-service\\src\\controllers\\orderController.js:11:40)\n    at Layer.handleRequest (D:\\ecommerce-microservices-platform\\services\\order-service\\node_modules\\router\\lib\\layer.js:152:17)\n    at next (D:\\ecommerce-microservices-platform\\services\\order-service\\node_modules\\router\\lib\\route.js:157:13)\n    at D:\\ecommerce-microservices-platform\\services\\order-service\\src\\middleware\\validation.js:27:5\n    at Layer.handleRequest (D:\\ecommerce-microservices-platform\\services\\order-service\\node_modules\\router\\lib\\layer.js:152:17)\n    at next (D:\\ecommerce-microservices-platform\\services\\order-service\\node_modules\\router\\lib\\route.js:157:13)\n    at Route.dispatch (D:\\ecommerce-microservices-platform\\services\\order-service\\node_modules\\router\\lib\\route.js:117:3)\n    at handle (D:\\ecommerce-microservices-platform\\services\\order-service\\node_modules\\router\\index.js:435:11)\n    at Layer.handleRequest (D:\\ecommerce-microservices-platform\\services\\order-service\\node_modules\\router\\lib\\layer.js:152:17)","timestamp":"2026-08-10T10:10:00.599Z"}
{"level":"error","message":"Creat order controller error: Cannot destructure property 'shippingAddress' of 'orderData' as it is undefined.","service":"order-service","stack":"TypeError: Cannot destructure property 'shippingAddress' of 'orderData' as it is undefined.\n    at OrderService.createOrder (D:\\ecommerce-microservices-platform\\services\\order-service\\src\\services\\orderService.js:24:9)\n    at createOrder (D:\\ecommerce-microservices-platform\\services\\order-service\\src\\controllers\\orderController.js:11:40)\n    at Layer.handleRequest (D:\\ecommerce-microservices-platform\\services\\order-service\\node_modules\\router\\lib\\layer.js:152:17)\n    at next (D:\\ecommerce-microservices-platform\\services\\order-service\\node_modules\\router\\lib\\route.js:157:13)\n    at D:\\ecommerce-microservices-platform\\services\\order-service\\src\\middleware\\validation.js:27:5\n    at Layer.handleRequest (D:\\ecommerce-microservices-platform\\services\\order-service\\node_modules\\router\\lib\\layer.js:152:17)\n    at next (D:\\ecommerce-microservices-platform\\services\\order-service\\node_modules\\router\\lib\\route.js:157:13)\n    at Route.dispatch (D:\\ecommerce-microservices-platform\\services\\order-service\\node_modules\\router\\lib\\route.js:117:3)\n    at handle (D:\\ecommerce-microservices-platform\\services\\order-service\\node_modules\\router\\index.js:435:11)\n    at Layer.handleRequest (D:\\ecommerce-microservices-platform\\services\\order-service\\node_modules\\router\\lib\\layer.js:152:17)","timestamp":"2026-08-10T10:10:00.599Z"}
{"level":"error","message":"Create order error: Cannot destructure property 'shippingAddress' of 'orderData' as it is undefined.","service":"order-service","stack":"TypeError: Cannot destructure property 'shippingAddress' of 'orderData' as it is undefined.\n    at OrderService.createOrder (D:\\ecommerce-microservices-platform\\services\\order-service\\src\\services\\orderService.js:24:9)\n    at createOrder (D:\\ecommerce-microservices-platform\\services\\order-service\\src\\controllers\\orderController.js:11:40)\n    at Layer.handleRequest (D:\\ecommerce-microservices-platform\\services\\order-service\\node_modules\\router\\lib\\layer.js:152:17)\n    at next (D:\\ecommerce-microservices-platform\\services\\order-service\\node_modules\\router\\lib\\route.js:157:13)\n    at D:\\ecommerce-microservices-platform\\services\\order-service\\src\\middleware\\validation.js:27:5\n    at Layer.handleRequest (D:\\ecommerce-microservices-platform\\services\\order-service\\node_modules\\router\\lib\\layer.js:152:17)\n    at next (D:\\ecommerce-microservices-platform\\services\\order-service\\node_modules\\router\\lib\\route.js:157:13)\n    at Route.dispatch (D:\\ecommerce-microservices-platform\\services\\order-service\\node_modules\\router\\lib\\route.js:117:3)\n    at handle (D:\\ecommerce-microservices-platform\\services\\order-service\\node_modules\\router\\index.js:435:11)\n    at Layer.handleRequest (D:\\ecommerce-microservices-platform\\services\\order-service\\node_modules\\router\\lib\\layer.js:152:17)","timestamp":"2026-08-10T10:10:08.574Z"}
{"level":"error","message":"Creat order controller error: Cannot destructure property 'shippingAddress' of 'orderData' as it is undefined.","service":"order-service","stack":"TypeError: Cannot destructure property 'shippingAddress' of 'orderData' as it is undefined.\n    at OrderService.createOrder (D:\\ecommerce-microservices-platform\\services\\order-service\\src\\services\\orderService.js:24:9)\n    at createOrder (D:\\ecommerce-microservices-platform\\services\\order-service\\src\\controllers\\orderController.js:11:40)\n    at Layer.handleRequest (D:\\ecommerce-microservices-platform\\services\\order-service\\node_modules\\router\\lib\\layer.js:152:17)\n    at next (D:\\ecommerce-microservices-platform\\services\\order-service\\node_modules\\router\\lib\\route.js:157:13)\n    at D:\\ecommerce-microservices-platform\\services\\order-service\\src\\middleware\\validation.js:27:5\n    at Layer.handleRequest (D:\\ecommerce-microservices-platform\\services\\order-service\\node_modules\\router\\lib\\layer.js:152:17)\n    at next (D:\\ecommerce-microservices-platform\\services\\order-service\\node_modules\\router\\lib\\route.js:157:13)\n    at Route.dispatch (D:\\ecommerce-microservices-platform\\services\\order-service\\node_modules\\router\\lib\\route.js:117:3)\n    at handle (D:\\ecommerce-microservices-platform\\services\\order-service\\node_modules\\router\\index.js:435:11)\n    at Layer.handleRequest (D:\\ecommerce-microservices-platform\\services\\order-service\\node_modules\\router\\lib\\layer.js:152:17)","timestamp":"2026-08-10T10:10:08.574Z"}
{"level":"error","message":"Create order error: Cannot destructure property 'shippingAddress' of 'orderData' as it is undefined.","service":"order-service","stack":"TypeError: Cannot destructure property 'shippingAddress' of 'orderData' as it is undefined.\n    at OrderService.createOrder (D:\\ecommerce-microservices-platform\\services\\order-service\\src\\services\\orderService.js:24:9)\n    at createOrder (D:\\ecommerce-microservices-platform\\services\\order-service\\src\\controllers\\orderController.js:11:40)\n    at Layer.handleRequest (D:\\ecommerce-microservices-platform\\services\\order-service\\node_modules\\router\\lib\\layer.js:152:17)\n    at next (D:\\ecommerce-microservices-platform\\services\\order-service\\node_modules\\router\\lib\\route.js:157:13)\n    at D:\\ecommerce-microservices-platform\\services\\order-service\\src\\middleware\\validation.js:27:5\n    at Layer.handleRequest (D:\\ecommerce-microservices-platform\\services\\order-service\\node_modules\\router\\lib\\layer.js:152:17)\n    at next (D:\\ecommerce-microservices-platform\\services\\order-service\\node_modules\\router\\lib\\route.js:157:13)\n    at Route.dispatch (D:\\ecommerce-microservices-platform\\services\\order-service\\node_modules\\router\\lib\\route.js:117:3)\n    at handle (D:\\ecommerce-microservices-platform\\services\\order-service\\node_modules\\router\\index.js:435:11)\n    at Layer.handleRequest (D:\\ecommerce-microservices-platform\\services\\order-service\\node_modules\\router\\lib\\layer.js:152:17)","timestamp":"2026-08-10T10:10:26.545Z"}
{"level":"error","message":"Creat order controller error: Cannot destructure property 'shippingAddress' of 'orderData' as it is undefined.","service":"order-service","stack":"TypeError: Cannot destructure property 'shippingAddress' of 'orderData' as it is undefined.\n    at OrderService.createOrder (D:\\ecommerce-microservices-platform\\services\\order-service\\src\\services\\orderService.js:24:9)\n    at createOrder (D:\\ecommerce-microservices-platform\\services\\order-service\\src\\controllers\\orderController.js:11:40)\n    at Layer.handleRequest (D:\\ecommerce-microservices-platform\\services\\order-service\\node_modules\\router\\lib\\layer.js:152:17)\n    at next (D:\\ecommerce-microservices-platform\\services\\order-service\\node_modules\\router\\lib\\route.js:157:13)\n    at D:\\ecommerce-microservices-platform\\services\\order-service\\src\\middleware\\validation.js:27:5\n    at Layer.handleRequest (D:\\ecommerce-microservices-platform\\services\\order-service\\node_modules\\router\\lib\\layer.js:152:17)\n    at next (D:\\ecommerce-microservices-platform\\services\\order-service\\node_modules\\router\\lib\\route.js:157:13)\n    at Route.dispatch (D:\\ecommerce-microservices-platform\\services\\order-service\\node_modules\\router\\lib\\route.js:117:3)\n    at handle (D:\\ecommerce-microservices-platform\\services\\order-service\\node_modules\\router\\index.js:435:11)\n    at Layer.handleRequest (D:\\ecommerce-microservices-platform\\services\\order-service\\node_modules\\router\\lib\\layer.js:152:17)","timestamp":"2026-08-10T10:10:26.545Z"}
{"level":"error","message":"Create order error: Cannot destructure property 'shippingAddress' of 'orderData' as it is undefined.","service":"order-service","stack":"TypeError: Cannot destructure property 'shippingAddress' of 'orderData' as it is undefined.\n    at OrderService.createOrder (D:\\ecommerce-microservices-platform\\services\\order-service\\src\\services\\orderService.js:24:9)\n    at createOrder (D:\\ecommerce-microservices-platform\\services\\order-service\\src\\controllers\\orderController.js:11:40)\n    at Layer.handleRequest (D:\\ecommerce-microservices-platform\\services\\order-service\\node_modules\\router\\lib\\layer.js:152:17)\n    at next (D:\\ecommerce-microservices-platform\\services\\order-service\\node_modules\\router\\lib\\route.js:157:13)\n    at D:\\ecommerce-microservices-platform\\services\\order-service\\src\\middleware\\validation.js:27:5\n    at Layer.handleRequest (D:\\ecommerce-microservices-platform\\services\\order-service\\node_modules\\router\\lib\\layer.js:152:17)\n    at next (D:\\ecommerce-microservices-platform\\services\\order-service\\node_modules\\router\\lib\\route.js:157:13)\n    at Route.dispatch (D:\\ecommerce-microservices-platform\\services\\order-service\\node_modules\\router\\lib\\route.js:117:3)\n    at handle (D:\\ecommerce-microservices-platform\\services\\order-service\\node_modules\\router\\index.js:435:11)\n    at Layer.handleRequest (D:\\ecommerce-microservices-platform\\services\\order-service\\node_modules\\router\\lib\\layer.js:152:17)","timestamp":"2026-08-10T10:10:32.758Z"}
{"level":"error","message":"Creat order controller error: Cannot destructure property 'shippingAddress' of 'orderData' as it is undefined.","service":"order-service","stack":"TypeError: Cannot destructure property 'shippingAddress' of 'orderData' as it is undefined.\n    at OrderService.createOrder (D:\\ecommerce-microservices-platform\\services\\order-service\\src\\services\\orderService.js:24:9)\n    at createOrder (D:\\ecommerce-microservices-platform\\services\\order-service\\src\\controllers\\orderController.js:11:40)\n    at Layer.handleRequest (D:\\ecommerce-microservices-platform\\services\\order-service\\node_modules\\router\\lib\\layer.js:152:17)\n    at next (D:\\ecommerce-microservices-platform\\services\\order-service\\node_modules\\router\\lib\\route.js:157:13)\n    at D:\\ecommerce-microservices-platform\\services\\order-service\\src\\middleware\\validation.js:27:5\n    at Layer.handleRequest (D:\\ecommerce-microservices-platform\\services\\order-service\\node_modules\\router\\lib\\layer.js:152:17)\n    at next (D:\\ecommerce-microservices-platform\\services\\order-service\\node_modules\\router\\lib\\route.js:157:13)\n    at Route.dispatch (D:\\ecommerce-microservices-platform\\services\\order-service\\node_modules\\router\\lib\\route.js:117:3)\n    at handle (D:\\ecommerce-microservices-platform\\services\\order-service\\node_modules\\router\\index.js:435:11)\n    at Layer.handleRequest (D:\\ecommerce-microservices-platform\\services\\order-service\\node_modules\\router\\lib\\layer.js:152:17)","timestamp":"2026-08-10T10:10:32.759Z"}
{"level":"info","message":"MongoDB Connected: cluster0-shard-00-00.ldi5y.mongodb.net","service":"order-service","timestamp":"2026-08-10T10:14:27.260Z"}
{"level":"info","message":"Order indexes created successfully","service":"order-service","timestamp":"2026-08-10T10:14:30.924Z"}
{"level":"info","message":"Redis connected successfully","service":"order-service","timestamp":"2026-08-10T10:14:30.929Z"}
{"environment":"development","level":"info","message":"Order Service started successfully","port":"3004","service":"order-service","timestamp":"2026-08-10T10:14:30.938Z"}
{"level":"error","message":"Create order error: Cannot destructure property 'shippingAddress' of 'orderData' as it is undefined.","service":"order-service","stack":"TypeError: Cannot destructure property 'shippingAddress' of 'orderData' as it is undefined.\n    at OrderService.createOrder (D:\\ecommerce-microservices-platform\\services\\order-service\\src\\services\\orderService.js:24:9)\n    at createOrder (D:\\ecommerce-microservices-platform\\services\\order-service\\src\\controllers\\orderController.js:11:40)\n    at Layer.handleRequest (D:\\ecommerce-microservices-platform\\services\\order-service\\node_modules\\router\\lib\\layer.js:152:17)\n    at next (D:\\ecommerce-microservices-platform\\services\\order-service\\node_modules\\router\\lib\\route.js:157:13)\n    at D:\\ecommerce-microservices-platform\\services\\order-service\\src\\middleware\\validation.js:27:5\n    at Layer.handleRequest (D:\\ecommerce-microservices-platform\\services\\order-service\\node_modules\\router\\lib\\layer.js:152:17)\n    at next (D:\\ecommerce-microservices-platform\\services\\order-service\\node_modules\\router\\lib\\route.js:157:13)\n    at Route.dispatch (D:\\ecommerce-microservices-platform\\services\\order-service\\node_modules\\router\\lib\\route.js:117:3)\n    at handle (D:\\ecommerce-microservices-platform\\services\\order-service\\node_modules\\router\\index.js:435:11)\n    at Layer.handleRequest (D:\\ecommerce-microservices-platform\\services\\order-service\\node_modules\\router\\lib\\layer.js:152:17)","timestamp":"2026-08-10T10:14:39.982Z"}
{"level":"error","message":"Creat order controller error: Cannot destructure property 'shippingAddress' of 'orderData' as it is undefined.","service":"order-service","stack":"TypeError: Cannot destructure property 'shippingAddress' of 'orderData' as it is undefined.\n    at OrderService.createOrder (D:\\ecommerce-microservices-platform\\services\\order-service\\src\\services\\orderService.js:24:9)\n    at createOrder (D:\\ecommerce-microservices-platform\\services\\order-service\\src\\controllers\\orderController.js:11:40)\n    at Layer.handleRequest (D:\\ecommerce-microservices-platform\\services\\order-service\\node_modules\\router\\lib\\layer.js:152:17)\n    at next (D:\\ecommerce-microservices-platform\\services\\order-service\\node_modules\\router\\lib\\route.js:157:13)\n    at D:\\ecommerce-microservices-platform\\services\\order-service\\src\\middleware\\validation.js:27:5\n    at Layer.handleRequest (D:\\ecommerce-microservices-platform\\services\\order-service\\node_modules\\router\\lib\\layer.js:152:17)\n    at next (D:\\ecommerce-microservices-platform\\services\\order-service\\node_modules\\router\\lib\\route.js:157:13)\n    at Route.dispatch (D:\\ecommerce-microservices-platform\\services\\order-service\\node_modules\\router\\lib\\route.js:117:3)\n    at handle (D:\\ecommerce-microservices-platform\\services\\order-service\\node_modules\\router\\index.js:435:11)\n    at Layer.handleRequest (D:\\ecommerce-microservices-platform\\services\\order-service\\node_modules\\router\\lib\\layer.js:152:17)","timestamp":"2026-08-10T10:14:39.982Z"}
{"level":"error","message":"Create order error: Cannot destructure property 'shippingAddress' of 'orderData' as it is undefined.","service":"order-service","stack":"TypeError: Cannot destructure property 'shippingAddress' of 'orderData' as it is undefined.\n    at OrderService.createOrder (D:\\ecommerce-microservices-platform\\services\\order-service\\src\\services\\orderService.js:24:9)\n    at createOrder (D:\\ecommerce-microservices-platform\\services\\order-service\\src\\controllers\\orderController.js:11:40)\n    at Layer.handleRequest (D:\\ecommerce-microservices-platform\\services\\order-service\\node_modules\\router\\lib\\layer.js:152:17)\n    at next (D:\\ecommerce-microservices-platform\\services\\order-service\\node_modules\\router\\lib\\route.js:157:13)\n    at D:\\ecommerce-microservices-platform\\services\\order-service\\src\\middleware\\validation.js:27:5\n    at Layer.handleRequest (D:\\ecommerce-microservices-platform\\services\\order-service\\node_modules\\router\\lib\\layer.js:152:17)\n    at next (D:\\ecommerce-microservices-platform\\services\\order-service\\node_modules\\router\\lib\\route.js:157:13)\n    at Route.dispatch (D:\\ecommerce-microservices-platform\\services\\order-service\\node_modules\\router\\lib\\route.js:117:3)\n    at handle (D:\\ecommerce-microservices-platform\\services\\order-service\\node_modules\\router\\index.js:435:11)\n    at Layer.handleRequest (D:\\ecommerce-microservices-platform\\services\\order-service\\node_modules\\router\\lib\\layer.js:152:17)","timestamp":"2026-08-10T10:14:48.766Z"}
{"level":"error","message":"Creat order controller error: Cannot destructure property 'shippingAddress' of 'orderData' as it is undefined.","service":"order-service","stack":"TypeError: Cannot destructure property 'shippingAddress' of 'orderData' as it is undefined.\n    at OrderService.createOrder (D:\\ecommerce-microservices-platform\\services\\order-service\\src\\services\\orderService.js:24:9)\n    at createOrder (D:\\ecommerce-microservices-platform\\services\\order-service\\src\\controllers\\orderController.js:11:40)\n    at Layer.handleRequest (D:\\ecommerce-microservices-platform\\services\\order-service\\node_modules\\router\\lib\\layer.js:152:17)\n    at next (D:\\ecommerce-microservices-platform\\services\\order-service\\node_modules\\router\\lib\\route.js:157:13)\n    at D:\\ecommerce-microservices-platform\\services\\order-service\\src\\middleware\\validation.js:27:5\n    at Layer.handleRequest (D:\\ecommerce-microservices-platform\\services\\order-service\\node_modules\\router\\lib\\layer.js:152:17)\n    at next (D:\\ecommerce-microservices-platform\\services\\order-service\\node_modules\\router\\lib\\route.js:157:13)\n    at Route.dispatch (D:\\ecommerce-microservices-platform\\services\\order-service\\node_modules\\router\\lib\\route.js:117:3)\n    at handle (D:\\ecommerce-microservices-platform\\services\\order-service\\node_modules\\router\\index.js:435:11)\n    at Layer.handleRequest (D:\\ecommerce-microservices-platform\\services\\order-service\\node_modules\\router\\lib\\layer.js:152:17)","timestamp":"2026-08-10T10:14:48.766Z"}
{"level":"error","message":"Create order error: Cannot destructure property 'shippingAddress' of 'orderData' as it is undefined.","service":"order-service","stack":"TypeError: Cannot destructure property 'shippingAddress' of 'orderData' as it is undefined.\n    at OrderService.createOrder (D:\\ecommerce-microservices-platform\\services\\order-service\\src\\services\\orderService.js:24:9)\n    at createOrder (D:\\ecommerce-microservices-platform\\services\\order-service\\src\\controllers\\orderController.js:11:40)\n    at Layer.handleRequest (D:\\ecommerce-microservices-platform\\services\\order-service\\node_modules\\router\\lib\\layer.js:152:17)\n    at next (D:\\ecommerce-microservices-platform\\services\\order-service\\node_modules\\router\\lib\\route.js:157:13)\n    at D:\\ecommerce-microservices-platform\\services\\order-service\\src\\middleware\\validation.js:27:5\n    at Layer.handleRequest (D:\\ecommerce-microservices-platform\\services\\order-service\\node_modules\\router\\lib\\layer.js:152:17)\n    at next (D:\\ecommerce-microservices-platform\\services\\order-service\\node_modules\\router\\lib\\route.js:157:13)\n    at Route.dispatch (D:\\ecommerce-microservices-platform\\services\\order-service\\node_modules\\router\\lib\\route.js:117:3)\n    at handle (D:\\ecommerce-microservices-platform\\services\\order-service\\node_modules\\router\\index.js:435:11)\n    at Layer.handleRequest (D:\\ecommerce-microservices-platform\\services\\order-service\\node_modules\\router\\lib\\layer.js:152:17)","timestamp":"2026-08-10T10:15:26.388Z"}
{"level":"error","message":"Creat order controller error: Cannot destructure property 'shippingAddress' of 'orderData' as it is undefined.","service":"order-service","stack":"TypeError: Cannot destructure property 'shippingAddress' of 'orderData' as it is undefined.\n    at OrderService.createOrder (D:\\ecommerce-microservices-platform\\services\\order-service\\src\\services\\orderService.js:24:9)\n    at createOrder (D:\\ecommerce-microservices-platform\\services\\order-service\\src\\controllers\\orderController.js:11:40)\n    at Layer.handleRequest (D:\\ecommerce-microservices-platform\\services\\order-service\\node_modules\\router\\lib\\layer.js:152:17)\n    at next (D:\\ecommerce-microservices-platform\\services\\order-service\\node_modules\\router\\lib\\route.js:157:13)\n    at D:\\ecommerce-microservices-platform\\services\\order-service\\src\\middleware\\validation.js:27:5\n    at Layer.handleRequest (D:\\ecommerce-microservices-platform\\services\\order-service\\node_modules\\router\\lib\\layer.js:152:17)\n    at next (D:\\ecommerce-microservices-platform\\services\\order-service\\node_modules\\router\\lib\\route.js:157:13)\n    at Route.dispatch (D:\\ecommerce-microservices-platform\\services\\order-service\\node_modules\\router\\lib\\route.js:117:3)\n    at handle (D:\\ecommerce-microservices-platform\\services\\order-service\\node_modules\\router\\index.js:435:11)\n    at Layer.handleRequest (D:\\ecommerce-microservices-platform\\services\\order-service\\node_modules\\router\\lib\\layer.js:152:17)","timestamp":"2026-08-10T10:15:26.388Z"}
{"level":"info","message":"MongoDB Connected: cluster0-shard-00-01.ldi5y.mongodb.net","service":"order-service","timestamp":"2026-08-10T11:20:09.144Z"}
{"level":"info","message":"MongoDB Connected: cluster0-shard-00-02.ldi5y.mongodb.net","service":"order-service","timestamp":"2026-08-10T11:20:12.540Z"}
{"level":"info","message":"Order indexes created successfully","service":"order-service","timestamp":"2026-08-10T11:20:16.314Z"}
{"level":"info","message":"Redis connected successfully","service":"order-service","timestamp":"2026-08-10T11:20:16.319Z"}
{"environment":"development","level":"info","message":"Order Service started successfully","port":"3004","service":"order-service","timestamp":"2026-08-10T11:20:16.325Z"}
{"level":"info","message":"MongoDB Connected: cluster0-shard-00-00.ldi5y.mongodb.net","service":"order-service","timestamp":"2026-08-10T11:25:27.350Z"}
{"level":"info","message":"MongoDB Connected: cluster0-shard-00-02.ldi5y.mongodb.net","service":"order-service","timestamp":"2026-08-10T11:25:31.373Z"}
{"level":"info","message":"Order indexes created successfully","service":"order-service","timestamp":"2026-08-10T11:25:35.196Z"}
{"level":"info","message":"Redis connected successfully","service":"order-service","timestamp":"2026-08-10T11:25:35.201Z"}
{"environment":"development","level":"info","message":"Order Service started successfully","port":"3004","service":"order-service","timestamp":"2026-08-10T11:25:35.207Z"}
{"level":"info","message":"MongoDB Connected: cluster0-shard-00-02.ldi5y.mongodb.net","service":"order-service","timestamp":"2026-08-10T11:25:45.895Z"}
{"level":"info","message":"Order indexes created successfully","service":"order-service","timestamp":"2026-08-10T11:25:49.618Z"}
{"level":"info","message":"Redis connected successfully","service":"order-service","timestamp":"2026-08-10T11:25:49.622Z"}
{"environment":"development","level":"info","message":"Order Service started successfully","port":"3004","service":"order-service","timestamp":"2026-08-10T11:25:49.629Z"}
{"level":"info","message":"MongoDB Connected: cluster0-shard-00-02.ldi5y.mongodb.net","service":"order-service","timestamp":"2026-08-10T11:26:23.115Z"}
{"level":"info","message":"Order indexes created successfully","service":"order-service","timestamp":"2026-08-10T11:26:27.012Z"}
{"level":"info","message":"Redis connected successfully","service":"order-service","timestamp":"2026-08-10T11:26:27.017Z"}
{"environment":"development","level":"info","message":"Order Service started successfully","port":"3004","service":"order-service","timestamp":"2026-08-10T11:26:27.025Z"}
{"level":"info","message":"MongoDB Connected: cluster0-shard-00-02.ldi5y.mongodb.net","service":"order-service","timestamp":"2026-08-10T11:27:05.996Z"}
{"level":"info","message":"Order indexes created successfully","service":"order-service","timestamp":"2026-08-10T11:27:09.891Z"}
{"level":"info","message":"Redis connected successfully","service":"order-service","timestamp":"2026-08-10T11:27:09.897Z"}
{"environment":"development","level":"info","message":"Order Service started successfully","port":"3004","service":"order-service","timestamp":"2026-08-10T11:27:09.902Z"}
{"level":"error","message":"Create order error: Cannot destructure property 'shippingAddress' of 'orderData' as it is undefined.","service":"order-service","stack":"TypeError: Cannot destructure property 'shippingAddress' of 'orderData' as it is undefined.\n    at OrderService.createOrder (D:\\ecommerce-microservices-platform\\services\\order-service\\src\\services\\orderService.js:24:9)\n    at createOrder (D:\\ecommerce-microservices-platform\\services\\order-service\\src\\controllers\\orderController.js:11:40)\n    at Layer.handleRequest (D:\\ecommerce-microservices-platform\\services\\order-service\\node_modules\\router\\lib\\layer.js:152:17)\n    at next (D:\\ecommerce-microservices-platform\\services\\order-service\\node_modules\\router\\lib\\route.js:157:13)\n    at D:\\ecommerce-microservices-platform\\services\\order-service\\src\\middleware\\validation.js:27:5\n    at Layer.handleRequest (D:\\ecommerce-microservices-platform\\services\\order-service\\node_modules\\router\\lib\\layer.js:152:17)\n    at next (D:\\ecommerce-microservices-platform\\services\\order-service\\node_modules\\router\\lib\\route.js:157:13)\n    at Route.dispatch (D:\\ecommerce-microservices-platform\\services\\order-service\\node_modules\\router\\lib\\route.js:117:3)\n    at handle (D:\\ecommerce-microservices-platform\\services\\order-service\\node_modules\\router\\index.js:435:11)\n    at Layer.handleRequest (D:\\ecommerce-microservices-platform\\services\\order-service\\node_modules\\router\\lib\\layer.js:152:17)","timestamp":"2026-08-10T11:27:43.046Z"}
{"level":"error","message":"Creat order controller error: Cannot destructure property 'shippingAddress' of 'orderData' as it is undefined.","service":"order-service","stack":"TypeError: Cannot destructure property 'shippingAddress' of 'orderData' as it is undefined.\n    at OrderService.createOrder (D:\\ecommerce-microservices-platform\\services\\order-service\\src\\services\\orderService.js:24:9)\n    at createOrder (D:\\ecommerce-microservices-platform\\services\\order-service\\src\\controllers\\orderController.js:11:40)\n    at Layer.handleRequest (D:\\ecommerce-microservices-platform\\services\\order-service\\node_modules\\router\\lib\\layer.js:152:17)\n    at next (D:\\ecommerce-microservices-platform\\services\\order-service\\node_modules\\router\\lib\\route.js:157:13)\n    at D:\\ecommerce-microservices-platform\\services\\order-service\\src\\middleware\\validation.js:27:5\n    at Layer.handleRequest (D:\\ecommerce-microservices-platform\\services\\order-service\\node_modules\\router\\lib\\layer.js:152:17)\n    at next (D:\\ecommerce-microservices-platform\\services\\order-service\\node_modules\\router\\lib\\route.js:157:13)\n    at Route.dispatch (D:\\ecommerce-microservices-platform\\services\\order-service\\node_modules\\router\\lib\\route.js:117:3)\n    at handle (D:\\ecommerce-microservices-platform\\services\\order-service\\node_modules\\router\\index.js:435:11)\n    at Layer.handleRequest (D:\\ecommerce-microservices-platform\\services\\order-service\\node_modules\\router\\lib\\layer.js:152:17)","timestamp":"2026-08-10T11:27:43.046Z"}
{"level":"error","message":"Create order error: Cannot destructure property 'shippingAddress' of 'orderData' as it is undefined.","service":"order-service","stack":"TypeError: Cannot destructure property 'shippingAddress' of 'orderData' as it is undefined.\n    at OrderService.createOrder (D:\\ecommerce-microservices-platform\\services\\order-service\\src\\services\\orderService.js:24:9)\n    at createOrder (D:\\ecommerce-microservices-platform\\services\\order-service\\src\\controllers\\orderController.js:11:40)\n    at Layer.handleRequest (D:\\ecommerce-microservices-platform\\services\\order-service\\node_modules\\router\\lib\\layer.js:152:17)\n    at next (D:\\ecommerce-microservices-platform\\services\\order-service\\node_modules\\router\\lib\\route.js:157:13)\n    at D:\\ecommerce-microservices-platform\\services\\order-service\\src\\middleware\\validation.js:27:5\n    at Layer.handleRequest (D:\\ecommerce-microservices-platform\\services\\order-service\\node_modules\\router\\lib\\layer.js:152:17)\n    at next (D:\\ecommerce-microservices-platform\\services\\order-service\\node_modules\\router\\lib\\route.js:157:13)\n    at Route.dispatch (D:\\ecommerce-microservices-platform\\services\\order-service\\node_modules\\router\\lib\\route.js:117:3)\n    at handle (D:\\ecommerce-microservices-platform\\services\\order-service\\node_modules\\router\\index.js:435:11)\n    at Layer.handleRequest (D:\\ecommerce-microservices-platform\\services\\order-service\\node_modules\\router\\lib\\layer.js:152:17)","timestamp":"2026-08-10T11:27:46.096Z"}
{"level":"error","message":"Creat order controller error: Cannot destructure property 'shippingAddress' of 'orderData' as it is undefined.","service":"order-service","stack":"TypeError: Cannot destructure property 'shippingAddress' of 'orderData' as it is undefined.\n    at OrderService.createOrder (D:\\ecommerce-microservices-platform\\services\\order-service\\src\\services\\orderService.js:24:9)\n    at createOrder (D:\\ecommerce-microservices-platform\\services\\order-service\\src\\controllers\\orderController.js:11:40)\n    at Layer.handleRequest (D:\\ecommerce-microservices-platform\\services\\order-service\\node_modules\\router\\lib\\layer.js:152:17)\n    at next (D:\\ecommerce-microservices-platform\\services\\order-service\\node_modules\\router\\lib\\route.js:157:13)\n    at D:\\ecommerce-microservices-platform\\services\\order-service\\src\\middleware\\validation.js:27:5\n    at Layer.handleRequest (D:\\ecommerce-microservices-platform\\services\\order-service\\node_modules\\router\\lib\\layer.js:152:17)\n    at next (D:\\ecommerce-microservices-platform\\services\\order-service\\node_modules\\router\\lib\\route.js:157:13)\n    at Route.dispatch (D:\\ecommerce-microservices-platform\\services\\order-service\\node_modules\\router\\lib\\route.js:117:3)\n    at handle (D:\\ecommerce-microservices-platform\\services\\order-service\\node_modules\\router\\index.js:435:11)\n    at Layer.handleRequest (D:\\ecommerce-microservices-platform\\services\\order-service\\node_modules\\router\\lib\\layer.js:152:17)","timestamp":"2026-08-10T11:27:46.097Z"}
{"level":"info","message":"MongoDB Connected: cluster0-shard-00-00.ldi5y.mongodb.net","service":"order-service","timestamp":"2026-08-10T11:29:03.640Z"}
{"level":"info","message":"Order indexes created successfully","service":"order-service","timestamp":"2026-08-10T11:29:07.318Z"}
{"level":"info","message":"Redis connected successfully","service":"order-service","timestamp":"2026-08-10T11:29:07.323Z"}
{"environment":"development","level":"info","message":"Order Service started successfully","port":"3004","service":"order-service","timestamp":"2026-08-10T11:29:07.329Z"}
{"level":"error","message":"Create order error: Cannot destructure property 'shippingAddress' of 'orderData' as it is undefined.","service":"order-service","stack":"TypeError: Cannot destructure property 'shippingAddress' of 'orderData' as it is undefined.\n    at OrderService.createOrder (D:\\ecommerce-microservices-platform\\services\\order-service\\src\\services\\orderService.js:24:9)\n    at createOrder (D:\\ecommerce-microservices-platform\\services\\order-service\\src\\controllers\\orderController.js:11:40)\n    at Layer.handleRequest (D:\\ecommerce-microservices-platform\\services\\order-service\\node_modules\\router\\lib\\layer.js:152:17)\n    at next (D:\\ecommerce-microservices-platform\\services\\order-service\\node_modules\\router\\lib\\route.js:157:13)\n    at D:\\ecommerce-microservices-platform\\services\\order-service\\src\\middleware\\validation.js:27:5\n    at Layer.handleRequest (D:\\ecommerce-microservices-platform\\services\\order-service\\node_modules\\router\\lib\\layer.js:152:17)\n    at next (D:\\ecommerce-microservices-platform\\services\\order-service\\node_modules\\router\\lib\\route.js:157:13)\n    at Route.dispatch (D:\\ecommerce-microservices-platform\\services\\order-service\\node_modules\\router\\lib\\route.js:117:3)\n    at handle (D:\\ecommerce-microservices-platform\\services\\order-service\\node_modules\\router\\index.js:435:11)\n    at Layer.handleRequest (D:\\ecommerce-microservices-platform\\services\\order-service\\node_modules\\router\\lib\\layer.js:152:17)","timestamp":"2026-08-10T11:29:15.190Z"}
{"level":"error","message":"Creat order controller error: Cannot destructure property 'shippingAddress' of 'orderData' as it is undefined.","service":"order-service","stack":"TypeError: Cannot destructure property 'shippingAddress' of 'orderData' as it is undefined.\n    at OrderService.createOrder (D:\\ecommerce-microservices-platform\\services\\order-service\\src\\services\\orderService.js:24:9)\n    at createOrder (D:\\ecommerce-microservices-platform\\services\\order-service\\src\\controllers\\orderController.js:11:40)\n    at Layer.handleRequest (D:\\ecommerce-microservices-platform\\services\\order-service\\node_modules\\router\\lib\\layer.js:152:17)\n    at next (D:\\ecommerce-microservices-platform\\services\\order-service\\node_modules\\router\\lib\\route.js:157:13)\n    at D:\\ecommerce-microservices-platform\\services\\order-service\\src\\middleware\\validation.js:27:5\n    at Layer.handleRequest (D:\\ecommerce-microservices-platform\\services\\order-service\\node_modules\\router\\lib\\layer.js:152:17)\n    at next (D:\\ecommerce-microservices-platform\\services\\order-service\\node_modules\\router\\lib\\route.js:157:13)\n    at Route.dispatch (D:\\ecommerce-microservices-platform\\services\\order-service\\node_modules\\router\\lib\\route.js:117:3)\n    at handle (D:\\ecommerce-microservices-platform\\services\\order-service\\node_modules\\router\\index.js:435:11)\n    at Layer.handleRequest (D:\\ecommerce-microservices-platform\\services\\order-service\\node_modules\\router\\lib\\layer.js:152:17)","timestamp":"2026-08-10T11:29:15.191Z"}
{"level":"info","message":"MongoDB Connected: cluster0-shard-00-00.ldi5y.mongodb.net","service":"order-service","timestamp":"2026-08-10T11:30:36.999Z"}
{"level":"info","message":"Order indexes created successfully","service":"order-service","timestamp":"2026-08-10T11:30:40.665Z"}
{"level":"info","message":"Redis connected successfully","service":"order-service","timestamp":"2026-08-10T11:30:40.669Z"}
{"environment":"development","level":"info","message":"Order Service started successfully","port":"3004","service":"order-service","timestamp":"2026-08-10T11:30:40.678Z"}
{"level":"error","message":"Create order error: Cannot destructure property 'shippingAddress' of 'orderData' as it is undefined.","service":"order-service","stack":"TypeError: Cannot destructure property 'shippingAddress' of 'orderData' as it is undefined.\n    at OrderService.createOrder (D:\\ecommerce-microservices-platform\\services\\order-service\\src\\services\\orderService.js:24:9)\n    at createOrder (D:\\ecommerce-microservices-platform\\services\\order-service\\src\\controllers\\orderController.js:11:40)\n    at Layer.handleRequest (D:\\ecommerce-microservices-platform\\services\\order-service\\node_modules\\router\\lib\\layer.js:152:17)\n    at next (D:\\ecommerce-microservices-platform\\services\\order-service\\node_modules\\router\\lib\\route.js:157:13)\n    at D:\\ecommerce-microservices-platform\\services\\order-service\\src\\middleware\\validation.js:29:5\n    at Layer.handleRequest (D:\\ecommerce-microservices-platform\\services\\order-service\\node_modules\\router\\lib\\layer.js:152:17)\n    at next (D:\\ecommerce-microservices-platform\\services\\order-service\\node_modules\\router\\lib\\route.js:157:13)\n    at Route.dispatch (D:\\ecommerce-microservices-platform\\services\\order-service\\node_modules\\router\\lib\\route.js:117:3)\n    at handle (D:\\ecommerce-microservices-platform\\services\\order-service\\node_modules\\router\\index.js:435:11)\n    at Layer.handleRequest (D:\\ecommerce-microservices-platform\\services\\order-service\\node_modules\\router\\lib\\layer.js:152:17)","timestamp":"2026-08-10T11:30:40.953Z"}
{"level":"error","message":"Creat order controller error: Cannot destructure property 'shippingAddress' of 'orderData' as it is undefined.","service":"order-service","stack":"TypeError: Cannot destructure property 'shippingAddress' of 'orderData' as it is undefined.\n    at OrderService.createOrder (D:\\ecommerce-microservices-platform\\services\\order-service\\src\\services\\orderService.js:24:9)\n    at createOrder (D:\\ecommerce-microservices-platform\\services\\order-service\\src\\controllers\\orderController.js:11:40)\n    at Layer.handleRequest (D:\\ecommerce-microservices-platform\\services\\order-service\\node_modules\\router\\lib\\layer.js:152:17)\n    at next (D:\\ecommerce-microservices-platform\\services\\order-service\\node_modules\\router\\lib\\route.js:157:13)\n    at D:\\ecommerce-microservices-platform\\services\\order-service\\src\\middleware\\validation.js:29:5\n    at Layer.handleRequest (D:\\ecommerce-microservices-platform\\services\\order-service\\node_modules\\router\\lib\\layer.js:152:17)\n    at next (D:\\ecommerce-microservices-platform\\services\\order-service\\node_modules\\router\\lib\\route.js:157:13)\n    at Route.dispatch (D:\\ecommerce-microservices-platform\\services\\order-service\\node_modules\\router\\lib\\route.js:117:3)\n    at handle (D:\\ecommerce-microservices-platform\\services\\order-service\\node_modules\\router\\index.js:435:11)\n    at Layer.handleRequest (D:\\ecommerce-microservices-platform\\services\\order-service\\node_modules\\router\\lib\\layer.js:152:17)","timestamp":"2026-08-10T11:30:40.953Z"}
{"level":"info","message":"MongoDB Connected: cluster0-shard-00-01.ldi5y.mongodb.net","service":"order-service","timestamp":"2026-08-10T15:15:48.297Z"}
{"level":"info","message":"MongoDB Connected: cluster0-shard-00-02.ldi5y.mongodb.net","service":"order-service","timestamp":"2026-08-11T10:26:18.190Z"}
{"level":"info","message":"Order indexes created successfully","service":"order-service","timestamp":"2026-08-11T10:26:22.064Z"}
{"code":"ECONNREFUSED","level":"error","message":"Redis connection error:","service":"order-service","stack":"AggregateError [ECONNREFUSED]: \n    at internalConnectMultiple (node:net:1139:18)\n    at afterConnectMultiple (node:net:1714:7)","timestamp":"2026-08-11T10:26:22.068Z"}
{"level":"error","message":"Redis initialization error: Connection is closed.","service":"order-service","stack":"Error: Connection is closed.\n    at EventEmitter.connectionCloseHandler (D:\\ecommerce-microservices-platform\\services\\order-service\\node_modules\\ioredis\\built\\Redis.js:208:28)\n    at Object.onceWrapper (node:events:633:26)\n    at EventEmitter.emit (node:events:518:28)\n    at process.processTicksAndRejections (node:internal/process/task_queues:85:11)","timestamp":"2026-08-11T10:26:22.069Z"}
{"environment":"development","level":"info","message":"Order Service started successfully","port":"3004","service":"order-service","timestamp":"2026-08-11T10:26:22.072Z"}
{"code":"ECONNREFUSED","level":"error","message":"Redis connection error:","service":"order-service","stack":"AggregateError [ECONNREFUSED]: \n    at internalConnectMultiple (node:net:1139:18)\n    at afterConnectMultiple (node:net:1714:7)","timestamp":"2026-08-11T10:26:22.121Z"}
{"code":"ECONNREFUSED","level":"error","message":"Redis connection error:","service":"order-service","stack":"AggregateError [ECONNREFUSED]: \n    at internalConnectMultiple (node:net:1139:18)\n    at afterConnectMultiple (node:net:1714:7)","timestamp":"2026-08-11T10:26:22.231Z"}
{"code":"ECONNREFUSED","level":"error","message":"Redis connection error:","service":"order-service","stack":"AggregateError [ECONNREFUSED]: \n    at internalConnectMultiple (node:net:1139:18)\n    at afterConnectMultiple (node:net:1714:7)","timestamp":"2026-08-11T10:26:22.389Z"}
{"code":"ECONNREFUSED","level":"error","message":"Redis connection error:","service":"order-service","stack":"AggregateError [ECONNREFUSED]: \n    at internalConnectMultiple (node:net:1139:18)\n    at afterConnectMultiple (node:net:1714:7)","timestamp":"2026-08-11T10:26:22.596Z"}
{"code":"ECONNREFUSED","level":"error","message":"Redis connection error:","service":"order-service","stack":"AggregateError [ECONNREFUSED]: \n    at internalConnectMultiple (node:net:1139:18)\n    at afterConnectMultiple (node:net:1714:7)","timestamp":"2026-08-11T10:26:22.849Z"}
{"code":"ECONNREFUSED","level":"error","message":"Redis connection error:","service":"order-service","stack":"AggregateError [ECONNREFUSED]: \n    at internalConnectMultiple (node:net:1139:18)\n    at afterConnectMultiple (node:net:1714:7)","timestamp":"2026-08-11T10:26:23.165Z"}
{"code":"ECONNREFUSED","level":"error","message":"Redis connection error:","service":"order-service","stack":"AggregateError [ECONNREFUSED]: \n    at internalConnectMultiple (node:net:1139:18)\n    at afterConnectMultiple (node:net:1714:7)","timestamp":"2026-08-11T10:26:23.527Z"}
{"code":"ECONNREFUSED","level":"error","message":"Redis connection error:","service":"order-service","stack":"AggregateError [ECONNREFUSED]: \n    at internalConnectMultiple (node:net:1139:18)\n    at afterConnectMultiple (node:net:1714:7)","timestamp":"2026-08-11T10:26:23.939Z"}
{"code":"ECONNREFUSED","level":"error","message":"Redis connection error:","service":"order-service","stack":"AggregateError [ECONNREFUSED]: \n    at internalConnectMultiple (node:net:1139:18)\n    at afterConnectMultiple (node:net:1714:7)","timestamp":"2026-08-11T10:26:24.395Z"}
{"code":"ECONNREFUSED","level":"error","message":"Redis connection error:","service":"order-service","stack":"AggregateError [ECONNREFUSED]: \n    at internalConnectMultiple (node:net:1139:18)\n    at afterConnectMultiple (node:net:1714:7)","timestamp":"2026-08-11T10:26:24.899Z"}
{"code":"ECONNREFUSED","level":"error","message":"Redis connection error:","service":"order-service","stack":"AggregateError [ECONNREFUSED]: \n    at internalConnectMultiple (node:net:1139:18)\n    at afterConnectMultiple (node:net:1714:7)","timestamp":"2026-08-11T10:26:25.458Z"}
{"code":"ECONNREFUSED","level":"error","message":"Redis connection error:","service":"order-service","stack":"AggregateError [ECONNREFUSED]: \n    at internalConnectMultiple (node:net:1139:18)\n    at afterConnectMultiple (node:net:1714:7)","timestamp":"2026-08-11T10:26:26.072Z"}
{"code":"ECONNREFUSED","level":"error","message":"Redis connection error:","service":"order-service","stack":"AggregateError [ECONNREFUSED]: \n    at internalConnectMultiple (node:net:1139:18)\n    at afterConnectMultiple (node:net:1714:7)","timestamp":"2026-08-11T10:26:26.734Z"}
{"code":"ECONNREFUSED","level":"error","message":"Redis connection error:","service":"order-service","stack":"AggregateError [ECONNREFUSED]: \n    at internalConnectMultiple (node:net:1139:18)\n    at afterConnectMultiple (node:net:1714:7)","timestamp":"2026-08-11T10:26:27.446Z"}
{"code":"ECONNREFUSED","level":"error","message":"Redis connection error:","service":"order-service","stack":"AggregateError [ECONNREFUSED]: \n    at internalConnectMultiple (node:net:1139:18)\n    at afterConnectMultiple (node:net:1714:7)","timestamp":"2026-08-11T10:26:28.203Z"}
{"code":"ECONNREFUSED","level":"error","message":"Redis connection error:","service":"order-service","stack":"AggregateError [ECONNREFUSED]: \n    at internalConnectMultiple (node:net:1139:18)\n    at afterConnectMultiple (node:net:1714:7)","timestamp":"2026-08-11T10:26:29.006Z"}
{"code":"ECONNREFUSED","level":"error","message":"Redis connection error:","service":"order-service","stack":"AggregateError [ECONNREFUSED]: \n    at internalConnectMultiple (node:net:1139:18)\n    at afterConnectMultiple (node:net:1714:7)","timestamp":"2026-08-11T10:26:29.860Z"}
{"code":"ECONNREFUSED","level":"error","message":"Redis connection error:","service":"order-service","stack":"AggregateError [ECONNREFUSED]: \n    at internalConnectMultiple (node:net:1139:18)\n    at afterConnectMultiple (node:net:1714:7)","timestamp":"2026-08-11T10:26:30.776Z"}
{"code":"ECONNREFUSED","level":"error","message":"Redis connection error:","service":"order-service","stack":"AggregateError [ECONNREFUSED]: \n    at internalConnectMultiple (node:net:1139:18)\n    at afterConnectMultiple (node:net:1714:7)","timestamp":"2026-08-11T10:26:31.738Z"}
{"code":"ECONNREFUSED","level":"error","message":"Redis connection error:","service":"order-service","stack":"AggregateError [ECONNREFUSED]: \n    at internalConnectMultiple (node:net:1139:18)\n    at afterConnectMultiple (node:net:1714:7)","timestamp":"2026-08-11T10:26:32.747Z"}
{"code":"ECONNREFUSED","level":"error","message":"Redis connection error:","service":"order-service","stack":"AggregateError [ECONNREFUSED]: \n    at internalConnectMultiple (node:net:1139:18)\n    at afterConnectMultiple (node:net:1714:7)","timestamp":"2026-08-11T10:26:33.804Z"}
{"code":"ECONNREFUSED","level":"error","message":"Redis connection error:","service":"order-service","stack":"AggregateError [ECONNREFUSED]: \n    at internalConnectMultiple (node:net:1139:18)\n    at afterConnectMultiple (node:net:1714:7)","timestamp":"2026-08-11T10:26:34.908Z"}
{"code":"ECONNREFUSED","level":"error","message":"Redis connection error:","service":"order-service","stack":"AggregateError [ECONNREFUSED]: \n    at internalConnectMultiple (node:net:1139:18)\n    at afterConnectMultiple (node:net:1714:7)","timestamp":"2026-08-11T10:26:36.074Z"}
{"code":"ECONNREFUSED","level":"error","message":"Redis connection error:","service":"order-service","stack":"AggregateError [ECONNREFUSED]: \n    at internalConnectMultiple (node:net:1139:18)\n    at afterConnectMultiple (node:net:1714:7)","timestamp":"2026-08-11T10:26:37.279Z"}
{"code":"ECONNREFUSED","level":"error","message":"Redis connection error:","service":"order-service","stack":"AggregateError [ECONNREFUSED]: \n    at internalConnectMultiple (node:net:1139:18)\n    at afterConnectMultiple (node:net:1714:7)","timestamp":"2026-08-11T10:26:38.543Z"}
{"code":"ECONNREFUSED","level":"error","message":"Redis connection error:","service":"order-service","stack":"AggregateError [ECONNREFUSED]: \n    at internalConnectMultiple (node:net:1139:18)\n    at afterConnectMultiple (node:net:1714:7)","timestamp":"2026-08-11T10:26:39.853Z"}
{"code":"ECONNREFUSED","level":"error","message":"Redis connection error:","service":"order-service","stack":"AggregateError [ECONNREFUSED]: \n    at internalConnectMultiple (node:net:1139:18)\n    at afterConnectMultiple (node:net:1714:7)","timestamp":"2026-08-11T10:26:41.207Z"}
{"code":"ECONNREFUSED","level":"error","message":"Redis connection error:","service":"order-service","stack":"AggregateError [ECONNREFUSED]: \n    at internalConnectMultiple (node:net:1139:18)\n    at afterConnectMultiple (node:net:1714:7)","timestamp":"2026-08-11T10:26:42.611Z"}
{"code":"ECONNREFUSED","level":"error","message":"Redis connection error:","service":"order-service","stack":"AggregateError [ECONNREFUSED]: \n    at internalConnectMultiple (node:net:1139:18)\n    at afterConnectMultiple (node:net:1714:7)","timestamp":"2026-08-11T10:26:44.073Z"}
{"code":"ECONNREFUSED","level":"error","message":"Redis connection error:","service":"order-service","stack":"AggregateError [ECONNREFUSED]: \n    at internalConnectMultiple (node:net:1139:18)\n    at afterConnectMultiple (node:net:1714:7)","timestamp":"2026-08-11T10:26:45.582Z"}
{"code":"ECONNREFUSED","level":"error","message":"Redis connection error:","service":"order-service","stack":"AggregateError [ECONNREFUSED]: \n    at internalConnectMultiple (node:net:1139:18)\n    at afterConnectMultiple (node:net:1714:7)","timestamp":"2026-08-11T10:26:47.141Z"}
{"code":"ECONNREFUSED","level":"error","message":"Redis connection error:","service":"order-service","stack":"AggregateError [ECONNREFUSED]: \n    at internalConnectMultiple (node:net:1139:18)\n    at afterConnectMultiple (node:net:1714:7)","timestamp":"2026-08-11T10:26:48.757Z"}
{"code":"ECONNREFUSED","level":"error","message":"Redis connection error:","service":"order-service","stack":"AggregateError [ECONNREFUSED]: \n    at internalConnectMultiple (node:net:1139:18)\n    at afterConnectMultiple (node:net:1714:7)","timestamp":"2026-08-11T10:26:50.418Z"}
{"code":"ECONNREFUSED","level":"error","message":"Redis connection error:","service":"order-service","stack":"AggregateError [ECONNREFUSED]: \n    at internalConnectMultiple (node:net:1139:18)\n    at afterConnectMultiple (node:net:1714:7)","timestamp":"2026-08-11T10:26:52.125Z"}
{"code":"ECONNREFUSED","level":"error","message":"Redis connection error:","service":"order-service","stack":"AggregateError [ECONNREFUSED]: \n    at internalConnectMultiple (node:net:1139:18)\n    at afterConnectMultiple (node:net:1714:7)","timestamp":"2026-08-11T10:26:53.890Z"}
{"level":"info","message":"Redis connected successfully","service":"order-service","timestamp":"2026-08-11T10:26:55.698Z"}
{"level":"info","message":"MongoDB Connected: cluster0-shard-00-00.ldi5y.mongodb.net","service":"order-service","timestamp":"2026-08-11T10:37:56.930Z"}
{"level":"info","message":"Order indexes created successfully","service":"order-service","timestamp":"2026-08-11T10:38:00.807Z"}
{"level":"info","message":"Redis connected successfully","service":"order-service","timestamp":"2026-08-11T10:38:00.814Z"}
{"environment":"development","level":"info","message":"Order Service started successfully","port":"3004","service":"order-service","timestamp":"2026-08-11T10:38:00.822Z"}
{"level":"error","message":"Create order error: Cannot destructure property 'shippingAddress' of 'orderData' as it is undefined.","service":"order-service","stack":"TypeError: Cannot destructure property 'shippingAddress' of 'orderData' as it is undefined.\n    at OrderService.createOrder (D:\\ecommerce-microservices-platform\\services\\order-service\\src\\services\\orderService.js:24:9)\n    at createOrder (D:\\ecommerce-microservices-platform\\services\\order-service\\src\\controllers\\orderController.js:11:40)\n    at Layer.handleRequest (D:\\ecommerce-microservices-platform\\services\\order-service\\node_modules\\router\\lib\\layer.js:152:17)\n    at next (D:\\ecommerce-microservices-platform\\services\\order-service\\node_modules\\router\\lib\\route.js:157:13)\n    at D:\\ecommerce-microservices-platform\\services\\order-service\\src\\middleware\\validation.js:27:5\n    at Layer.handleRequest (D:\\ecommerce-microservices-platform\\services\\order-service\\node_modules\\router\\lib\\layer.js:152:17)\n    at next (D:\\ecommerce-microservices-platform\\services\\order-service\\node_modules\\router\\lib\\route.js:157:13)\n    at Route.dispatch (D:\\ecommerce-microservices-platform\\services\\order-service\\node_modules\\router\\lib\\route.js:117:3)\n    at handle (D:\\ecommerce-microservices-platform\\services\\order-service\\node_modules\\router\\index.js:435:11)\n    at Layer.handleRequest (D:\\ecommerce-microservices-platform\\services\\order-service\\node_modules\\router\\lib\\layer.js:152:17)","timestamp":"2026-08-11T11:06:04.094Z"}
{"level":"error","message":"Creat order controller error: Cannot destructure property 'shippingAddress' of 'orderData' as it is undefined.","service":"order-service","stack":"TypeError: Cannot destructure property 'shippingAddress' of 'orderData' as it is undefined.\n    at OrderService.createOrder (D:\\ecommerce-microservices-platform\\services\\order-service\\src\\services\\orderService.js:24:9)\n    at createOrder (D:\\ecommerce-microservices-platform\\services\\order-service\\src\\controllers\\orderController.js:11:40)\n    at Layer.handleRequest (D:\\ecommerce-microservices-platform\\services\\order-service\\node_modules\\router\\lib\\layer.js:152:17)\n    at next (D:\\ecommerce-microservices-platform\\services\\order-service\\node_modules\\router\\lib\\route.js:157:13)\n    at D:\\ecommerce-microservices-platform\\services\\order-service\\src\\middleware\\validation.js:27:5\n    at Layer.handleRequest (D:\\ecommerce-microservices-platform\\services\\order-service\\node_modules\\router\\lib\\layer.js:152:17)\n    at next (D:\\ecommerce-microservices-platform\\services\\order-service\\node_modules\\router\\lib\\route.js:157:13)\n    at Route.dispatch (D:\\ecommerce-microservices-platform\\services\\order-service\\node_modules\\router\\lib\\route.js:117:3)\n    at handle (D:\\ecommerce-microservices-platform\\services\\order-service\\node_modules\\router\\index.js:435:11)\n    at Layer.handleRequest (D:\\ecommerce-microservices-platform\\services\\order-service\\node_modules\\router\\lib\\layer.js:152:17)","timestamp":"2026-08-11T11:06:04.095Z"}
{"level":"info","message":"MongoDB Connected: cluster0-shard-00-00.ldi5y.mongodb.net","service":"order-service","timestamp":"2026-08-11T11:08:52.835Z"}
{"level":"info","message":"MongoDB Connected: cluster0-shard-00-02.ldi5y.mongodb.net","service":"order-service","timestamp":"2026-08-11T11:08:58.239Z"}
{"level":"info","message":"Order indexes created successfully","service":"order-service","timestamp":"2026-08-11T11:09:02.123Z"}
{"level":"info","message":"Redis connected successfully","service":"order-service","timestamp":"2026-08-11T11:09:02.129Z"}
{"environment":"development","level":"info","message":"Order Service started successfully","port":"3004","service":"order-service","timestamp":"2026-08-11T11:09:02.135Z"}
{"level":"error","message":"Cart client error:","service":"order-service","timestamp":"2026-08-11T11:09:07.260Z"}
{"level":"error","message":"Create order error: Failed to fetch cart","service":"order-service","stack":"Error: Failed to fetch cart\n    at cartClient.getCart (D:\\ecommerce-microservices-platform\\services\\order-service\\src\\services\\cartClient.js:37:13)\n    at process.processTicksAndRejections (node:internal/process/task_queues:105:5)\n    at async OrderService.createOrder (D:\\ecommerce-microservices-platform\\services\\order-service\\src\\services\\orderService.js:32:20)\n    at async createOrder (D:\\ecommerce-microservices-platform\\services\\order-service\\src\\controllers\\orderController.js:11:21)","timestamp":"2026-08-11T11:09:07.261Z"}
{"level":"error","message":"Creat order controller error: Failed to fetch cart","service":"order-service","stack":"Error: Failed to fetch cart\n    at cartClient.getCart (D:\\ecommerce-microservices-platform\\services\\order-service\\src\\services\\cartClient.js:37:13)\n    at process.processTicksAndRejections (node:internal/process/task_queues:105:5)\n    at async OrderService.createOrder (D:\\ecommerce-microservices-platform\\services\\order-service\\src\\services\\orderService.js:32:20)\n    at async createOrder (D:\\ecommerce-microservices-platform\\services\\order-service\\src\\controllers\\orderController.js:11:21)","timestamp":"2026-08-11T11:09:07.261Z"}
{"level":"info","message":"MongoDB Connected: cluster0-shard-00-01.ldi5y.mongodb.net","service":"order-service","timestamp":"2026-08-11T11:11:39.530Z"}
{"level":"info","message":"Order indexes created successfully","service":"order-service","timestamp":"2026-08-11T11:11:43.406Z"}
{"level":"info","message":"Redis connected successfully","service":"order-service","timestamp":"2026-08-11T11:11:43.410Z"}
{"environment":"development","level":"info","message":"Order Service started successfully","port":"3004","service":"order-service","timestamp":"2026-08-11T11:11:43.416Z"}
{"level":"info","message":"MongoDB Connected: cluster0-shard-00-02.ldi5y.mongodb.net","service":"order-service","timestamp":"2026-08-11T11:13:49.679Z"}
{"level":"info","message":"Order indexes created successfully","service":"order-service","timestamp":"2026-08-11T11:13:53.529Z"}
{"level":"info","message":"Redis connected successfully","service":"order-service","timestamp":"2026-08-11T11:13:53.534Z"}
{"environment":"development","level":"info","message":"Order Service started successfully","port":"3004","service":"order-service","timestamp":"2026-08-11T11:13:53.541Z"}
{"level":"info","message":"MongoDB Connected: cluster0-shard-00-00.ldi5y.mongodb.net","service":"order-service","timestamp":"2026-08-11T11:14:39.103Z"}
{"level":"info","message":"Order indexes created successfully","service":"order-service","timestamp":"2026-08-11T11:14:42.977Z"}
{"level":"info","message":"Redis connected successfully","service":"order-service","timestamp":"2026-08-11T11:14:42.983Z"}
{"environment":"development","level":"info","message":"Order Service started successfully","port":"3004","service":"order-service","timestamp":"2026-08-11T11:14:42.989Z"}
{"level":"info","message":"MongoDB Connected: cluster0-shard-00-02.ldi5y.mongodb.net","service":"order-service","timestamp":"2026-08-11T11:15:09.815Z"}
{"level":"info","message":"Order indexes created successfully","service":"order-service","timestamp":"2026-08-11T11:15:13.580Z"}
{"level":"info","message":"Redis connected successfully","service":"order-service","timestamp":"2026-08-11T11:15:13.585Z"}
{"environment":"development","level":"info","message":"Order Service started successfully","port":"3004","service":"order-service","timestamp":"2026-08-11T11:15:13.590Z"}
{"level":"error","message":"Reserve inventory error: logger is not defined","service":"order-service","stack":"ReferenceError: logger is not defined\n    at ProductClient.reserveStock (D:\\ecommerce-microservices-platform\\services\\order-service\\src\\services\\productClient.js:34:7)\n    at InventoryService.reserveInventory (D:\\ecommerce-microservices-platform\\services\\order-service\\src\\services\\inventoryService.js:20:46)\n    at OrderService.createOrder (D:\\ecommerce-microservices-platform\\services\\order-service\\src\\services\\orderService.js:85:32)\n    at process.processTicksAndRejections (node:internal/process/task_queues:105:5)\n    at async createOrder (D:\\ecommerce-microservices-platform\\services\\order-service\\src\\controllers\\orderController.js:11:21)","timestamp":"2026-08-11T11:15:17.966Z"}
{"level":"error","message":"Inventory reservation failed: logger is not defined","service":"order-service","stack":"ReferenceError: logger is not defined\n    at ProductClient.reserveStock (D:\\ecommerce-microservices-platform\\services\\order-service\\src\\services\\productClient.js:34:7)\n    at InventoryService.reserveInventory (D:\\ecommerce-microservices-platform\\services\\order-service\\src\\services\\inventoryService.js:20:46)\n    at OrderService.createOrder (D:\\ecommerce-microservices-platform\\services\\order-service\\src\\services\\orderService.js:85:32)\n    at process.processTicksAndRejections (node:internal/process/task_queues:105:5)\n    at async createOrder (D:\\ecommerce-microservices-platform\\services\\order-service\\src\\controllers\\orderController.js:11:21)","timestamp":"2026-08-11T11:15:17.966Z"}
{"level":"error","message":"Create order error: Some items are out of stock","service":"order-service","stack":"Error: Some items are out of stock\n    at OrderService.createOrder (D:\\ecommerce-microservices-platform\\services\\order-service\\src\\services\\orderService.js:91:15)\n    at process.processTicksAndRejections (node:internal/process/task_queues:105:5)\n    at async createOrder (D:\\ecommerce-microservices-platform\\services\\order-service\\src\\controllers\\orderController.js:11:21)","timestamp":"2026-08-11T11:15:17.966Z"}
{"level":"error","message":"Creat order controller error: Some items are out of stock","service":"order-service","stack":"Error: Some items are out of stock\n    at OrderService.createOrder (D:\\ecommerce-microservices-platform\\services\\order-service\\src\\services\\orderService.js:91:15)\n    at process.processTicksAndRejections (node:internal/process/task_queues:105:5)\n    at async createOrder (D:\\ecommerce-microservices-platform\\services\\order-service\\src\\controllers\\orderController.js:11:21)","timestamp":"2026-08-11T11:15:17.967Z"}
{"level":"info","message":"MongoDB Connected: cluster0-shard-00-01.ldi5y.mongodb.net","service":"order-service","timestamp":"2026-08-11T11:21:29.334Z"}
{"level":"info","message":"MongoDB Connected: cluster0-shard-00-00.ldi5y.mongodb.net","service":"order-service","timestamp":"2026-08-11T11:21:32.711Z"}
{"level":"info","message":"MongoDB Connected: cluster0-shard-00-00.ldi5y.mongodb.net","service":"order-service","timestamp":"2026-08-11T11:21:40.472Z"}
{"level":"info","message":"Order indexes created successfully","service":"order-service","timestamp":"2026-08-11T11:21:44.209Z"}
{"level":"info","message":"Redis connected successfully","service":"order-service","timestamp":"2026-08-11T11:21:44.214Z"}
{"environment":"development","level":"info","message":"Order Service started successfully","port":"3004","service":"order-service","timestamp":"2026-08-11T11:21:44.220Z"}
{"level":"info","message":"MongoDB Connected: cluster0-shard-00-00.ldi5y.mongodb.net","service":"order-service","timestamp":"2026-08-11T12:55:22.804Z"}
{"level":"info","message":"MongoDB Connected: cluster0-shard-00-00.ldi5y.mongodb.net","service":"order-service","timestamp":"2026-08-17T11:18:40.347Z"}
{"level":"info","message":"Order indexes created successfully","service":"order-service","timestamp":"2026-08-17T11:18:44.157Z"}
{"code":"ECONNREFUSED","level":"error","message":"Redis connection error:","service":"order-service","stack":"AggregateError [ECONNREFUSED]: \n    at internalConnectMultiple (node:net:1139:18)\n    at afterConnectMultiple (node:net:1714:7)","timestamp":"2026-08-17T11:18:44.161Z"}
{"level":"error","message":"Redis initialization error: Connection is closed.","service":"order-service","stack":"Error: Connection is closed.\n    at EventEmitter.connectionCloseHandler (D:\\ecommerce-microservices-platform\\services\\order-service\\node_modules\\ioredis\\built\\Redis.js:208:28)\n    at Object.onceWrapper (node:events:633:26)\n    at EventEmitter.emit (node:events:518:28)\n    at process.processTicksAndRejections (node:internal/process/task_queues:85:11)","timestamp":"2026-08-17T11:18:44.162Z"}
{"environment":"development","level":"info","message":"Order Service started successfully","port":"3004","service":"order-service","timestamp":"2026-08-17T11:18:44.164Z"}
{"code":"ECONNREFUSED","level":"error","message":"Redis connection error:","service":"order-service","stack":"AggregateError [ECONNREFUSED]: \n    at internalConnectMultiple (node:net:1139:18)\n    at afterConnectMultiple (node:net:1714:7)","timestamp":"2026-08-17T11:18:44.228Z"}
{"code":"ECONNREFUSED","level":"error","message":"Redis connection error:","service":"order-service","stack":"AggregateError [ECONNREFUSED]: \n    at internalConnectMultiple (node:net:1139:18)\n    at afterConnectMultiple (node:net:1714:7)","timestamp":"2026-08-17T11:18:44.337Z"}
{"code":"ECONNREFUSED","level":"error","message":"Redis connection error:","service":"order-service","stack":"AggregateError [ECONNREFUSED]: \n    at internalConnectMultiple (node:net:1139:18)\n    at afterConnectMultiple (node:net:1714:7)","timestamp":"2026-08-17T11:18:44.495Z"}
{"code":"ECONNREFUSED","level":"error","message":"Redis connection error:","service":"order-service","stack":"AggregateError [ECONNREFUSED]: \n    at internalConnectMultiple (node:net:1139:18)\n    at afterConnectMultiple (node:net:1714:7)","timestamp":"2026-08-17T11:18:44.700Z"}
{"code":"ECONNREFUSED","level":"error","message":"Redis connection error:","service":"order-service","stack":"AggregateError [ECONNREFUSED]: \n    at internalConnectMultiple (node:net:1139:18)\n    at afterConnectMultiple (node:net:1714:7)","timestamp":"2026-08-17T11:18:44.953Z"}
{"code":"ECONNREFUSED","level":"error","message":"Redis connection error:","service":"order-service","stack":"AggregateError [ECONNREFUSED]: \n    at internalConnectMultiple (node:net:1139:18)\n    at afterConnectMultiple (node:net:1714:7)","timestamp":"2026-08-17T11:18:45.270Z"}
{"code":"ECONNREFUSED","level":"error","message":"Redis connection error:","service":"order-service","stack":"AggregateError [ECONNREFUSED]: \n    at internalConnectMultiple (node:net:1139:18)\n    at afterConnectMultiple (node:net:1714:7)","timestamp":"2026-08-17T11:18:45.634Z"}
{"code":"ECONNREFUSED","level":"error","message":"Redis connection error:","service":"order-service","stack":"AggregateError [ECONNREFUSED]: \n    at internalConnectMultiple (node:net:1139:18)\n    at afterConnectMultiple (node:net:1714:7)","timestamp":"2026-08-17T11:18:46.045Z"}
{"code":"ECONNREFUSED","level":"error","message":"Redis connection error:","service":"order-service","stack":"AggregateError [ECONNREFUSED]: \n    at internalConnectMultiple (node:net:1139:18)\n    at afterConnectMultiple (node:net:1714:7)","timestamp":"2026-08-17T11:18:46.503Z"}
{"code":"ECONNREFUSED","level":"error","message":"Redis connection error:","service":"order-service","stack":"AggregateError [ECONNREFUSED]: \n    at internalConnectMultiple (node:net:1139:18)\n    at afterConnectMultiple (node:net:1714:7)","timestamp":"2026-08-17T11:18:47.009Z"}
{"code":"ECONNREFUSED","level":"error","message":"Redis connection error:","service":"order-service","stack":"AggregateError [ECONNREFUSED]: \n    at internalConnectMultiple (node:net:1139:18)\n    at afterConnectMultiple (node:net:1714:7)","timestamp":"2026-08-17T11:18:47.565Z"}
{"code":"ECONNREFUSED","level":"error","message":"Redis connection error:","service":"order-service","stack":"AggregateError [ECONNREFUSED]: \n    at internalConnectMultiple (node:net:1139:18)\n    at afterConnectMultiple (node:net:1714:7)","timestamp":"2026-08-17T11:18:48.182Z"}
{"code":"ECONNREFUSED","level":"error","message":"Redis connection error:","service":"order-service","stack":"AggregateError [ECONNREFUSED]: \n    at internalConnectMultiple (node:net:1139:18)\n    at afterConnectMultiple (node:net:1714:7)","timestamp":"2026-08-17T11:18:48.846Z"}
{"code":"ECONNREFUSED","level":"error","message":"Redis connection error:","service":"order-service","stack":"AggregateError [ECONNREFUSED]: \n    at internalConnectMultiple (node:net:1139:18)\n    at afterConnectMultiple (node:net:1714:7)","timestamp":"2026-08-17T11:18:49.563Z"}
{"code":"ECONNREFUSED","level":"error","message":"Redis connection error:","service":"order-service","stack":"AggregateError [ECONNREFUSED]: \n    at internalConnectMultiple (node:net:1139:18)\n    at afterConnectMultiple (node:net:1714:7)","timestamp":"2026-08-17T11:18:50.329Z"}
{"code":"ECONNREFUSED","level":"error","message":"Redis connection error:","service":"order-service","stack":"AggregateError [ECONNREFUSED]: \n    at internalConnectMultiple (node:net:1139:18)\n    at afterConnectMultiple (node:net:1714:7)","timestamp":"2026-08-17T11:18:51.145Z"}
{"code":"ECONNREFUSED","level":"error","message":"Redis connection error:","service":"order-service","stack":"AggregateError [ECONNREFUSED]: \n    at internalConnectMultiple (node:net:1139:18)\n    at afterConnectMultiple (node:net:1714:7)","timestamp":"2026-08-17T11:18:51.999Z"}
{"code":"ECONNREFUSED","level":"error","message":"Redis connection error:","service":"order-service","stack":"AggregateError [ECONNREFUSED]: \n    at internalConnectMultiple (node:net:1139:18)\n    at afterConnectMultiple (node:net:1714:7)","timestamp":"2026-08-17T11:18:52.916Z"}
{"code":"ECONNREFUSED","level":"error","message":"Redis connection error:","service":"order-service","stack":"AggregateError [ECONNREFUSED]: \n    at internalConnectMultiple (node:net:1139:18)\n    at afterConnectMultiple (node:net:1714:7)","timestamp":"2026-08-17T11:18:53.872Z"}
{"code":"ECONNREFUSED","level":"error","message":"Redis connection error:","service":"order-service","stack":"AggregateError [ECONNREFUSED]: \n    at internalConnectMultiple (node:net:1139:18)\n    at afterConnectMultiple (node:net:1714:7)","timestamp":"2026-08-17T11:18:54.880Z"}
{"code":"ECONNREFUSED","level":"error","message":"Redis connection error:","service":"order-service","stack":"AggregateError [ECONNREFUSED]: \n    at internalConnectMultiple (node:net:1139:18)\n    at afterConnectMultiple (node:net:1714:7)","timestamp":"2026-08-17T11:18:55.947Z"}
{"code":"ECONNREFUSED","level":"error","message":"Redis connection error:","service":"order-service","stack":"AggregateError [ECONNREFUSED]: \n    at internalConnectMultiple (node:net:1139:18)\n    at afterConnectMultiple (node:net:1714:7)","timestamp":"2026-08-17T11:18:57.055Z"}
{"code":"ECONNREFUSED","level":"error","message":"Redis connection error:","service":"order-service","stack":"AggregateError [ECONNREFUSED]: \n    at internalConnectMultiple (node:net:1139:18)\n    at afterConnectMultiple (node:net:1714:7)","timestamp":"2026-08-17T11:18:58.214Z"}
{"code":"ECONNREFUSED","level":"error","message":"Redis connection error:","service":"order-service","stack":"AggregateError [ECONNREFUSED]: \n    at internalConnectMultiple (node:net:1139:18)\n    at afterConnectMultiple (node:net:1714:7)","timestamp":"2026-08-17T11:18:59.427Z"}
{"code":"ECONNREFUSED","level":"error","message":"Redis connection error:","service":"order-service","stack":"AggregateError [ECONNREFUSED]: \n    at internalConnectMultiple (node:net:1139:18)\n    at afterConnectMultiple (node:net:1714:7)","timestamp":"2026-08-17T11:19:00.685Z"}
{"level":"info","message":"Redis connected successfully","service":"order-service","timestamp":"2026-08-17T11:19:01.999Z"}
{"level":"info","message":"Stock reserved:","productId":"693167e58f25ae6a8a6469f0","quantity":1,"service":"order-service","timestamp":"2026-08-17T11:19:58.151Z"}
{"items":[{"productId":"693167e58f25ae6a8a6469f0","quantity":1}],"level":"info","message":"Inventory reserved:","orderId":"6a82ee5d1176eabba0c2717e","service":"order-service","timestamp":"2026-08-17T11:19:58.152Z"}
{"_message":"Order validation failed","errors":{"pricing.subtotal":{"kind":"required","message":"Path `pricing.subtotal` is required.","name":"ValidatorError","path":"pricing.subtotal","properties":{"message":"Path `pricing.subtotal` is required.","path":"pricing.subtotal","type":"required"}},"shippingAddress.fullName":{"kind":"required","message":"Path `fullName` is required.","name":"ValidatorError","path":"fullName","properties":{"message":"Path `fullName` is required.","path":"fullName","type":"required"}},"shippingAddress.street":{"kind":"required","message":"Path `street` is required.","name":"ValidatorError","path":"street","properties":{"message":"Path `street` is required.","path":"street","type":"required"}}},"level":"error","message":"Create order error: Order validation failed: pricing.subtotal: Path `pricing.subtotal` is required., shippingAddress.street: Path `street` is required., shippingAddress.fullName: Path `fullName` is required.","service":"order-service","stack":"ValidationError: Order validation failed: pricing.subtotal: Path `pricing.subtotal` is required., shippingAddress.street: Path `street` is required., shippingAddress.fullName: Path `fullName` is required.\n    at Document.invalidate (D:\\ecommerce-microservices-platform\\services\\order-service\\node_modules\\mongoose\\lib\\document.js:3385:32)\n    at validatePath (D:\\ecommerce-microservices-platform\\services\\order-service\\node_modules\\mongoose\\lib\\document.js:3160:13)\n    at process.processTicksAndRejections (node:internal/process/task_queues:105:5)\n    at async Promise.all (index 5)\n    at async model.$__validate (D:\\ecommerce-microservices-platform\\services\\order-service\\node_modules\\mongoose\\lib\\document.js:3101:3)\n    at async model.validate (D:\\ecommerce-microservices-platform\\services\\order-service\\node_modules\\mongoose\\lib\\document.js:2672:5)\n    at async model.validateBeforeSave (D:\\ecommerce-microservices-platform\\services\\order-service\\node_modules\\mongoose\\lib\\plugins\\validateBeforeSave.js:34:7)\n    at async Kareem.execPre (D:\\ecommerce-microservices-platform\\services\\order-service\\node_modules\\kareem\\index.js:65:24)\n    at async model.$__save (D:\\ecommerce-microservices-platform\\services\\order-service\\node_modules\\mongoose\\lib\\model.js:369:5)\n    at async model.save (D:\\ecommerce-microservices-platform\\services\\order-service\\node_modules\\mongoose\\lib\\model.js:609:5)","timestamp":"2026-08-17T11:19:58.157Z"}
{"_message":"Order validation failed","errors":{"pricing.subtotal":{"kind":"required","message":"Path `pricing.subtotal` is required.","name":"ValidatorError","path":"pricing.subtotal","properties":{"message":"Path `pricing.subtotal` is required.","path":"pricing.subtotal","type":"required"}},"shippingAddress.fullName":{"kind":"required","message":"Path `fullName` is required.","name":"ValidatorError","path":"fullName","properties":{"message":"Path `fullName` is required.","path":"fullName","type":"required"}},"shippingAddress.street":{"kind":"required","message":"Path `street` is required.","name":"ValidatorError","path":"street","properties":{"message":"Path `street` is required.","path":"street","type":"required"}}},"level":"error","message":"Creat order controller error: Order validation failed: pricing.subtotal: Path `pricing.subtotal` is required., shippingAddress.street: Path `street` is required., shippingAddress.fullName: Path `fullName` is required.","service":"order-service","stack":"ValidationError: Order validation failed: pricing.subtotal: Path `pricing.subtotal` is required., shippingAddress.street: Path `street` is required., shippingAddress.fullName: Path `fullName` is required.\n    at Document.invalidate (D:\\ecommerce-microservices-platform\\services\\order-service\\node_modules\\mongoose\\lib\\document.js:3385:32)\n    at validatePath (D:\\ecommerce-microservices-platform\\services\\order-service\\node_modules\\mongoose\\lib\\document.js:3160:13)\n    at process.processTicksAndRejections (node:internal/process/task_queues:105:5)\n    at async Promise.all (index 5)\n    at async model.$__validate (D:\\ecommerce-microservices-platform\\services\\order-service\\node_modules\\mongoose\\lib\\document.js:3101:3)\n    at async model.validate (D:\\ecommerce-microservices-platform\\services\\order-service\\node_modules\\mongoose\\lib\\document.js:2672:5)\n    at async model.validateBeforeSave (D:\\ecommerce-microservices-platform\\services\\order-service\\node_modules\\mongoose\\lib\\plugins\\validateBeforeSave.js:34:7)\n    at async Kareem.execPre (D:\\ecommerce-microservices-platform\\services\\order-service\\node_modules\\kareem\\index.js:65:24)\n    at async model.$__save (D:\\ecommerce-microservices-platform\\services\\order-service\\node_modules\\mongoose\\lib\\model.js:369:5)\n    at async model.save (D:\\ecommerce-microservices-platform\\services\\order-service\\node_modules\\mongoose\\lib\\model.js:609:5)","timestamp":"2026-08-17T11:19:58.157Z"}
{"level":"info","message":"MongoDB Connected: cluster0-shard-00-00.ldi5y.mongodb.net","service":"order-service","timestamp":"2026-08-17T11:22:34.155Z"}
{"level":"info","message":"Order indexes created successfully","service":"order-service","timestamp":"2026-08-17T11:22:37.977Z"}
{"level":"info","message":"Redis connected successfully","service":"order-service","timestamp":"2026-08-17T11:22:37.982Z"}
{"environment":"development","level":"info","message":"Order Service started successfully","port":"3004","service":"order-service","timestamp":"2026-08-17T11:22:37.988Z"}
{"level":"info","message":"MongoDB Connected: cluster0-shard-00-01.ldi5y.mongodb.net","service":"order-service","timestamp":"2026-08-17T11:22:54.180Z"}
{"level":"info","message":"Order indexes created successfully","service":"order-service","timestamp":"2026-08-17T11:22:57.920Z"}
{"level":"info","message":"Redis connected successfully","service":"order-service","timestamp":"2026-08-17T11:22:57.925Z"}
{"environment":"development","level":"info","message":"Order Service started successfully","port":"3004","service":"order-service","timestamp":"2026-08-17T11:22:57.930Z"}
{"level":"info","message":"Stock reserved:","productId":"693167e58f25ae6a8a6469f0","quantity":1,"service":"order-service","timestamp":"2026-08-17T11:22:59.613Z"}
{"items":[{"productId":"693167e58f25ae6a8a6469f0","quantity":1}],"level":"info","message":"Inventory reserved:","orderId":"6a82ef13617533261ef7fd84","service":"order-service","timestamp":"2026-08-17T11:22:59.614Z"}
{"_message":"Order validation failed","errors":{"pricing.subtotal":{"kind":"required","message":"Path `pricing.subtotal` is required.","name":"ValidatorError","path":"pricing.subtotal","properties":{"message":"Path `pricing.subtotal` is required.","path":"pricing.subtotal","type":"required"}}},"level":"error","message":"Create order error: Order validation failed: pricing.subtotal: Path `pricing.subtotal` is required.","service":"order-service","stack":"ValidationError: Order validation failed: pricing.subtotal: Path `pricing.subtotal` is required.\n    at Document.invalidate (D:\\ecommerce-microservices-platform\\services\\order-service\\node_modules\\mongoose\\lib\\document.js:3385:32)\n    at validatePath (D:\\ecommerce-microservices-platform\\services\\order-service\\node_modules\\mongoose\\lib\\document.js:3160:13)\n    at process.processTicksAndRejections (node:internal/process/task_queues:105:5)\n    at async Promise.all (index 5)\n    at async model.$__validate (D:\\ecommerce-microservices-platform\\services\\order-service\\node_modules\\mongoose\\lib\\document.js:3101:3)\n    at async model.validate (D:\\ecommerce-microservices-platform\\services\\order-service\\node_modules\\mongoose\\lib\\document.js:2672:5)\n    at async model.validateBeforeSave (D:\\ecommerce-microservices-platform\\services\\order-service\\node_modules\\mongoose\\lib\\plugins\\validateBeforeSave.js:34:7)\n    at async Kareem.execPre (D:\\ecommerce-microservices-platform\\services\\order-service\\node_modules\\kareem\\index.js:65:24)\n    at async model.$__save (D:\\ecommerce-microservices-platform\\services\\order-service\\node_modules\\mongoose\\lib\\model.js:369:5)\n    at async model.save (D:\\ecommerce-microservices-platform\\services\\order-service\\node_modules\\mongoose\\lib\\model.js:609:5)","timestamp":"2026-08-17T11:22:59.619Z"}
{"_message":"Order validation failed","errors":{"pricing.subtotal":{"kind":"required","message":"Path `pricing.subtotal` is required.","name":"ValidatorError","path":"pricing.subtotal","properties":{"message":"Path `pricing.subtotal` is required.","path":"pricing.subtotal","type":"required"}}},"level":"error","message":"Creat order controller error: Order validation failed: pricing.subtotal: Path `pricing.subtotal` is required.","service":"order-service","stack":"ValidationError: Order validation failed: pricing.subtotal: Path `pricing.subtotal` is required.\n    at Document.invalidate (D:\\ecommerce-microservices-platform\\services\\order-service\\node_modules\\mongoose\\lib\\document.js:3385:32)\n    at validatePath (D:\\ecommerce-microservices-platform\\services\\order-service\\node_modules\\mongoose\\lib\\document.js:3160:13)\n    at process.processTicksAndRejections (node:internal/process/task_queues:105:5)\n    at async Promise.all (index 5)\n    at async model.$__validate (D:\\ecommerce-microservices-platform\\services\\order-service\\node_modules\\mongoose\\lib\\document.js:3101:3)\n    at async model.validate (D:\\ecommerce-microservices-platform\\services\\order-service\\node_modules\\mongoose\\lib\\document.js:2672:5)\n    at async model.validateBeforeSave (D:\\ecommerce-microservices-platform\\services\\order-service\\node_modules\\mongoose\\lib\\plugins\\validateBeforeSave.js:34:7)\n    at async Kareem.execPre (D:\\ecommerce-microservices-platform\\services\\order-service\\node_modules\\kareem\\index.js:65:24)\n    at async model.$__save (D:\\ecommerce-microservices-platform\\services\\order-service\\node_modules\\mongoose\\lib\\model.js:369:5)\n    at async model.save (D:\\ecommerce-microservices-platform\\services\\order-service\\node_modules\\mongoose\\lib\\model.js:609:5)","timestamp":"2026-08-17T11:22:59.619Z"}
{"level":"info","message":"MongoDB Connected: cluster0-shard-00-01.ldi5y.mongodb.net","service":"order-service","timestamp":"2026-08-17T11:24:48.044Z"}
{"level":"info","message":"Order indexes created successfully","service":"order-service","timestamp":"2026-08-17T11:24:51.766Z"}
{"level":"info","message":"Redis connected successfully","service":"order-service","timestamp":"2026-08-17T11:24:51.772Z"}
{"environment":"development","level":"info","message":"Order Service started successfully","port":"3004","service":"order-service","timestamp":"2026-08-17T11:24:51.778Z"}
{"level":"info","message":"Stock reserved:","productId":"693167e58f25ae6a8a6469f0","quantity":1,"service":"order-service","timestamp":"2026-08-17T11:25:02.389Z"}
{"items":[{"productId":"693167e58f25ae6a8a6469f0","quantity":1}],"level":"info","message":"Inventory reserved:","orderId":"6a82ef8dee181355fbef3b2d","service":"order-service","timestamp":"2026-08-17T11:25:02.390Z"}
{"level":"error","message":"Cache order error: caches is not defined","service":"order-service","stack":"ReferenceError: caches is not defined\n    at OrderService.cacheOrder (D:\\ecommerce-microservices-platform\\services\\order-service\\src\\services\\orderService.js:341:23)\n    at OrderService.createOrder (D:\\ecommerce-microservices-platform\\services\\order-service\\src\\services\\orderService.js:97:18)\n    at process.processTicksAndRejections (node:internal/process/task_queues:105:5)\n    at async createOrder (D:\\ecommerce-microservices-platform\\services\\order-service\\src\\controllers\\orderController.js:11:21)","timestamp":"2026-08-17T11:25:02.686Z"}
{"level":"info","message":"Order created successfully:","orderId":"6a82ef8dee181355fbef3b2d","orderNumber":"ORDMSX5CYDG2CF012","service":"order-service","timestamp":"2026-08-17T11:25:02.687Z","total":147498.82,"userId":"6a702e0544c46c7bb0039816"}
{"level":"error","message":"Create order error: Cart is empty","service":"order-service","stack":"Error: Cart is empty\n    at OrderService.createOrder (D:\\ecommerce-microservices-platform\\services\\order-service\\src\\services\\orderService.js:34:15)\n    at process.processTicksAndRejections (node:internal/process/task_queues:105:5)\n    at async createOrder (D:\\ecommerce-microservices-platform\\services\\order-service\\src\\controllers\\orderController.js:11:21)","timestamp":"2026-08-17T11:27:03.439Z"}
{"level":"error","message":"Creat order controller error: Cart is empty","service":"order-service","stack":"Error: Cart is empty\n    at OrderService.createOrder (D:\\ecommerce-microservices-platform\\services\\order-service\\src\\services\\orderService.js:34:15)\n    at process.processTicksAndRejections (node:internal/process/task_queues:105:5)\n    at async createOrder (D:\\ecommerce-microservices-platform\\services\\order-service\\src\\controllers\\orderController.js:11:21)","timestamp":"2026-08-17T11:27:03.440Z"}
{"level":"error","message":"Create order error: Cart is empty","service":"order-service","stack":"Error: Cart is empty\n    at OrderService.createOrder (D:\\ecommerce-microservices-platform\\services\\order-service\\src\\services\\orderService.js:34:15)\n    at process.processTicksAndRejections (node:internal/process/task_queues:105:5)\n    at async createOrder (D:\\ecommerce-microservices-platform\\services\\order-service\\src\\controllers\\orderController.js:11:21)","timestamp":"2026-08-17T11:27:22.310Z"}
{"level":"error","message":"Creat order controller error: Cart is empty","service":"order-service","stack":"Error: Cart is empty\n    at OrderService.createOrder (D:\\ecommerce-microservices-platform\\services\\order-service\\src\\services\\orderService.js:34:15)\n    at process.processTicksAndRejections (node:internal/process/task_queues:105:5)\n    at async createOrder (D:\\ecommerce-microservices-platform\\services\\order-service\\src\\controllers\\orderController.js:11:21)","timestamp":"2026-08-17T11:27:22.310Z"}
{"level":"info","message":"Stock reserved:","productId":"693167e58f25ae6a8a6469f6","quantity":1,"service":"order-service","timestamp":"2026-08-17T11:28:40.125Z"}
{"items":[{"productId":"693167e58f25ae6a8a6469f6","quantity":1}],"level":"info","message":"Inventory reserved:","orderId":"6a82f067ee181355fbef3b2f","service":"order-service","timestamp":"2026-08-17T11:28:40.126Z"}
{"level":"error","message":"Cache order error: caches is not defined","service":"order-service","stack":"ReferenceError: caches is not defined\n    at OrderService.cacheOrder (D:\\ecommerce-microservices-platform\\services\\order-service\\src\\services\\orderService.js:341:23)\n    at OrderService.createOrder (D:\\ecommerce-microservices-platform\\services\\order-service\\src\\services\\orderService.js:97:18)\n    at process.processTicksAndRejections (node:internal/process/task_queues:105:5)\n    at async createOrder (D:\\ecommerce-microservices-platform\\services\\order-service\\src\\controllers\\orderController.js:11:21)","timestamp":"2026-08-17T11:28:40.404Z"}
{"level":"info","message":"Order created successfully:","orderId":"6a82f067ee181355fbef3b2f","orderNumber":"ORDMSX5HMDO5D19B5","service":"order-service","timestamp":"2026-08-17T11:28:40.405Z","total":15334.1,"userId":"6a702e0544c46c7bb0039816"}
{"level":"info","message":"MongoDB Connected: cluster0-shard-00-02.ldi5y.mongodb.net","service":"order-service","timestamp":"2026-08-19T10:22:15.568Z"}
{"level":"info","message":"Order indexes created successfully","service":"order-service","timestamp":"2026-08-19T10:22:19.217Z"}
{"code":"ECONNREFUSED","level":"error","message":"Redis connection error:","service":"order-service","stack":"AggregateError [ECONNREFUSED]: \n    at internalConnectMultiple (node:net:1139:18)\n    at afterConnectMultiple (node:net:1714:7)","timestamp":"2026-08-19T10:22:19.225Z"}
{"level":"error","message":"Redis initialization error: Connection is closed.","service":"order-service","stack":"Error: Connection is closed.\n    at EventEmitter.connectionCloseHandler (D:\\ecommerce-microservices-platform\\services\\order-service\\node_modules\\ioredis\\built\\Redis.js:208:28)\n    at Object.onceWrapper (node:events:633:26)\n    at EventEmitter.emit (node:events:518:28)\n    at process.processTicksAndRejections (node:internal/process/task_queues:85:11)","timestamp":"2026-08-19T10:22:19.228Z"}
{"environment":"development","level":"info","message":"Order Service started successfully","port":"3004","service":"order-service","timestamp":"2026-08-19T10:22:19.233Z"}
{"code":"ECONNREFUSED","level":"error","message":"Redis connection error:","service":"order-service","stack":"AggregateError [ECONNREFUSED]: \n    at internalConnectMultiple (node:net:1139:18)\n    at afterConnectMultiple (node:net:1714:7)","timestamp":"2026-08-19T10:22:19.283Z"}
{"code":"ECONNREFUSED","level":"error","message":"Redis connection error:","service":"order-service","stack":"AggregateError [ECONNREFUSED]: \n    at internalConnectMultiple (node:net:1139:18)\n    at afterConnectMultiple (node:net:1714:7)","timestamp":"2026-08-19T10:22:19.396Z"}
{"code":"ECONNREFUSED","level":"error","message":"Redis connection error:","service":"order-service","stack":"AggregateError [ECONNREFUSED]: \n    at internalConnectMultiple (node:net:1139:18)\n    at afterConnectMultiple (node:net:1714:7)","timestamp":"2026-08-19T10:22:19.565Z"}
{"code":"ECONNREFUSED","level":"error","message":"Redis connection error:","service":"order-service","stack":"AggregateError [ECONNREFUSED]: \n    at internalConnectMultiple (node:net:1139:18)\n    at afterConnectMultiple (node:net:1714:7)","timestamp":"2026-08-19T10:22:19.769Z"}
{"code":"ECONNREFUSED","level":"error","message":"Redis connection error:","service":"order-service","stack":"AggregateError [ECONNREFUSED]: \n    at internalConnectMultiple (node:net:1139:18)\n    at afterConnectMultiple (node:net:1714:7)","timestamp":"2026-08-19T10:22:20.023Z"}
{"code":"ECONNREFUSED","level":"error","message":"Redis connection error:","service":"order-service","stack":"AggregateError [ECONNREFUSED]: \n    at internalConnectMultiple (node:net:1139:18)\n    at afterConnectMultiple (node:net:1714:7)","timestamp":"2026-08-19T10:22:20.327Z"}
{"code":"ECONNREFUSED","level":"error","message":"Redis connection error:","service":"order-service","stack":"AggregateError [ECONNREFUSED]: \n    at internalConnectMultiple (node:net:1139:18)\n    at afterConnectMultiple (node:net:1714:7)","timestamp":"2026-08-19T10:22:20.683Z"}
{"code":"ECONNREFUSED","level":"error","message":"Redis connection error:","service":"order-service","stack":"AggregateError [ECONNREFUSED]: \n    at internalConnectMultiple (node:net:1139:18)\n    at afterConnectMultiple (node:net:1714:7)","timestamp":"2026-08-19T10:22:21.085Z"}
{"code":"ECONNREFUSED","level":"error","message":"Redis connection error:","service":"order-service","stack":"AggregateError [ECONNREFUSED]: \n    at internalConnectMultiple (node:net:1139:18)\n    at afterConnectMultiple (node:net:1714:7)","timestamp":"2026-08-19T10:22:21.545Z"}
{"code":"ECONNREFUSED","level":"error","message":"Redis connection error:","service":"order-service","stack":"AggregateError [ECONNREFUSED]: \n    at internalConnectMultiple (node:net:1139:18)\n    at afterConnectMultiple (node:net:1714:7)","timestamp":"2026-08-19T10:22:22.048Z"}
{"code":"ECONNREFUSED","level":"error","message":"Redis connection error:","service":"order-service","stack":"AggregateError [ECONNREFUSED]: \n    at internalConnectMultiple (node:net:1139:18)\n    at afterConnectMultiple (node:net:1714:7)","timestamp":"2026-08-19T10:22:22.609Z"}
{"code":"ECONNREFUSED","level":"error","message":"Redis connection error:","service":"order-service","stack":"AggregateError [ECONNREFUSED]: \n    at internalConnectMultiple (node:net:1139:18)\n    at afterConnectMultiple (node:net:1714:7)","timestamp":"2026-08-19T10:22:23.220Z"}
{"code":"ECONNREFUSED","level":"error","message":"Redis connection error:","service":"order-service","stack":"AggregateError [ECONNREFUSED]: \n    at internalConnectMultiple (node:net:1139:18)\n    at afterConnectMultiple (node:net:1714:7)","timestamp":"2026-08-19T10:22:23.882Z"}
{"code":"ECONNREFUSED","level":"error","message":"Redis connection error:","service":"order-service","stack":"AggregateError [ECONNREFUSED]: \n    at internalConnectMultiple (node:net:1139:18)\n    at afterConnectMultiple (node:net:1714:7)","timestamp":"2026-08-19T10:22:24.600Z"}
{"code":"ECONNREFUSED","level":"error","message":"Redis connection error:","service":"order-service","stack":"AggregateError [ECONNREFUSED]: \n    at internalConnectMultiple (node:net:1139:18)\n    at afterConnectMultiple (node:net:1714:7)","timestamp":"2026-08-19T10:22:25.364Z"}
{"code":"ECONNREFUSED","level":"error","message":"Redis connection error:","service":"order-service","stack":"AggregateError [ECONNREFUSED]: \n    at internalConnectMultiple (node:net:1139:18)\n    at afterConnectMultiple (node:net:1714:7)","timestamp":"2026-08-19T10:22:26.175Z"}
{"code":"ECONNREFUSED","level":"error","message":"Redis connection error:","service":"order-service","stack":"AggregateError [ECONNREFUSED]: \n    at internalConnectMultiple (node:net:1139:18)\n    at afterConnectMultiple (node:net:1714:7)","timestamp":"2026-08-19T10:22:27.032Z"}
{"code":"ECONNREFUSED","level":"error","message":"Redis connection error:","service":"order-service","stack":"AggregateError [ECONNREFUSED]: \n    at internalConnectMultiple (node:net:1139:18)\n    at afterConnectMultiple (node:net:1714:7)","timestamp":"2026-08-19T10:22:27.947Z"}
{"code":"ECONNREFUSED","level":"error","message":"Redis connection error:","service":"order-service","stack":"AggregateError [ECONNREFUSED]: \n    at internalConnectMultiple (node:net:1139:18)\n    at afterConnectMultiple (node:net:1714:7)","timestamp":"2026-08-19T10:22:28.910Z"}
{"code":"ECONNREFUSED","level":"error","message":"Redis connection error:","service":"order-service","stack":"AggregateError [ECONNREFUSED]: \n    at internalConnectMultiple (node:net:1139:18)\n    at afterConnectMultiple (node:net:1714:7)","timestamp":"2026-08-19T10:22:29.912Z"}
{"code":"ECONNREFUSED","level":"error","message":"Redis connection error:","service":"order-service","stack":"AggregateError [ECONNREFUSED]: \n    at internalConnectMultiple (node:net:1139:18)\n    at afterConnectMultiple (node:net:1714:7)","timestamp":"2026-08-19T10:22:30.970Z"}
{"code":"ECONNREFUSED","level":"error","message":"Redis connection error:","service":"order-service","stack":"AggregateError [ECONNREFUSED]: \n    at internalConnectMultiple (node:net:1139:18)\n    at afterConnectMultiple (node:net:1714:7)","timestamp":"2026-08-19T10:22:32.080Z"}
{"code":"ECONNREFUSED","level":"error","message":"Redis connection error:","service":"order-service","stack":"AggregateError [ECONNREFUSED]: \n    at internalConnectMultiple (node:net:1139:18)\n    at afterConnectMultiple (node:net:1714:7)","timestamp":"2026-08-19T10:22:33.235Z"}
{"code":"ECONNREFUSED","level":"error","message":"Redis connection error:","service":"order-service","stack":"AggregateError [ECONNREFUSED]: \n    at internalConnectMultiple (node:net:1139:18)\n    at afterConnectMultiple (node:net:1714:7)","timestamp":"2026-08-19T10:22:34.451Z"}
{"level":"info","message":"Redis connected successfully","service":"order-service","timestamp":"2026-08-19T10:22:35.713Z"}
{"level":"info","message":"Stock reserved:","productId":"693167e58f25ae6a8a6469f6","quantity":1,"service":"order-service","timestamp":"2026-08-19T10:23:33.912Z"}
{"items":[{"productId":"693167e58f25ae6a8a6469f6","quantity":1}],"level":"info","message":"Inventory reserved:","orderId":"6a858425840c05a27a11ff18","service":"order-service","timestamp":"2026-08-19T10:23:33.914Z"}
{"level":"error","message":"Cache order error: caches is not defined","service":"order-service","stack":"ReferenceError: caches is not defined\n    at OrderService.cacheOrder (D:\\ecommerce-microservices-platform\\services\\order-service\\src\\services\\orderService.js:341:23)\n    at OrderService.createOrder (D:\\ecommerce-microservices-platform\\services\\order-service\\src\\services\\orderService.js:97:18)\n    at process.processTicksAndRejections (node:internal/process/task_queues:105:5)\n    at async createOrder (D:\\ecommerce-microservices-platform\\services\\order-service\\src\\controllers\\orderController.js:11:21)","timestamp":"2026-08-19T10:23:34.194Z"}
{"level":"info","message":"Order created successfully:","orderId":"6a858425840c05a27a11ff18","orderNumber":"ORDMSZY1LK53C646D","service":"order-service","timestamp":"2026-08-19T10:23:34.195Z","total":15334.1,"userId":"6a702e0544c46c7bb0039816"}
{"level":"error","message":"Create order error: Cart is empty","service":"order-service","stack":"Error: Cart is empty\n    at OrderService.createOrder (D:\\ecommerce-microservices-platform\\services\\order-service\\src\\services\\orderService.js:34:15)\n    at process.processTicksAndRejections (node:internal/process/task_queues:105:5)\n    at async createOrder (D:\\ecommerce-microservices-platform\\services\\order-service\\src\\controllers\\orderController.js:11:21)","timestamp":"2026-08-19T10:26:30.249Z"}
{"level":"error","message":"Creat order controller error: Cart is empty","service":"order-service","stack":"Error: Cart is empty\n    at OrderService.createOrder (D:\\ecommerce-microservices-platform\\services\\order-service\\src\\services\\orderService.js:34:15)\n    at process.processTicksAndRejections (node:internal/process/task_queues:105:5)\n    at async createOrder (D:\\ecommerce-microservices-platform\\services\\order-service\\src\\controllers\\orderController.js:11:21)","timestamp":"2026-08-19T10:26:30.250Z"}
{"level":"info","message":"Stock reserved:","productId":"693167e58f25ae6a8a6469ee","quantity":1,"service":"order-service","timestamp":"2026-08-19T10:27:15.914Z"}
{"items":[{"productId":"693167e58f25ae6a8a6469ee","quantity":1}],"level":"info","message":"Inventory reserved:","orderId":"6a858503840c05a27a11ff1a","service":"order-service","timestamp":"2026-08-19T10:27:15.915Z"}
{"level":"error","message":"Cache order error: caches is not defined","service":"order-service","stack":"ReferenceError: caches is not defined\n    at OrderService.cacheOrder (D:\\ecommerce-microservices-platform\\services\\order-service\\src\\services\\orderService.js:341:23)\n    at OrderService.createOrder (D:\\ecommerce-microservices-platform\\services\\order-service\\src\\services\\orderService.js:97:18)\n    at process.processTicksAndRejections (node:internal/process/task_queues:105:5)\n    at async createOrder (D:\\ecommerce-microservices-platform\\services\\order-service\\src\\controllers\\orderController.js:11:21)","timestamp":"2026-08-19T10:27:16.183Z"}
{"level":"info","message":"Order created successfully:","orderId":"6a858503840c05a27a11ff1a","orderNumber":"ORDMSZY6CYHC1FCE2","service":"order-service","timestamp":"2026-08-19T10:27:16.184Z","total":159182,"userId":"6a702e0544c46c7bb0039816"}
{"level":"info","message":"Stock reserved:","productId":"693167e58f25ae6a8a6469f0","quantity":1,"service":"order-service","timestamp":"2026-08-19T10:41:16.622Z"}
{"items":[{"productId":"693167e58f25ae6a8a6469f0","quantity":1}],"level":"info","message":"Inventory reserved:","orderId":"6a85884c840c05a27a11ff1c","service":"order-service","timestamp":"2026-08-19T10:41:16.623Z"}
{"level":"error","message":"Cache order error: caches is not defined","service":"order-service","stack":"ReferenceError: caches is not defined\n    at OrderService.cacheOrder (D:\\ecommerce-microservices-platform\\services\\order-service\\src\\services\\orderService.js:341:23)\n    at OrderService.createOrder (D:\\ecommerce-microservices-platform\\services\\order-service\\src\\services\\orderService.js:97:18)\n    at process.processTicksAndRejections (node:internal/process/task_queues:105:5)\n    at async createOrder (D:\\ecommerce-microservices-platform\\services\\order-service\\src\\controllers\\orderController.js:11:21)","timestamp":"2026-08-19T10:41:16.897Z"}
{"level":"info","message":"Order created successfully:","orderId":"6a85884c840c05a27a11ff1c","orderNumber":"ORDMSZYODNKA419DF","service":"order-service","timestamp":"2026-08-19T10:41:16.898Z","total":147498.82,"userId":"6a702e0544c46c7bb0039816"}
{"level":"error","message":"Create order error: Cart is empty","service":"order-service","stack":"Error: Cart is empty\n    at OrderService.createOrder (D:\\ecommerce-microservices-platform\\services\\order-service\\src\\services\\orderService.js:34:15)\n    at process.processTicksAndRejections (node:internal/process/task_queues:105:5)\n    at async createOrder (D:\\ecommerce-microservices-platform\\services\\order-service\\src\\controllers\\orderController.js:11:21)","timestamp":"2026-08-19T10:41:57.825Z"}
{"level":"error","message":"Creat order controller error: Cart is empty","service":"order-service","stack":"Error: Cart is empty\n    at OrderService.createOrder (D:\\ecommerce-microservices-platform\\services\\order-service\\src\\services\\orderService.js:34:15)\n    at process.processTicksAndRejections (node:internal/process/task_queues:105:5)\n    at async createOrder (D:\\ecommerce-microservices-platform\\services\\order-service\\src\\controllers\\orderController.js:11:21)","timestamp":"2026-08-19T10:41:57.825Z"}
{"data":{"items":[{"price":12995,"productId":"693167e58f25ae6a8a6469f6","quantity":1}],"paymentMethod":"razorpay","shippingAddress":{"addressLine1":"H.no 124 Bankner Narela","addressLine2":"","city":"Delhi","country":"India","firstName":"Ankit","lastName":"Kumar","phone":"8586952765","state":"Delhi","zipCode":"110040"}},"errors":[{"field":"paymentMethod","message":"\"paymentMethod\" must be one of [card, upi, netbanking, wallet, cod]"}],"level":"warn","message":"Validation error:","service":"order-service","timestamp":"2026-08-19T10:44:00.856Z"}
{"level":"info","message":"MongoDB Connected: cluster0-shard-00-01.ldi5y.mongodb.net","service":"order-service","timestamp":"2026-08-19T10:50:38.491Z"}
{"level":"info","message":"Order indexes created successfully","service":"order-service","timestamp":"2026-08-19T10:50:42.440Z"}
{"level":"info","message":"Redis connected successfully","service":"order-service","timestamp":"2026-08-19T10:50:42.450Z"}
{"environment":"development","level":"info","message":"Order Service started successfully","port":"3004","service":"order-service","timestamp":"2026-08-19T10:50:42.456Z"}
{"level":"info","message":"Stock reserved:","productId":"693167e58f25ae6a8a6469f6","quantity":1,"service":"order-service","timestamp":"2026-08-19T10:51:37.267Z"}
{"items":[{"productId":"693167e58f25ae6a8a6469f6","quantity":1}],"level":"info","message":"Inventory reserved:","orderId":"6a858ab80cad0ddaaef1b45a","service":"order-service","timestamp":"2026-08-19T10:51:37.268Z"}
{"_message":"Order validation failed","errors":{"payment.method":{"kind":"enum","message":"`razorpay` is not a valid enum value for path `payment.method`.","name":"ValidatorError","path":"payment.method","properties":{"enumValues":["card","upi","netbanking","wallet","cod"],"length":8,"message":"`razorpay` is not a valid enum value for path `payment.method`.","path":"payment.method","type":"enum","value":"razorpay"},"value":"razorpay"},"payment.status":{"kind":"enum","message":"`'pending` is not a valid enum value for path `payment.status`.","name":"ValidatorError","path":"payment.status","properties":{"enumValues":["pending","processing","completed","failed"],"length":8,"message":"`'pending` is not a valid enum value for path `payment.status`.","path":"payment.status","type":"enum","value":"'pending"},"value":"'pending"}},"level":"error","message":"Create order error: Order validation failed: payment.method: `razorpay` is not a valid enum value for path `payment.method`., payment.status: `'pending` is not a valid enum value for path `payment.status`.","service":"order-service","stack":"ValidationError: Order validation failed: payment.method: `razorpay` is not a valid enum value for path `payment.method`., payment.status: `'pending` is not a valid enum value for path `payment.status`.\n    at Document.invalidate (D:\\ecommerce-microservices-platform\\services\\order-service\\node_modules\\mongoose\\lib\\document.js:3385:32)\n    at validatePath (D:\\ecommerce-microservices-platform\\services\\order-service\\node_modules\\mongoose\\lib\\document.js:3160:13)\n    at process.processTicksAndRejections (node:internal/process/task_queues:105:5)\n    at async Promise.all (index 0)\n    at async model.$__validate (D:\\ecommerce-microservices-platform\\services\\order-service\\node_modules\\mongoose\\lib\\document.js:3101:3)\n    at async model.validate (D:\\ecommerce-microservices-platform\\services\\order-service\\node_modules\\mongoose\\lib\\document.js:2672:5)\n    at async model.validateBeforeSave (D:\\ecommerce-microservices-platform\\services\\order-service\\node_modules\\mongoose\\lib\\plugins\\validateBeforeSave.js:34:7)\n    at async Kareem.execPre (D:\\ecommerce-microservices-platform\\services\\order-service\\node_modules\\kareem\\index.js:65:24)\n    at async model.$__save (D:\\ecommerce-microservices-platform\\services\\order-service\\node_modules\\mongoose\\lib\\model.js:369:5)\n    at async model.save (D:\\ecommerce-microservices-platform\\services\\order-service\\node_modules\\mongoose\\lib\\model.js:609:5)","timestamp":"2026-08-19T10:51:37.272Z"}
{"_message":"Order validation failed","errors":{"payment.method":{"kind":"enum","message":"`razorpay` is not a valid enum value for path `payment.method`.","name":"ValidatorError","path":"payment.method","properties":{"enumValues":["card","upi","netbanking","wallet","cod"],"length":8,"message":"`razorpay` is not a valid enum value for path `payment.method`.","path":"payment.method","type":"enum","value":"razorpay"},"value":"razorpay"},"payment.status":{"kind":"enum","message":"`'pending` is not a valid enum value for path `payment.status`.","name":"ValidatorError","path":"payment.status","properties":{"enumValues":["pending","processing","completed","failed"],"length":8,"message":"`'pending` is not a valid enum value for path `payment.status`.","path":"payment.status","type":"enum","value":"'pending"},"value":"'pending"}},"level":"error","message":"Creat order controller error: Order validation failed: payment.method: `razorpay` is not a valid enum value for path `payment.method`., payment.status: `'pending` is not a valid enum value for path `payment.status`.","service":"order-service","stack":"ValidationError: Order validation failed: payment.method: `razorpay` is not a valid enum value for path `payment.method`., payment.status: `'pending` is not a valid enum value for path `payment.status`.\n    at Document.invalidate (D:\\ecommerce-microservices-platform\\services\\order-service\\node_modules\\mongoose\\lib\\document.js:3385:32)\n    at validatePath (D:\\ecommerce-microservices-platform\\services\\order-service\\node_modules\\mongoose\\lib\\document.js:3160:13)\n    at process.processTicksAndRejections (node:internal/process/task_queues:105:5)\n    at async Promise.all (index 0)\n    at async model.$__validate (D:\\ecommerce-microservices-platform\\services\\order-service\\node_modules\\mongoose\\lib\\document.js:3101:3)\n    at async model.validate (D:\\ecommerce-microservices-platform\\services\\order-service\\node_modules\\mongoose\\lib\\document.js:2672:5)\n    at async model.validateBeforeSave (D:\\ecommerce-microservices-platform\\services\\order-service\\node_modules\\mongoose\\lib\\plugins\\validateBeforeSave.js:34:7)\n    at async Kareem.execPre (D:\\ecommerce-microservices-platform\\services\\order-service\\node_modules\\kareem\\index.js:65:24)\n    at async model.$__save (D:\\ecommerce-microservices-platform\\services\\order-service\\node_modules\\mongoose\\lib\\model.js:369:5)\n    at async model.save (D:\\ecommerce-microservices-platform\\services\\order-service\\node_modules\\mongoose\\lib\\model.js:609:5)","timestamp":"2026-08-19T10:51:37.273Z"}
{"level":"info","message":"MongoDB Connected: cluster0-shard-00-02.ldi5y.mongodb.net","service":"order-service","timestamp":"2026-08-19T10:53:09.649Z"}
{"level":"info","message":"Order indexes created successfully","service":"order-service","timestamp":"2026-08-19T10:53:13.464Z"}
{"level":"info","message":"Redis connected successfully","service":"order-service","timestamp":"2026-08-19T10:53:13.472Z"}
{"environment":"development","level":"info","message":"Order Service started successfully","port":"3004","service":"order-service","timestamp":"2026-08-19T10:53:13.478Z"}
{"level":"info","message":"MongoDB Connected: cluster0-shard-00-02.ldi5y.mongodb.net","service":"order-service","timestamp":"2026-08-19T10:53:56.478Z"}
{"level":"info","message":"Order indexes created successfully","service":"order-service","timestamp":"2026-08-19T10:54:00.313Z"}
{"level":"info","message":"Redis connected successfully","service":"order-service","timestamp":"2026-08-19T10:54:00.318Z"}
{"environment":"development","level":"info","message":"Order Service started successfully","port":"3004","service":"order-service","timestamp":"2026-08-19T10:54:00.324Z"}
{"level":"info","message":"Stock reserved:","productId":"693167e58f25ae6a8a6469f6","quantity":1,"service":"order-service","timestamp":"2026-08-19T10:54:02.480Z"}
{"items":[{"productId":"693167e58f25ae6a8a6469f6","quantity":1}],"level":"info","message":"Inventory reserved:","orderId":"6a858b496ce0b53eb6235b5c","service":"order-service","timestamp":"2026-08-19T10:54:02.482Z"}
{"level":"error","message":"Cache order error: caches is not defined","service":"order-service","stack":"ReferenceError: caches is not defined\n    at OrderService.cacheOrder (D:\\ecommerce-microservices-platform\\services\\order-service\\src\\services\\orderService.js:341:23)\n    at OrderService.createOrder (D:\\ecommerce-microservices-platform\\services\\order-service\\src\\services\\orderService.js:97:18)\n    at process.processTicksAndRejections (node:internal/process/task_queues:105:5)\n    at async createOrder (D:\\ecommerce-microservices-platform\\services\\order-service\\src\\controllers\\orderController.js:11:21)","timestamp":"2026-08-19T10:54:02.790Z"}
{"level":"info","message":"Order created successfully:","orderId":"6a858b496ce0b53eb6235b5c","orderNumber":"ORDMSZZ4SKSCF6549","service":"order-service","timestamp":"2026-08-19T10:54:02.792Z","total":15334.1,"userId":"6a702e0544c46c7bb0039816"}
{"level":"error","message":"Create order error: Cart is empty","service":"order-service","stack":"Error: Cart is empty\n    at OrderService.createOrder (D:\\ecommerce-microservices-platform\\services\\order-service\\src\\services\\orderService.js:34:15)\n    at process.processTicksAndRejections (node:internal/process/task_queues:105:5)\n    at async createOrder (D:\\ecommerce-microservices-platform\\services\\order-service\\src\\controllers\\orderController.js:11:21)","timestamp":"2026-08-19T10:54:14.965Z"}
{"level":"error","message":"Creat order controller error: Cart is empty","service":"order-service","stack":"Error: Cart is empty\n    at OrderService.createOrder (D:\\ecommerce-microservices-platform\\services\\order-service\\src\\services\\orderService.js:34:15)\n    at process.processTicksAndRejections (node:internal/process/task_queues:105:5)\n    at async createOrder (D:\\ecommerce-microservices-platform\\services\\order-service\\src\\controllers\\orderController.js:11:21)","timestamp":"2026-08-19T10:54:14.965Z"}
{"level":"info","message":"Stock reserved:","productId":"693167e58f25ae6a8a6469ee","quantity":1,"service":"order-service","timestamp":"2026-08-19T10:56:59.540Z"}
{"items":[{"productId":"693167e58f25ae6a8a6469ee","quantity":1}],"level":"info","message":"Inventory reserved:","orderId":"6a858bfa6ce0b53eb6235b5e","service":"order-service","timestamp":"2026-08-19T10:56:59.541Z"}
{"level":"error","message":"Cache order error: caches is not defined","service":"order-service","stack":"ReferenceError: caches is not defined\n    at OrderService.cacheOrder (D:\\ecommerce-microservices-platform\\services\\order-service\\src\\services\\orderService.js:341:23)\n    at OrderService.createOrder (D:\\ecommerce-microservices-platform\\services\\order-service\\src\\services\\orderService.js:97:18)\n    at process.processTicksAndRejections (node:internal/process/task_queues:105:5)\n    at async createOrder (D:\\ecommerce-microservices-platform\\services\\order-service\\src\\controllers\\orderController.js:11:21)","timestamp":"2026-08-19T10:56:59.823Z"}
{"level":"info","message":"Order created successfully:","orderId":"6a858bfa6ce0b53eb6235b5e","orderNumber":"ORDMSZZ8L7IB39278","service":"order-service","timestamp":"2026-08-19T10:56:59.824Z","total":159182,"userId":"6a702e0544c46c7bb0039816"}
{"level":"info","message":"Stock reserved:","productId":"693167e58f25ae6a8a6469f2","quantity":1,"service":"order-service","timestamp":"2026-08-19T11:06:58.173Z"}
{"items":[{"productId":"693167e58f25ae6a8a6469f2","quantity":1}],"level":"info","message":"Inventory reserved:","orderId":"6a858e516ce0b53eb6235b60","service":"order-service","timestamp":"2026-08-19T11:06:58.174Z"}
{"level":"error","message":"Cache order error: caches is not defined","service":"order-service","stack":"ReferenceError: caches is not defined\n    at OrderService.cacheOrder (D:\\ecommerce-microservices-platform\\services\\order-service\\src\\services\\orderService.js:341:23)\n    at OrderService.createOrder (D:\\ecommerce-microservices-platform\\services\\order-service\\src\\services\\orderService.js:97:18)\n    at process.processTicksAndRejections (node:internal/process/task_queues:105:5)\n    at async createOrder (D:\\ecommerce-microservices-platform\\services\\order-service\\src\\controllers\\orderController.js:11:21)","timestamp":"2026-08-19T11:06:58.456Z"}
{"level":"info","message":"Order created successfully:","orderId":"6a858e516ce0b53eb6235b60","orderNumber":"ORDMSZZLF43F0E210","service":"order-service","timestamp":"2026-08-19T11:06:58.457Z","total":76698.82,"userId":"6a702e0544c46c7bb0039816"}
{"level":"info","message":"Stock reserved:","productId":"693167e58f25ae6a8a6469f4","quantity":1,"service":"order-service","timestamp":"2026-08-19T11:16:26.975Z"}
{"items":[{"productId":"693167e58f25ae6a8a6469f4","quantity":1}],"level":"info","message":"Inventory reserved:","orderId":"6a85908a6ce0b53eb6235b62","service":"order-service","timestamp":"2026-08-19T11:16:26.976Z"}
{"level":"error","message":"Cache order error: caches is not defined","service":"order-service","stack":"ReferenceError: caches is not defined\n    at OrderService.cacheOrder (D:\\ecommerce-microservices-platform\\services\\order-service\\src\\services\\orderService.js:341:23)\n    at OrderService.createOrder (D:\\ecommerce-microservices-platform\\services\\order-service\\src\\services\\orderService.js:97:18)\n    at process.processTicksAndRejections (node:internal/process/task_queues:105:5)\n    at async createOrder (D:\\ecommerce-microservices-platform\\services\\order-service\\src\\controllers\\orderController.js:11:21)","timestamp":"2026-08-19T11:16:27.256Z"}
{"level":"info","message":"Order created successfully:","orderId":"6a85908a6ce0b53eb6235b62","orderNumber":"ORDMSZZXLZUC5C1DE","service":"order-service","timestamp":"2026-08-19T11:16:27.256Z","total":294882,"userId":"6a702e0544c46c7bb0039816"}
{"level":"info","message":"Stock reserved:","productId":"693167e58f25ae6a8a6469f2","quantity":1,"service":"order-service","timestamp":"2026-08-19T11:19:55.825Z"}
{"items":[{"productId":"693167e58f25ae6a8a6469f2","quantity":1}],"level":"info","message":"Inventory reserved:","orderId":"6a85915b6ce0b53eb6235b64","service":"order-service","timestamp":"2026-08-19T11:19:55.826Z"}
{"level":"error","message":"Cache order error: caches is not defined","service":"order-service","stack":"ReferenceError: caches is not defined\n    at OrderService.cacheOrder (D:\\ecommerce-microservices-platform\\services\\order-service\\src\\services\\orderService.js:341:23)\n    at OrderService.createOrder (D:\\ecommerce-microservices-platform\\services\\order-service\\src\\services\\orderService.js:97:18)\n    at process.processTicksAndRejections (node:internal/process/task_queues:105:5)\n    at async createOrder (D:\\ecommerce-microservices-platform\\services\\order-service\\src\\controllers\\orderController.js:11:21)","timestamp":"2026-08-19T11:19:56.112Z"}
{"level":"info","message":"Order created successfully:","orderId":"6a85915b6ce0b53eb6235b64","orderNumber":"ORDMT00235M8EB146","service":"order-service","timestamp":"2026-08-19T11:19:56.112Z","total":76698.82,"userId":"6a702e0544c46c7bb0039816"}
{"level":"info","message":"MongoDB Connected: cluster0-shard-00-00.ldi5y.mongodb.net","service":"order-service","timestamp":"2026-08-19T12:34:06.919Z"}
{"level":"info","message":"MongoDB Connected: cluster0-shard-00-00.ldi5y.mongodb.net","service":"order-service","timestamp":"2026-08-20T08:11:02.634Z"}
{"level":"info","message":"Order indexes created successfully","service":"order-service","timestamp":"2026-08-20T08:11:07.135Z"}
{"code":"ECONNREFUSED","level":"error","message":"Redis connection error:","service":"order-service","stack":"AggregateError [ECONNREFUSED]: \n    at internalConnectMultiple (node:net:1139:18)\n    at afterConnectMultiple (node:net:1714:7)","timestamp":"2026-08-20T08:11:07.140Z"}
{"level":"error","message":"Redis initialization error: Connection is closed.","service":"order-service","stack":"Error: Connection is closed.\n    at EventEmitter.connectionCloseHandler (D:\\ecommerce-microservices-platform\\services\\order-service\\node_modules\\ioredis\\built\\Redis.js:208:28)\n    at Object.onceWrapper (node:events:633:26)\n    at EventEmitter.emit (node:events:518:28)\n    at process.processTicksAndRejections (node:internal/process/task_queues:85:11)","timestamp":"2026-08-20T08:11:07.141Z"}
{"environment":"development","level":"info","message":"Order Service started successfully","port":"3004","service":"order-service","timestamp":"2026-08-20T08:11:07.144Z"}
{"code":"ECONNREFUSED","level":"error","message":"Redis connection error:","service":"order-service","stack":"AggregateError [ECONNREFUSED]: \n    at internalConnectMultiple (node:net:1139:18)\n    at afterConnectMultiple (node:net:1714:7)","timestamp":"2026-08-20T08:11:07.195Z"}
{"code":"ECONNREFUSED","level":"error","message":"Redis connection error:","service":"order-service","stack":"AggregateError [ECONNREFUSED]: \n    at internalConnectMultiple (node:net:1139:18)\n    at afterConnectMultiple (node:net:1714:7)","timestamp":"2026-08-20T08:11:07.304Z"}
{"code":"ECONNREFUSED","level":"error","message":"Redis connection error:","service":"order-service","stack":"AggregateError [ECONNREFUSED]: \n    at internalConnectMultiple (node:net:1139:18)\n    at afterConnectMultiple (node:net:1714:7)","timestamp":"2026-08-20T08:11:07.460Z"}
{"code":"ECONNREFUSED","level":"error","message":"Redis connection error:","service":"order-service","stack":"AggregateError [ECONNREFUSED]: \n    at internalConnectMultiple (node:net:1139:18)\n    at afterConnectMultiple (node:net:1714:7)","timestamp":"2026-08-20T08:11:07.664Z"}
{"code":"ECONNREFUSED","level":"error","message":"Redis connection error:","service":"order-service","stack":"AggregateError [ECONNREFUSED]: \n    at internalConnectMultiple (node:net:1139:18)\n    at afterConnectMultiple (node:net:1714:7)","timestamp":"2026-08-20T08:11:07.925Z"}
{"code":"ECONNREFUSED","level":"error","message":"Redis connection error:","service":"order-service","stack":"AggregateError [ECONNREFUSED]: \n    at internalConnectMultiple (node:net:1139:18)\n    at afterConnectMultiple (node:net:1714:7)","timestamp":"2026-08-20T08:11:08.239Z"}
{"code":"ECONNREFUSED","level":"error","message":"Redis connection error:","service":"order-service","stack":"AggregateError [ECONNREFUSED]: \n    at internalConnectMultiple (node:net:1139:18)\n    at afterConnectMultiple (node:net:1714:7)","timestamp":"2026-08-20T08:11:08.599Z"}
{"code":"ECONNREFUSED","level":"error","message":"Redis connection error:","service":"order-service","stack":"AggregateError [ECONNREFUSED]: \n    at internalConnectMultiple (node:net:1139:18)\n    at afterConnectMultiple (node:net:1714:7)","timestamp":"2026-08-20T08:11:09.006Z"}
{"code":"ECONNREFUSED","level":"error","message":"Redis connection error:","service":"order-service","stack":"AggregateError [ECONNREFUSED]: \n    at internalConnectMultiple (node:net:1139:18)\n    at afterConnectMultiple (node:net:1714:7)","timestamp":"2026-08-20T08:11:09.473Z"}
{"code":"ECONNREFUSED","level":"error","message":"Redis connection error:","service":"order-service","stack":"AggregateError [ECONNREFUSED]: \n    at internalConnectMultiple (node:net:1139:18)\n    at afterConnectMultiple (node:net:1714:7)","timestamp":"2026-08-20T08:11:09.987Z"}
{"code":"ECONNREFUSED","level":"error","message":"Redis connection error:","service":"order-service","stack":"AggregateError [ECONNREFUSED]: \n    at internalConnectMultiple (node:net:1139:18)\n    at afterConnectMultiple (node:net:1714:7)","timestamp":"2026-08-20T08:11:10.541Z"}
{"code":"ECONNREFUSED","level":"error","message":"Redis connection error:","service":"order-service","stack":"AggregateError [ECONNREFUSED]: \n    at internalConnectMultiple (node:net:1139:18)\n    at afterConnectMultiple (node:net:1714:7)","timestamp":"2026-08-20T08:11:11.152Z"}
{"code":"ECONNREFUSED","level":"error","message":"Redis connection error:","service":"order-service","stack":"AggregateError [ECONNREFUSED]: \n    at internalConnectMultiple (node:net:1139:18)\n    at afterConnectMultiple (node:net:1714:7)","timestamp":"2026-08-20T08:11:11.805Z"}
{"code":"ECONNREFUSED","level":"error","message":"Redis connection error:","service":"order-service","stack":"AggregateError [ECONNREFUSED]: \n    at internalConnectMultiple (node:net:1139:18)\n    at afterConnectMultiple (node:net:1714:7)","timestamp":"2026-08-20T08:11:12.518Z"}
{"level":"info","message":"Redis connected successfully","service":"order-service","timestamp":"2026-08-20T08:11:13.278Z"}
{"level":"info","message":"Redis connected successfully","service":"order-service","timestamp":"2026-08-20T11:58:25.966Z"}
{"level":"info","message":"Redis connected successfully","service":"order-service","timestamp":"2026-08-20T11:58:26.088Z"}
{"level":"info","message":"Redis connected successfully","service":"order-service","timestamp":"2026-08-20T11:58:26.378Z"}
{"level":"error","message":"Redis connection error: Reached the max retries per request limit (which is 3). Refer to \"maxRetriesPerRequest\" option for details.","service":"order-service","stack":"MaxRetriesPerRequestError: Reached the max retries per request limit (which is 3). Refer to \"maxRetriesPerRequest\" option for details.\n    at Socket.<anonymous> (D:\\ecommerce-microservices-platform\\services\\order-service\\node_modules\\ioredis\\built\\redis\\event_handler.js:207:37)\n    at Object.onceWrapper (node:events:633:26)\n    at Socket.emit (node:events:518:28)\n    at TCP.<anonymous> (node:net:351:12)","timestamp":"2026-08-20T11:58:26.380Z"}
{"level":"info","message":"Redis connected successfully","service":"order-service","timestamp":"2026-08-20T11:58:26.594Z"}
{"level":"info","message":"Redis connected successfully","service":"order-service","timestamp":"2026-08-20T11:58:26.846Z"}
{"code":"ECONNRESET","errno":-4077,"level":"error","message":"Redis connection error: read ECONNRESET","service":"order-service","stack":"Error: read ECONNRESET\n    at TCP.onStreamRead (node:internal/stream_base_commons:216:20)","syscall":"read","timestamp":"2026-08-20T11:58:30.194Z"}
{"code":"ECONNREFUSED","level":"error","message":"Redis connection error:","service":"order-service","stack":"AggregateError [ECONNREFUSED]: \n    at internalConnectMultiple (node:net:1139:18)\n    at afterConnectMultiple (node:net:1714:7)","timestamp":"2026-08-20T11:58:30.499Z"}
{"code":"ECONNREFUSED","level":"error","message":"Redis connection error:","service":"order-service","stack":"AggregateError [ECONNREFUSED]: \n    at internalConnectMultiple (node:net:1139:18)\n    at afterConnectMultiple (node:net:1714:7)","timestamp":"2026-08-20T11:58:30.863Z"}
{"level":"error","message":"Redis connection error: Reached the max retries per request limit (which is 3). Refer to \"maxRetriesPerRequest\" option for details.","service":"order-service","stack":"MaxRetriesPerRequestError: Reached the max retries per request limit (which is 3). Refer to \"maxRetriesPerRequest\" option for details.\n    at Socket.<anonymous> (D:\\ecommerce-microservices-platform\\services\\order-service\\node_modules\\ioredis\\built\\redis\\event_handler.js:207:37)\n    at Object.onceWrapper (node:events:633:26)\n    at Socket.emit (node:events:518:28)\n    at TCP.<anonymous> (node:net:351:12)","timestamp":"2026-08-20T11:58:30.864Z"}
{"code":"ECONNREFUSED","level":"error","message":"Redis connection error:","service":"order-service","stack":"AggregateError [ECONNREFUSED]: \n    at internalConnectMultiple (node:net:1139:18)\n    at afterConnectMultiple (node:net:1714:7)","timestamp":"2026-08-20T11:58:31.274Z"}
{"level":"info","message":"MongoDB Connected: cluster0-shard-00-00.ldi5y.mongodb.net","service":"order-service","timestamp":"2026-08-20T11:58:34.854Z"}
{"level":"info","message":"MongoDB Connected: cluster0-shard-00-00.ldi5y.mongodb.net","service":"order-service","timestamp":"2026-08-21T04:07:09.162Z"}
{"level":"info","message":"Order indexes created successfully","service":"order-service","timestamp":"2026-08-21T04:07:13.026Z"}
{"code":"ECONNREFUSED","level":"error","message":"Redis connection error:","service":"order-service","stack":"AggregateError [ECONNREFUSED]: \n    at internalConnectMultiple (node:net:1139:18)\n    at afterConnectMultiple (node:net:1714:7)","timestamp":"2026-08-21T04:07:13.031Z"}
{"level":"error","message":"Redis initialization error: Connection is closed.","service":"order-service","stack":"Error: Connection is closed.\n    at EventEmitter.connectionCloseHandler (D:\\ecommerce-microservices-platform\\services\\order-service\\node_modules\\ioredis\\built\\Redis.js:208:28)\n    at Object.onceWrapper (node:events:633:26)\n    at EventEmitter.emit (node:events:518:28)\n    at process.processTicksAndRejections (node:internal/process/task_queues:85:11)","timestamp":"2026-08-21T04:07:13.032Z"}
{"environment":"development","level":"info","message":"Order Service started successfully","port":"3004","service":"order-service","timestamp":"2026-08-21T04:07:13.036Z"}
{"code":"ECONNREFUSED","level":"error","message":"Redis connection error:","service":"order-service","stack":"AggregateError [ECONNREFUSED]: \n    at internalConnectMultiple (node:net:1139:18)\n    at afterConnectMultiple (node:net:1714:7)","timestamp":"2026-08-21T04:07:13.087Z"}
{"code":"ECONNREFUSED","level":"error","message":"Redis connection error:","service":"order-service","stack":"AggregateError [ECONNREFUSED]: \n    at internalConnectMultiple (node:net:1139:18)\n    at afterConnectMultiple (node:net:1714:7)","timestamp":"2026-08-21T04:07:13.196Z"}
{"code":"ECONNREFUSED","level":"error","message":"Redis connection error:","service":"order-service","stack":"AggregateError [ECONNREFUSED]: \n    at internalConnectMultiple (node:net:1139:18)\n    at afterConnectMultiple (node:net:1714:7)","timestamp":"2026-08-21T04:07:13.348Z"}
{"code":"ECONNREFUSED","level":"error","message":"Redis connection error:","service":"order-service","stack":"AggregateError [ECONNREFUSED]: \n    at internalConnectMultiple (node:net:1139:18)\n    at afterConnectMultiple (node:net:1714:7)","timestamp":"2026-08-21T04:07:13.565Z"}
{"code":"ECONNREFUSED","level":"error","message":"Redis connection error:","service":"order-service","stack":"AggregateError [ECONNREFUSED]: \n    at internalConnectMultiple (node:net:1139:18)\n    at afterConnectMultiple (node:net:1714:7)","timestamp":"2026-08-21T04:07:13.830Z"}
{"code":"ECONNREFUSED","level":"error","message":"Redis connection error:","service":"order-service","stack":"AggregateError [ECONNREFUSED]: \n    at internalConnectMultiple (node:net:1139:18)\n    at afterConnectMultiple (node:net:1714:7)","timestamp":"2026-08-21T04:07:14.134Z"}
{"code":"ECONNREFUSED","level":"error","message":"Redis connection error:","service":"order-service","stack":"AggregateError [ECONNREFUSED]: \n    at internalConnectMultiple (node:net:1139:18)\n    at afterConnectMultiple (node:net:1714:7)","timestamp":"2026-08-21T04:07:14.502Z"}
{"code":"ECONNREFUSED","level":"error","message":"Redis connection error:","service":"order-service","stack":"AggregateError [ECONNREFUSED]: \n    at internalConnectMultiple (node:net:1139:18)\n    at afterConnectMultiple (node:net:1714:7)","timestamp":"2026-08-21T04:07:14.917Z"}
{"code":"ECONNREFUSED","level":"error","message":"Redis connection error:","service":"order-service","stack":"AggregateError [ECONNREFUSED]: \n    at internalConnectMultiple (node:net:1139:18)\n    at afterConnectMultiple (node:net:1714:7)","timestamp":"2026-08-21T04:07:15.380Z"}
{"code":"ECONNREFUSED","level":"error","message":"Redis connection error:","service":"order-service","stack":"AggregateError [ECONNREFUSED]: \n    at internalConnectMultiple (node:net:1139:18)\n    at afterConnectMultiple (node:net:1714:7)","timestamp":"2026-08-21T04:07:15.893Z"}
{"code":"ECONNREFUSED","level":"error","message":"Redis connection error:","service":"order-service","stack":"AggregateError [ECONNREFUSED]: \n    at internalConnectMultiple (node:net:1139:18)\n    at afterConnectMultiple (node:net:1714:7)","timestamp":"2026-08-21T04:07:16.451Z"}
{"code":"ECONNREFUSED","level":"error","message":"Redis connection error:","service":"order-service","stack":"AggregateError [ECONNREFUSED]: \n    at internalConnectMultiple (node:net:1139:18)\n    at afterConnectMultiple (node:net:1714:7)","timestamp":"2026-08-21T04:07:17.053Z"}
{"code":"ECONNREFUSED","level":"error","message":"Redis connection error:","service":"order-service","stack":"AggregateError [ECONNREFUSED]: \n    at internalConnectMultiple (node:net:1139:18)\n    at afterConnectMultiple (node:net:1714:7)","timestamp":"2026-08-21T04:07:17.705Z"}
{"code":"ECONNREFUSED","level":"error","message":"Redis connection error:","service":"order-service","stack":"AggregateError [ECONNREFUSED]: \n    at internalConnectMultiple (node:net:1139:18)\n    at afterConnectMultiple (node:net:1714:7)","timestamp":"2026-08-21T04:07:18.418Z"}
{"code":"ECONNREFUSED","level":"error","message":"Redis connection error:","service":"order-service","stack":"AggregateError [ECONNREFUSED]: \n    at internalConnectMultiple (node:net:1139:18)\n    at afterConnectMultiple (node:net:1714:7)","timestamp":"2026-08-21T04:07:19.171Z"}
{"level":"info","message":"Redis connected successfully","service":"order-service","timestamp":"2026-08-21T04:07:19.977Z"}
{"code":"ECONNRESET","errno":-4077,"level":"error","message":"Redis connection error: read ECONNRESET","service":"order-service","stack":"Error: read ECONNRESET\n    at TCP.onStreamRead (node:internal/stream_base_commons:216:20)","syscall":"read","timestamp":"2026-08-21T04:07:19.978Z"}
{"level":"info","message":"Redis connected successfully","service":"order-service","timestamp":"2026-08-21T04:07:20.834Z"}
{"level":"info","message":"Stock reserved:","productId":"693167e58f25ae6a8a6469f6","quantity":1,"service":"order-service","timestamp":"2026-08-21T08:26:54.881Z"}
{"items":[{"productId":"693167e58f25ae6a8a6469f6","quantity":1}],"level":"info","message":"Inventory reserved:","orderId":"6a880bce5a25ba7b00b2281c","service":"order-service","timestamp":"2026-08-21T08:26:54.882Z"}
{"level":"error","message":"Cache order error: caches is not defined","service":"order-service","stack":"ReferenceError: caches is not defined\n    at OrderService.cacheOrder (D:\\ecommerce-microservices-platform\\services\\order-service\\src\\services\\orderService.js:341:23)\n    at OrderService.createOrder (D:\\ecommerce-microservices-platform\\services\\order-service\\src\\services\\orderService.js:97:18)\n    at process.processTicksAndRejections (node:internal/process/task_queues:105:5)\n    at async createOrder (D:\\ecommerce-microservices-platform\\services\\order-service\\src\\controllers\\orderController.js:11:21)","timestamp":"2026-08-21T08:26:55.177Z"}
{"level":"info","message":"Order created successfully:","orderId":"6a880bce5a25ba7b00b2281c","orderNumber":"ORDMT2ORAF075EEB2","service":"order-service","timestamp":"2026-08-21T08:26:55.178Z","total":15334.1,"userId":"6a702e0544c46c7bb0039816"}
{"level":"error","message":"Create order error: Cart is empty","service":"order-service","stack":"Error: Cart is empty\n    at OrderService.createOrder (D:\\ecommerce-microservices-platform\\services\\order-service\\src\\services\\orderService.js:34:15)\n    at process.processTicksAndRejections (node:internal/process/task_queues:105:5)\n    at async createOrder (D:\\ecommerce-microservices-platform\\services\\order-service\\src\\controllers\\orderController.js:11:21)","timestamp":"2026-08-21T08:29:21.473Z"}
{"level":"error","message":"Creat order controller error: Cart is empty","service":"order-service","stack":"Error: Cart is empty\n    at OrderService.createOrder (D:\\ecommerce-microservices-platform\\services\\order-service\\src\\services\\orderService.js:34:15)\n    at process.processTicksAndRejections (node:internal/process/task_queues:105:5)\n    at async createOrder (D:\\ecommerce-microservices-platform\\services\\order-service\\src\\controllers\\orderController.js:11:21)","timestamp":"2026-08-21T08:29:21.473Z"}
{"level":"info","message":"Stock reserved:","productId":"693167e58f25ae6a8a6469f6","quantity":2,"service":"order-service","timestamp":"2026-08-21T08:29:48.652Z"}
{"items":[{"productId":"693167e58f25ae6a8a6469f6","quantity":2}],"level":"info","message":"Inventory reserved:","orderId":"6a880c7c5a25ba7b00b2281e","service":"order-service","timestamp":"2026-08-21T08:29:48.653Z"}
{"level":"error","message":"Cache order error: caches is not defined","service":"order-service","stack":"ReferenceError: caches is not defined\n    at OrderService.cacheOrder (D:\\ecommerce-microservices-platform\\services\\order-service\\src\\services\\orderService.js:341:23)\n    at OrderService.createOrder (D:\\ecommerce-microservices-platform\\services\\order-service\\src\\services\\orderService.js:97:18)\n    at process.processTicksAndRejections (node:internal/process/task_queues:105:5)\n    at async createOrder (D:\\ecommerce-microservices-platform\\services\\order-service\\src\\controllers\\orderController.js:11:21)","timestamp":"2026-08-21T08:29:48.923Z"}
{"level":"info","message":"Order created successfully:","orderId":"6a880c7c5a25ba7b00b2281e","orderNumber":"ORDMT2OV0LD4A50A9","service":"order-service","timestamp":"2026-08-21T08:29:48.924Z","total":30668.2,"userId":"6a702e0544c46c7bb0039816"}
{"level":"info","message":"Stock reserved:","productId":"693167e58f25ae6a8a6469f2","quantity":1,"service":"order-service","timestamp":"2026-08-21T08:49:01.959Z"}
{"items":[{"productId":"693167e58f25ae6a8a6469f2","quantity":1}],"level":"info","message":"Inventory reserved:","orderId":"6a8810fd5a25ba7b00b22820","service":"order-service","timestamp":"2026-08-21T08:49:01.960Z"}
{"level":"error","message":"Cache order error: caches is not defined","service":"order-service","stack":"ReferenceError: caches is not defined\n    at OrderService.cacheOrder (D:\\ecommerce-microservices-platform\\services\\order-service\\src\\services\\orderService.js:341:23)\n    at OrderService.createOrder (D:\\ecommerce-microservices-platform\\services\\order-service\\src\\services\\orderService.js:97:18)\n    at process.processTicksAndRejections (node:internal/process/task_queues:105:5)\n    at async createOrder (D:\\ecommerce-microservices-platform\\services\\order-service\\src\\controllers\\orderController.js:11:21)","timestamp":"2026-08-21T08:49:02.233Z"}
{"level":"info","message":"Order created successfully:","orderId":"6a8810fd5a25ba7b00b22820","orderNumber":"ORDMT2PJQHY855C75","service":"order-service","timestamp":"2026-08-21T08:49:02.233Z","total":76698.82,"userId":"6a702e0544c46c7bb0039816"}
{"level":"info","message":"MongoDB Connected: cluster0-shard-00-00.ldi5y.mongodb.net","service":"order-service","timestamp":"2026-08-27T05:34:23.411Z"}
{"level":"info","message":"MongoDB Connected: cluster0-shard-00-00.ldi5y.mongodb.net","service":"order-service","timestamp":"2026-08-27T05:38:52.002Z"}
{"level":"info","message":"MongoDB Connected: cluster0-shard-00-00.ldi5y.mongodb.net","service":"order-service","timestamp":"2026-08-27T05:39:01.554Z"}
{"level":"info","message":"Order indexes created successfully","service":"order-service","timestamp":"2026-08-27T05:39:05.400Z"}
{"level":"info","message":"Redis connected successfully","service":"order-service","timestamp":"2026-08-27T05:39:05.406Z"}
{"environment":"development","level":"info","message":"Order Service started successfully","port":"3004","service":"order-service","timestamp":"2026-08-27T05:39:05.413Z"}
{"level":"info","message":"MongoDB Connected: cluster0-shard-00-00.ldi5y.mongodb.net","service":"order-service","timestamp":"2026-08-27T05:39:26.771Z"}
{"level":"info","message":"Order indexes created successfully","service":"order-service","timestamp":"2026-08-27T05:39:30.585Z"}
{"level":"info","message":"Redis connected successfully","service":"order-service","timestamp":"2026-08-27T05:39:30.591Z"}
{"environment":"development","level":"info","message":"Order Service started successfully","port":"3004","service":"order-service","timestamp":"2026-08-27T05:39:30.598Z"}
{"level":"info","message":"MongoDB Connected: cluster0-shard-00-02.ldi5y.mongodb.net","service":"order-service","timestamp":"2026-08-27T05:39:41.638Z"}
{"level":"info","message":"Order indexes created successfully","service":"order-service","timestamp":"2026-08-27T05:39:45.337Z"}
{"level":"info","message":"Redis connected successfully","service":"order-service","timestamp":"2026-08-27T05:39:45.342Z"}
{"environment":"development","level":"info","message":"Order Service started successfully","port":"3004","service":"order-service","timestamp":"2026-08-27T05:39:45.347Z"}
{"level":"info","message":"MongoDB Connected: cluster0-shard-00-02.ldi5y.mongodb.net","service":"order-service","timestamp":"2026-08-27T05:40:01.413Z"}
{"level":"info","message":"Order indexes created successfully","service":"order-service","timestamp":"2026-08-27T05:40:05.153Z"}
{"level":"info","message":"Redis connected successfully","service":"order-service","timestamp":"2026-08-27T05:40:05.159Z"}
{"environment":"development","level":"info","message":"Order Service started successfully","port":"3004","service":"order-service","timestamp":"2026-08-27T05:40:05.165Z"}
{"level":"info","message":"MongoDB Connected: cluster0-shard-00-00.ldi5y.mongodb.net","service":"order-service","timestamp":"2026-08-27T05:40:11.119Z"}
{"level":"info","message":"Order indexes created successfully","service":"order-service","timestamp":"2026-08-27T05:40:14.846Z"}
{"level":"info","message":"Redis connected successfully","service":"order-service","timestamp":"2026-08-27T05:40:14.850Z"}
{"environment":"development","level":"info","message":"Order Service started successfully","port":"3004","service":"order-service","timestamp":"2026-08-27T05:40:14.856Z"}
{"level":"info","message":"MongoDB Connected: cluster0-shard-00-01.ldi5y.mongodb.net","service":"order-service","timestamp":"2026-08-27T05:40:26.775Z"}
{"level":"info","message":"Order indexes created successfully","service":"order-service","timestamp":"2026-08-27T05:40:30.407Z"}
{"level":"info","message":"Redis connected successfully","service":"order-service","timestamp":"2026-08-27T05:40:30.412Z"}
{"environment":"development","level":"info","message":"Order Service started successfully","port":"3004","service":"order-service","timestamp":"2026-08-27T05:40:30.418Z"}
{"level":"info","message":"MongoDB Connected: cluster0-shard-00-02.ldi5y.mongodb.net","service":"order-service","timestamp":"2026-08-27T05:40:34.388Z"}
{"level":"info","message":"MongoDB Connected: cluster0-shard-00-02.ldi5y.mongodb.net","service":"order-service","timestamp":"2026-08-27T05:40:44.787Z"}
{"level":"info","message":"Order indexes created successfully","service":"order-service","timestamp":"2026-08-27T05:40:48.729Z"}
{"level":"info","message":"Redis connected successfully","service":"order-service","timestamp":"2026-08-27T05:40:48.735Z"}
{"environment":"development","level":"info","message":"Order Service started successfully","port":"3004","service":"order-service","timestamp":"2026-08-27T05:40:48.742Z"}
{"level":"info","message":"MongoDB Connected: cluster0-shard-00-01.ldi5y.mongodb.net","service":"order-service","timestamp":"2026-08-27T05:47:33.642Z"}
{"level":"info","message":"Order indexes created successfully","service":"order-service","timestamp":"2026-08-27T05:47:37.568Z"}
{"level":"info","message":"Redis connected successfully","service":"order-service","timestamp":"2026-08-27T05:47:37.573Z"}
{"environment":"development","level":"info","message":"Order Service started successfully","port":"3004","service":"order-service","timestamp":"2026-08-27T05:47:37.579Z"}
{"level":"info","message":"MongoDB Connected: cluster0-shard-00-00.ldi5y.mongodb.net","service":"order-service","timestamp":"2026-08-27T05:47:45.803Z"}
{"level":"info","message":"MongoDB Connected: cluster0-shard-00-00.ldi5y.mongodb.net","service":"order-service","timestamp":"2026-08-27T05:47:50.045Z"}
{"level":"info","message":"Order indexes created successfully","service":"order-service","timestamp":"2026-08-27T05:47:53.937Z"}
{"level":"info","message":"Redis connected successfully","service":"order-service","timestamp":"2026-08-27T05:47:53.942Z"}
{"environment":"development","level":"info","message":"Order Service started successfully","port":"3004","service":"order-service","timestamp":"2026-08-27T05:47:53.948Z"}
{"level":"error","message":"Get order error: this.cachedOrder is not a function","service":"order-service","stack":"TypeError: this.cachedOrder is not a function\n    at OrderService.getOrder (D:\\ecommerce-microservices-platform\\services\\order-service\\src\\services\\orderService.js:139:18)\n    at process.processTicksAndRejections (node:internal/process/task_queues:105:5)\n    at async getOrderById (D:\\ecommerce-microservices-platform\\services\\order-service\\src\\controllers\\orderController.js:70:21)","timestamp":"2026-08-27T05:52:12.294Z"}
{"level":"error","message":"Get order by ID controller error: this.cachedOrder is not a function","service":"order-service","stack":"TypeError: this.cachedOrder is not a function\n    at OrderService.getOrder (D:\\ecommerce-microservices-platform\\services\\order-service\\src\\services\\orderService.js:139:18)\n    at process.processTicksAndRejections (node:internal/process/task_queues:105:5)\n    at async getOrderById (D:\\ecommerce-microservices-platform\\services\\order-service\\src\\controllers\\orderController.js:70:21)","timestamp":"2026-08-27T05:52:12.295Z"}
{"level":"error","message":"Get order error: this.cachedOrder is not a function","service":"order-service","stack":"TypeError: this.cachedOrder is not a function\n    at OrderService.getOrder (D:\\ecommerce-microservices-platform\\services\\order-service\\src\\services\\orderService.js:139:18)\n    at process.processTicksAndRejections (node:internal/process/task_queues:105:5)\n    at async getOrderById (D:\\ecommerce-microservices-platform\\services\\order-service\\src\\controllers\\orderController.js:70:21)","timestamp":"2026-08-27T05:52:12.870Z"}
{"level":"error","message":"Get order by ID controller error: this.cachedOrder is not a function","service":"order-service","stack":"TypeError: this.cachedOrder is not a function\n    at OrderService.getOrder (D:\\ecommerce-microservices-platform\\services\\order-service\\src\\services\\orderService.js:139:18)\n    at process.processTicksAndRejections (node:internal/process/task_queues:105:5)\n    at async getOrderById (D:\\ecommerce-microservices-platform\\services\\order-service\\src\\controllers\\orderController.js:70:21)","timestamp":"2026-08-27T05:52:12.871Z"}
{"level":"error","message":"Get order error: this.cachedOrder is not a function","service":"order-service","stack":"TypeError: this.cachedOrder is not a function\n    at OrderService.getOrder (D:\\ecommerce-microservices-platform\\services\\order-service\\src\\services\\orderService.js:139:18)\n    at process.processTicksAndRejections (node:internal/process/task_queues:105:5)\n    at async getOrderById (D:\\ecommerce-microservices-platform\\services\\order-service\\src\\controllers\\orderController.js:70:21)","timestamp":"2026-08-27T05:52:16.230Z"}
{"level":"error","message":"Get order by ID controller error: this.cachedOrder is not a function","service":"order-service","stack":"TypeError: this.cachedOrder is not a function\n    at OrderService.getOrder (D:\\ecommerce-microservices-platform\\services\\order-service\\src\\services\\orderService.js:139:18)\n    at process.processTicksAndRejections (node:internal/process/task_queues:105:5)\n    at async getOrderById (D:\\ecommerce-microservices-platform\\services\\order-service\\src\\controllers\\orderController.js:70:21)","timestamp":"2026-08-27T05:52:16.230Z"}
{"level":"error","message":"Get order error: this.cachedOrder is not a function","service":"order-service","stack":"TypeError: this.cachedOrder is not a function\n    at OrderService.getOrder (D:\\ecommerce-microservices-platform\\services\\order-service\\src\\services\\orderService.js:139:18)\n    at process.processTicksAndRejections (node:internal/process/task_queues:105:5)\n    at async getOrderById (D:\\ecommerce-microservices-platform\\services\\order-service\\src\\controllers\\orderController.js:70:21)","timestamp":"2026-08-27T05:52:16.805Z"}
{"level":"error","message":"Get order by ID controller error: this.cachedOrder is not a function","service":"order-service","stack":"TypeError: this.cachedOrder is not a function\n    at OrderService.getOrder (D:\\ecommerce-microservices-platform\\services\\order-service\\src\\services\\orderService.js:139:18)\n    at process.processTicksAndRejections (node:internal/process/task_queues:105:5)\n    at async getOrderById (D:\\ecommerce-microservices-platform\\services\\order-service\\src\\controllers\\orderController.js:70:21)","timestamp":"2026-08-27T05:52:16.805Z"}
{"level":"info","message":"Stock reserved:","productId":"693167e58f25ae6a8a6469f4","quantity":1,"service":"order-service","timestamp":"2026-08-27T05:53:06.782Z"}
{"items":[{"productId":"693167e58f25ae6a8a6469f4","quantity":1}],"level":"info","message":"Inventory reserved:","orderId":"6a8fd0c2363b4101c3204008","service":"order-service","timestamp":"2026-08-27T05:53:06.783Z"}
{"level":"error","message":"Cache order error: caches is not defined","service":"order-service","stack":"ReferenceError: caches is not defined\n    at OrderService.cacheOrder (D:\\ecommerce-microservices-platform\\services\\order-service\\src\\services\\orderService.js:341:23)\n    at OrderService.createOrder (D:\\ecommerce-microservices-platform\\services\\order-service\\src\\services\\orderService.js:97:18)\n    at process.processTicksAndRejections (node:internal/process/task_queues:105:5)\n    at async createOrder (D:\\ecommerce-microservices-platform\\services\\order-service\\src\\controllers\\orderController.js:12:21)","timestamp":"2026-08-27T05:53:07.088Z"}
{"level":"info","message":"Order created successfully:","orderId":"6a8fd0c2363b4101c3204008","orderNumber":"ORDMTB3WLYHD25514","service":"order-service","timestamp":"2026-08-27T05:53:07.089Z","total":294882,"userId":"6a702e0544c46c7bb0039816"}
{"level":"error","message":"Get order internal controller error: OrderController.findById is not a function","service":"order-service","stack":"TypeError: OrderController.findById is not a function\n    at getOrderInternal (D:\\ecommerce-microservices-platform\\services\\order-service\\src\\controllers\\orderController.js:270:43)\n    at Layer.handleRequest (D:\\ecommerce-microservices-platform\\services\\order-service\\node_modules\\router\\lib\\layer.js:152:17)\n    at next (D:\\ecommerce-microservices-platform\\services\\order-service\\node_modules\\router\\lib\\route.js:157:13)\n    at requireInternalService (D:\\ecommerce-microservices-platform\\services\\order-service\\src\\middleware\\internalAuth.js:10:3)\n    at Layer.handleRequest (D:\\ecommerce-microservices-platform\\services\\order-service\\node_modules\\router\\lib\\layer.js:152:17)\n    at next (D:\\ecommerce-microservices-platform\\services\\order-service\\node_modules\\router\\lib\\route.js:157:13)\n    at Route.dispatch (D:\\ecommerce-microservices-platform\\services\\order-service\\node_modules\\router\\lib\\route.js:117:3)\n    at handle (D:\\ecommerce-microservices-platform\\services\\order-service\\node_modules\\router\\index.js:435:11)\n    at Layer.handleRequest (D:\\ecommerce-microservices-platform\\services\\order-service\\node_modules\\router\\lib\\layer.js:152:17)\n    at D:\\ecommerce-microservices-platform\\services\\order-service\\node_modules\\router\\index.js:295:15","timestamp":"2026-08-27T05:57:56.997Z"}
{"level":"info","message":"MongoDB Connected: cluster0-shard-00-02.ldi5y.mongodb.net","service":"order-service","timestamp":"2026-08-27T06:00:17.606Z"}
{"level":"info","message":"Order indexes created successfully","service":"order-service","timestamp":"2026-08-27T06:00:21.358Z"}
{"level":"info","message":"Redis connected successfully","service":"order-service","timestamp":"2026-08-27T06:00:21.363Z"}
{"environment":"development","level":"info","message":"Order Service started successfully","port":"3004","service":"order-service","timestamp":"2026-08-27T06:00:21.369Z"}
{"level":"info","message":"Stock reserved:","productId":"693167e58f25ae6a8a6469f0","quantity":1,"service":"order-service","timestamp":"2026-08-27T06:01:07.569Z"}
{"items":[{"productId":"693167e58f25ae6a8a6469f0","quantity":1}],"level":"info","message":"Inventory reserved:","orderId":"6a8fd2a3f6129d6e7275ea69","service":"order-service","timestamp":"2026-08-27T06:01:07.570Z"}
{"level":"error","message":"Cache order error: caches is not defined","service":"order-service","stack":"ReferenceError: caches is not defined\n    at OrderService.cacheOrder (D:\\ecommerce-microservices-platform\\services\\order-service\\src\\services\\orderService.js:341:23)\n    at OrderService.createOrder (D:\\ecommerce-microservices-platform\\services\\order-service\\src\\services\\orderService.js:97:18)\n    at process.processTicksAndRejections (node:internal/process/task_queues:105:5)\n    at async createOrder (D:\\ecommerce-microservices-platform\\services\\order-service\\src\\controllers\\orderController.js:12:21)","timestamp":"2026-08-27T06:01:07.862Z"}
{"level":"info","message":"Order created successfully:","orderId":"6a8fd2a3f6129d6e7275ea69","orderNumber":"ORDMTB46X18184ADB","service":"order-service","timestamp":"2026-08-27T06:01:07.863Z","total":147498.82,"userId":"6a702e0544c46c7bb0039816"}
{"level":"info","message":"Stock reserved:","productId":"693167e58f25ae6a8a6469f2","quantity":1,"service":"order-service","timestamp":"2026-08-27T06:01:48.938Z"}
{"items":[{"productId":"693167e58f25ae6a8a6469f2","quantity":1}],"level":"info","message":"Inventory reserved:","orderId":"6a8fd2ccf6129d6e7275ea6b","service":"order-service","timestamp":"2026-08-27T06:01:48.939Z"}
{"level":"error","message":"Cache order error: caches is not defined","service":"order-service","stack":"ReferenceError: caches is not defined\n    at OrderService.cacheOrder (D:\\ecommerce-microservices-platform\\services\\order-service\\src\\services\\orderService.js:341:23)\n    at OrderService.createOrder (D:\\ecommerce-microservices-platform\\services\\order-service\\src\\services\\orderService.js:97:18)\n    at process.processTicksAndRejections (node:internal/process/task_queues:105:5)\n    at async createOrder (D:\\ecommerce-microservices-platform\\services\\order-service\\src\\controllers\\orderController.js:12:21)","timestamp":"2026-08-27T06:01:49.215Z"}
{"level":"info","message":"Order created successfully:","orderId":"6a8fd2ccf6129d6e7275ea6b","orderNumber":"ORDMTB47SY12EA1B1","service":"order-service","timestamp":"2026-08-27T06:01:49.215Z","total":76698.82,"userId":"6a702e0544c46c7bb0039816"}
{"level":"info","message":"MongoDB Connected: cluster0-shard-00-00.ldi5y.mongodb.net","service":"order-service","timestamp":"2026-08-27T06:06:14.758Z"}
{"level":"info","message":"Order indexes created successfully","service":"order-service","timestamp":"2026-08-27T06:06:18.501Z"}
{"level":"info","message":"Redis connected successfully","service":"order-service","timestamp":"2026-08-27T06:06:18.506Z"}
{"environment":"development","level":"info","message":"Order Service started successfully","port":"3004","service":"order-service","timestamp":"2026-08-27T06:06:18.514Z"}
{"level":"info","message":"MongoDB Connected: cluster0-shard-00-02.ldi5y.mongodb.net","service":"order-service","timestamp":"2026-08-27T06:06:33.046Z"}
{"level":"info","message":"Order indexes created successfully","service":"order-service","timestamp":"2026-08-27T06:06:36.956Z"}
{"level":"info","message":"Redis connected successfully","service":"order-service","timestamp":"2026-08-27T06:06:36.961Z"}
{"environment":"development","level":"info","message":"Order Service started successfully","port":"3004","service":"order-service","timestamp":"2026-08-27T06:06:36.967Z"}
{"level":"info","message":"MongoDB Connected: cluster0-shard-00-02.ldi5y.mongodb.net","service":"order-service","timestamp":"2026-08-27T06:06:58.882Z"}
{"level":"info","message":"Order indexes created successfully","service":"order-service","timestamp":"2026-08-27T06:07:02.565Z"}
{"level":"info","message":"Redis connected successfully","service":"order-service","timestamp":"2026-08-27T06:07:02.570Z"}
{"environment":"development","level":"info","message":"Order Service started successfully","port":"3004","service":"order-service","timestamp":"2026-08-27T06:07:02.576Z"}
{"level":"info","message":"Stock reserved:","productId":"693167e58f25ae6a8a6469f2","quantity":1,"service":"order-service","timestamp":"2026-08-27T06:07:33.312Z"}
{"items":[{"productId":"693167e58f25ae6a8a6469f2","quantity":1}],"level":"info","message":"Inventory reserved:","orderId":"6a8fd424a9aaf82b6f867a84","service":"order-service","timestamp":"2026-08-27T06:07:33.313Z"}
{"level":"error","message":"Cache order error: caches is not defined","service":"order-service","stack":"ReferenceError: caches is not defined\n    at OrderService.cacheOrder (D:\\ecommerce-microservices-platform\\services\\order-service\\src\\services\\orderService.js:341:23)\n    at OrderService.createOrder (D:\\ecommerce-microservices-platform\\services\\order-service\\src\\services\\orderService.js:97:18)\n    at process.processTicksAndRejections (node:internal/process/task_queues:105:5)\n    at async createOrder (D:\\ecommerce-microservices-platform\\services\\order-service\\src\\controllers\\orderController.js:12:21)","timestamp":"2026-08-27T06:07:33.591Z"}
{"level":"info","message":"Order created successfully:","orderId":"6a8fd424a9aaf82b6f867a84","orderNumber":"ORDMTB4F6O634FFC0","service":"order-service","timestamp":"2026-08-27T06:07:33.591Z","total":76698.82,"userId":"6a702e0544c46c7bb0039816"}
{"level":"info","message":"MongoDB Connected: cluster0-shard-00-01.ldi5y.mongodb.net","service":"order-service","timestamp":"2026-08-27T06:08:57.247Z"}
{"level":"info","message":"Order indexes created successfully","service":"order-service","timestamp":"2026-08-27T06:09:01.048Z"}
{"level":"info","message":"Redis connected successfully","service":"order-service","timestamp":"2026-08-27T06:09:01.053Z"}
{"environment":"development","level":"info","message":"Order Service started successfully","port":"3004","service":"order-service","timestamp":"2026-08-27T06:09:01.060Z"}
{"level":"info","message":"Stock reserved:","productId":"693167e58f25ae6a8a6469ee","quantity":1,"service":"order-service","timestamp":"2026-08-27T06:10:01.662Z"}
{"items":[{"productId":"693167e58f25ae6a8a6469ee","quantity":1}],"level":"info","message":"Inventory reserved:","orderId":"6a8fd4b9d669d9d49e7ccb0a","service":"order-service","timestamp":"2026-08-27T06:10:01.663Z"}
{"level":"error","message":"Cache order error: caches is not defined","service":"order-service","stack":"ReferenceError: caches is not defined\n    at OrderService.cacheOrder (D:\\ecommerce-microservices-platform\\services\\order-service\\src\\services\\orderService.js:341:23)\n    at OrderService.createOrder (D:\\ecommerce-microservices-platform\\services\\order-service\\src\\services\\orderService.js:97:18)\n    at process.processTicksAndRejections (node:internal/process/task_queues:105:5)\n    at async createOrder (D:\\ecommerce-microservices-platform\\services\\order-service\\src\\controllers\\orderController.js:12:21)","timestamp":"2026-08-27T06:10:01.947Z"}
{"level":"info","message":"Order created successfully:","orderId":"6a8fd4b9d669d9d49e7ccb0a","orderNumber":"ORDMTB4ID4R063E42","service":"order-service","timestamp":"2026-08-27T06:10:01.947Z","total":159182,"userId":"6a702e0544c46c7bb0039816"}
{"level":"info","message":"Stock reserved:","productId":"693167e58f25ae6a8a6469f4","quantity":1,"service":"order-service","timestamp":"2026-08-27T06:12:50.527Z"}
{"items":[{"productId":"693167e58f25ae6a8a6469f4","quantity":1}],"level":"info","message":"Inventory reserved:","orderId":"6a8fd561d669d9d49e7ccb0c","service":"order-service","timestamp":"2026-08-27T06:12:50.528Z"}
{"level":"error","message":"Cache order error: caches is not defined","service":"order-service","stack":"ReferenceError: caches is not defined\n    at OrderService.cacheOrder (D:\\ecommerce-microservices-platform\\services\\order-service\\src\\services\\orderService.js:341:23)\n    at OrderService.createOrder (D:\\ecommerce-microservices-platform\\services\\order-service\\src\\services\\orderService.js:97:18)\n    at process.processTicksAndRejections (node:internal/process/task_queues:105:5)\n    at async createOrder (D:\\ecommerce-microservices-platform\\services\\order-service\\src\\controllers\\orderController.js:12:21)","timestamp":"2026-08-27T06:12:50.806Z"}
{"level":"info","message":"Order created successfully:","orderId":"6a8fd561d669d9d49e7ccb0c","orderNumber":"ORDMTB4LZG514AE3E","service":"order-service","timestamp":"2026-08-27T06:12:50.807Z","total":294882,"userId":"6a702e0544c46c7bb0039816"}
{"level":"info","message":"Stock reserved:","productId":"693167e58f25ae6a8a6469f4","quantity":1,"service":"order-service","timestamp":"2026-08-27T09:41:33.980Z"}
{"items":[{"productId":"693167e58f25ae6a8a6469f4","quantity":1}],"level":"info","message":"Inventory reserved:","orderId":"6a90064dd669d9d49e7ccb0f","service":"order-service","timestamp":"2026-08-27T09:41:33.981Z"}
{"level":"error","message":"Cache order error: caches is not defined","service":"order-service","stack":"ReferenceError: caches is not defined\n    at OrderService.cacheOrder (D:\\ecommerce-microservices-platform\\services\\order-service\\src\\services\\orderService.js:341:23)\n    at OrderService.createOrder (D:\\ecommerce-microservices-platform\\services\\order-service\\src\\services\\orderService.js:97:18)\n    at process.processTicksAndRejections (node:internal/process/task_queues:105:5)\n    at async createOrder (D:\\ecommerce-microservices-platform\\services\\order-service\\src\\controllers\\orderController.js:12:21)","timestamp":"2026-08-27T09:41:34.270Z"}
{"level":"info","message":"Order created successfully:","orderId":"6a90064dd669d9d49e7ccb0f","orderNumber":"ORDMTBC2ELTE82E2E","service":"order-service","timestamp":"2026-08-27T09:41:34.270Z","total":294882,"userId":"6a702e0544c46c7bb0039816"}
{"level":"info","message":"Stock reserved:","productId":"693167e58f25ae6a8a6469ee","quantity":1,"service":"order-service","timestamp":"2026-08-27T09:44:39.679Z"}
{"items":[{"productId":"693167e58f25ae6a8a6469ee","quantity":1}],"level":"info","message":"Inventory reserved:","orderId":"6a900707d669d9d49e7ccb12","service":"order-service","timestamp":"2026-08-27T09:44:39.680Z"}
{"level":"error","message":"Cache order error: caches is not defined","service":"order-service","stack":"ReferenceError: caches is not defined\n    at OrderService.cacheOrder (D:\\ecommerce-microservices-platform\\services\\order-service\\src\\services\\orderService.js:341:23)\n    at OrderService.createOrder (D:\\ecommerce-microservices-platform\\services\\order-service\\src\\services\\orderService.js:97:18)\n    at process.processTicksAndRejections (node:internal/process/task_queues:105:5)\n    at async createOrder (D:\\ecommerce-microservices-platform\\services\\order-service\\src\\controllers\\orderController.js:12:21)","timestamp":"2026-08-27T09:44:39.958Z"}
{"level":"info","message":"Order created successfully:","orderId":"6a900707d669d9d49e7ccb12","orderNumber":"ORDMTBC6DW76E8549","service":"order-service","timestamp":"2026-08-27T09:44:39.958Z","total":159182,"userId":"6a702e0544c46c7bb0039816"}
{"level":"info","message":"Stock reserved:","productId":"693167e58f25ae6a8a6469f0","quantity":1,"service":"order-service","timestamp":"2026-08-27T09:49:34.406Z"}
{"items":[{"productId":"693167e58f25ae6a8a6469f0","quantity":1}],"level":"info","message":"Inventory reserved:","orderId":"6a90082dd669d9d49e7ccb15","service":"order-service","timestamp":"2026-08-27T09:49:34.407Z"}
{"level":"error","message":"Cache order error: caches is not defined","service":"order-service","stack":"ReferenceError: caches is not defined\n    at OrderService.cacheOrder (D:\\ecommerce-microservices-platform\\services\\order-service\\src\\services\\orderService.js:341:23)\n    at OrderService.createOrder (D:\\ecommerce-microservices-platform\\services\\order-service\\src\\services\\orderService.js:97:18)\n    at process.processTicksAndRejections (node:internal/process/task_queues:105:5)\n    at async createOrder (D:\\ecommerce-microservices-platform\\services\\order-service\\src\\controllers\\orderController.js:12:21)","timestamp":"2026-08-27T09:49:34.685Z"}
{"level":"info","message":"Order created successfully:","orderId":"6a90082dd669d9d49e7ccb15","orderNumber":"ORDMTBCCPB0D35B77","service":"order-service","timestamp":"2026-08-27T09:49:34.686Z","total":147498.82,"userId":"6a702e0544c46c7bb0039816"}
{"level":"info","message":"Stock reserved:","productId":"693167e58f25ae6a8a6469f6","quantity":2,"service":"order-service","timestamp":"2026-08-27T09:55:41.437Z"}
{"items":[{"productId":"693167e58f25ae6a8a6469f6","quantity":2}],"level":"info","message":"Inventory reserved:","orderId":"6a90099cd669d9d49e7ccb18","service":"order-service","timestamp":"2026-08-27T09:55:41.438Z"}
{"level":"error","message":"Cache order error: caches is not defined","service":"order-service","stack":"ReferenceError: caches is not defined\n    at OrderService.cacheOrder (D:\\ecommerce-microservices-platform\\services\\order-service\\src\\services\\orderService.js:341:23)\n    at OrderService.createOrder (D:\\ecommerce-microservices-platform\\services\\order-service\\src\\services\\orderService.js:97:18)\n    at process.processTicksAndRejections (node:internal/process/task_queues:105:5)\n    at async createOrder (D:\\ecommerce-microservices-platform\\services\\order-service\\src\\controllers\\orderController.js:12:21)","timestamp":"2026-08-27T09:55:41.717Z"}
{"level":"info","message":"Order created successfully:","orderId":"6a90099cd669d9d49e7ccb18","orderNumber":"ORDMTBCKKIAB990C9","service":"order-service","timestamp":"2026-08-27T09:55:41.717Z","total":30668.2,"userId":"6a702e0544c46c7bb0039816"}
{"level":"error","message":"Create order error: Cart is empty","service":"order-service","stack":"Error: Cart is empty\n    at OrderService.createOrder (D:\\ecommerce-microservices-platform\\services\\order-service\\src\\services\\orderService.js:34:15)\n    at process.processTicksAndRejections (node:internal/process/task_queues:105:5)\n    at async createOrder (D:\\ecommerce-microservices-platform\\services\\order-service\\src\\controllers\\orderController.js:12:21)","timestamp":"2026-08-27T09:57:54.817Z"}
{"level":"error","message":"Creat order controller error: Cart is empty","service":"order-service","stack":"Error: Cart is empty\n    at OrderService.createOrder (D:\\ecommerce-microservices-platform\\services\\order-service\\src\\services\\orderService.js:34:15)\n    at process.processTicksAndRejections (node:internal/process/task_queues:105:5)\n    at async createOrder (D:\\ecommerce-microservices-platform\\services\\order-service\\src\\controllers\\orderController.js:12:21)","timestamp":"2026-08-27T09:57:54.818Z"}
{"level":"info","message":"Stock reserved:","productId":"693167e58f25ae6a8a6469f6","quantity":1,"service":"order-service","timestamp":"2026-08-27T09:58:31.743Z"}
{"items":[{"productId":"693167e58f25ae6a8a6469f6","quantity":1}],"level":"info","message":"Inventory reserved:","orderId":"6a900a47d669d9d49e7ccb1b","service":"order-service","timestamp":"2026-08-27T09:58:31.744Z"}
{"level":"error","message":"Cache order error: caches is not defined","service":"order-service","stack":"ReferenceError: caches is not defined\n    at OrderService.cacheOrder (D:\\ecommerce-microservices-platform\\services\\order-service\\src\\services\\orderService.js:341:23)\n    at OrderService.createOrder (D:\\ecommerce-microservices-platform\\services\\order-service\\src\\services\\orderService.js:97:18)\n    at process.processTicksAndRejections (node:internal/process/task_queues:105:5)\n    at async createOrder (D:\\ecommerce-microservices-platform\\services\\order-service\\src\\controllers\\orderController.js:12:21)","timestamp":"2026-08-27T09:58:32.024Z"}
{"level":"info","message":"Order created successfully:","orderId":"6a900a47d669d9d49e7ccb1b","orderNumber":"ORDMTBCO7WZD8D49F","service":"order-service","timestamp":"2026-08-27T09:58:32.024Z","total":15334.1,"userId":"6a702e0544c46c7bb0039816"}
{"level":"info","message":"Stock reserved:","productId":"693167e58f25ae6a8a6469f6","quantity":1,"service":"order-service","timestamp":"2026-08-27T10:04:31.659Z"}
{"items":[{"productId":"693167e58f25ae6a8a6469f6","quantity":1}],"level":"info","message":"Inventory reserved:","orderId":"6a900bafd669d9d49e7ccb1e","service":"order-service","timestamp":"2026-08-27T10:04:31.660Z"}
{"level":"error","message":"Cache order error: caches is not defined","service":"order-service","stack":"ReferenceError: caches is not defined\n    at OrderService.cacheOrder (D:\\ecommerce-microservices-platform\\services\\order-service\\src\\services\\orderService.js:341:23)\n    at OrderService.createOrder (D:\\ecommerce-microservices-platform\\services\\order-service\\src\\services\\orderService.js:97:18)\n    at process.processTicksAndRejections (node:internal/process/task_queues:105:5)\n    at async createOrder (D:\\ecommerce-microservices-platform\\services\\order-service\\src\\controllers\\orderController.js:12:21)","timestamp":"2026-08-27T10:04:31.938Z"}
{"level":"info","message":"Order created successfully:","orderId":"6a900bafd669d9d49e7ccb1e","orderNumber":"ORDMTBCVXMQ358120","service":"order-service","timestamp":"2026-08-27T10:04:31.939Z","total":15334.1,"userId":"6a702e0544c46c7bb0039816"}
{"level":"info","message":"Stock reserved:","productId":"693167e58f25ae6a8a6469f4","quantity":1,"service":"order-service","timestamp":"2026-08-27T10:07:49.258Z"}
{"items":[{"productId":"693167e58f25ae6a8a6469f4","quantity":1}],"level":"info","message":"Inventory reserved:","orderId":"6a900c74d669d9d49e7ccb21","service":"order-service","timestamp":"2026-08-27T10:07:49.259Z"}
{"level":"error","message":"Cache order error: caches is not defined","service":"order-service","stack":"ReferenceError: caches is not defined\n    at OrderService.cacheOrder (D:\\ecommerce-microservices-platform\\services\\order-service\\src\\services\\orderService.js:341:23)\n    at OrderService.createOrder (D:\\ecommerce-microservices-platform\\services\\order-service\\src\\services\\orderService.js:97:18)\n    at process.processTicksAndRejections (node:internal/process/task_queues:105:5)\n    at async createOrder (D:\\ecommerce-microservices-platform\\services\\order-service\\src\\controllers\\orderController.js:12:21)","timestamp":"2026-08-27T10:07:49.537Z"}
{"level":"info","message":"Order created successfully:","orderId":"6a900c74d669d9d49e7ccb21","orderNumber":"ORDMTBD063L7C85F9","service":"order-service","timestamp":"2026-08-27T10:07:49.538Z","total":294882,"userId":"6a702e0544c46c7bb0039816"}
{"level":"info","message":"Stock reserved:","productId":"693167e58f25ae6a8a6469f6","quantity":1,"service":"order-service","timestamp":"2026-08-27T10:11:12.176Z"}
{"items":[{"productId":"693167e58f25ae6a8a6469f6","quantity":1}],"level":"info","message":"Inventory reserved:","orderId":"6a900d3fd669d9d49e7ccb24","service":"order-service","timestamp":"2026-08-27T10:11:12.176Z"}
{"level":"error","message":"Cache order error: caches is not defined","service":"order-service","stack":"ReferenceError: caches is not defined\n    at OrderService.cacheOrder (D:\\ecommerce-microservices-platform\\services\\order-service\\src\\services\\orderService.js:341:23)\n    at OrderService.createOrder (D:\\ecommerce-microservices-platform\\services\\order-service\\src\\services\\orderService.js:97:18)\n    at process.processTicksAndRejections (node:internal/process/task_queues:105:5)\n    at async createOrder (D:\\ecommerce-microservices-platform\\services\\order-service\\src\\controllers\\orderController.js:12:21)","timestamp":"2026-08-27T10:11:12.455Z"}
{"level":"info","message":"Order created successfully:","orderId":"6a900d3fd669d9d49e7ccb24","orderNumber":"ORDMTBD4IO83F2B1C","service":"order-service","timestamp":"2026-08-27T10:11:12.455Z","total":15334.1,"userId":"6a702e0544c46c7bb0039816"}
{"level":"info","message":"MongoDB Connected: cluster0-shard-00-00.ldi5y.mongodb.net","service":"order-service","timestamp":"2026-08-29T09:48:45.971Z"}
{"level":"info","message":"Order indexes created successfully","service":"order-service","timestamp":"2026-08-29T09:48:49.886Z"}
{"code":"ECONNREFUSED","level":"error","message":"Redis connection error:","service":"order-service","stack":"AggregateError [ECONNREFUSED]: \n    at internalConnectMultiple (node:net:1139:18)\n    at afterConnectMultiple (node:net:1714:7)","timestamp":"2026-08-29T09:48:49.890Z"}
{"level":"error","message":"Redis initialization error: Connection is closed.","service":"order-service","stack":"Error: Connection is closed.\n    at EventEmitter.connectionCloseHandler (D:\\ecommerce-microservices-platform\\services\\order-service\\node_modules\\ioredis\\built\\Redis.js:208:28)\n    at Object.onceWrapper (node:events:633:26)\n    at EventEmitter.emit (node:events:518:28)\n    at process.processTicksAndRejections (node:internal/process/task_queues:85:11)","timestamp":"2026-08-29T09:48:49.891Z"}
{"environment":"development","level":"info","message":"Order Service started successfully","port":"3004","service":"order-service","timestamp":"2026-08-29T09:48:49.893Z"}
{"code":"ECONNREFUSED","level":"error","message":"Redis connection error:","service":"order-service","stack":"AggregateError [ECONNREFUSED]: \n    at internalConnectMultiple (node:net:1139:18)\n    at afterConnectMultiple (node:net:1714:7)","timestamp":"2026-08-29T09:48:49.956Z"}
{"code":"ECONNREFUSED","level":"error","message":"Redis connection error:","service":"order-service","stack":"AggregateError [ECONNREFUSED]: \n    at internalConnectMultiple (node:net:1139:18)\n    at afterConnectMultiple (node:net:1714:7)","timestamp":"2026-08-29T09:48:50.065Z"}
{"code":"ECONNREFUSED","level":"error","message":"Redis connection error:","service":"order-service","stack":"AggregateError [ECONNREFUSED]: \n    at internalConnectMultiple (node:net:1139:18)\n    at afterConnectMultiple (node:net:1714:7)","timestamp":"2026-08-29T09:48:50.224Z"}
{"code":"ECONNREFUSED","level":"error","message":"Redis connection error:","service":"order-service","stack":"AggregateError [ECONNREFUSED]: \n    at internalConnectMultiple (node:net:1139:18)\n    at afterConnectMultiple (node:net:1714:7)","timestamp":"2026-08-29T09:48:50.440Z"}
{"code":"ECONNREFUSED","level":"error","message":"Redis connection error:","service":"order-service","stack":"AggregateError [ECONNREFUSED]: \n    at internalConnectMultiple (node:net:1139:18)\n    at afterConnectMultiple (node:net:1714:7)","timestamp":"2026-08-29T09:48:50.702Z"}
{"code":"ECONNREFUSED","level":"error","message":"Redis connection error:","service":"order-service","stack":"AggregateError [ECONNREFUSED]: \n    at internalConnectMultiple (node:net:1139:18)\n    at afterConnectMultiple (node:net:1714:7)","timestamp":"2026-08-29T09:48:51.014Z"}
{"code":"ECONNREFUSED","level":"error","message":"Redis connection error:","service":"order-service","stack":"AggregateError [ECONNREFUSED]: \n    at internalConnectMultiple (node:net:1139:18)\n    at afterConnectMultiple (node:net:1714:7)","timestamp":"2026-08-29T09:48:51.371Z"}
{"code":"ECONNREFUSED","level":"error","message":"Redis connection error:","service":"order-service","stack":"AggregateError [ECONNREFUSED]: \n    at internalConnectMultiple (node:net:1139:18)\n    at afterConnectMultiple (node:net:1714:7)","timestamp":"2026-08-29T09:48:51.776Z"}
{"code":"ECONNREFUSED","level":"error","message":"Redis connection error:","service":"order-service","stack":"AggregateError [ECONNREFUSED]: \n    at internalConnectMultiple (node:net:1139:18)\n    at afterConnectMultiple (node:net:1714:7)","timestamp":"2026-08-29T09:48:52.244Z"}
{"code":"ECONNREFUSED","level":"error","message":"Redis connection error:","service":"order-service","stack":"AggregateError [ECONNREFUSED]: \n    at internalConnectMultiple (node:net:1139:18)\n    at afterConnectMultiple (node:net:1714:7)","timestamp":"2026-08-29T09:48:52.751Z"}
{"code":"ECONNREFUSED","level":"error","message":"Redis connection error:","service":"order-service","stack":"AggregateError [ECONNREFUSED]: \n    at internalConnectMultiple (node:net:1139:18)\n    at afterConnectMultiple (node:net:1714:7)","timestamp":"2026-08-29T09:48:53.317Z"}
{"code":"ECONNREFUSED","level":"error","message":"Redis connection error:","service":"order-service","stack":"AggregateError [ECONNREFUSED]: \n    at internalConnectMultiple (node:net:1139:18)\n    at afterConnectMultiple (node:net:1714:7)","timestamp":"2026-08-29T09:48:53.928Z"}
{"code":"ECONNREFUSED","level":"error","message":"Redis connection error:","service":"order-service","stack":"AggregateError [ECONNREFUSED]: \n    at internalConnectMultiple (node:net:1139:18)\n    at afterConnectMultiple (node:net:1714:7)","timestamp":"2026-08-29T09:48:54.592Z"}
{"code":"ECONNREFUSED","level":"error","message":"Redis connection error:","service":"order-service","stack":"AggregateError [ECONNREFUSED]: \n    at internalConnectMultiple (node:net:1139:18)\n    at afterConnectMultiple (node:net:1714:7)","timestamp":"2026-08-29T09:48:55.307Z"}
{"code":"ECONNREFUSED","level":"error","message":"Redis connection error:","service":"order-service","stack":"AggregateError [ECONNREFUSED]: \n    at internalConnectMultiple (node:net:1139:18)\n    at afterConnectMultiple (node:net:1714:7)","timestamp":"2026-08-29T09:48:56.065Z"}
{"code":"ECONNREFUSED","level":"error","message":"Redis connection error:","service":"order-service","stack":"AggregateError [ECONNREFUSED]: \n    at internalConnectMultiple (node:net:1139:18)\n    at afterConnectMultiple (node:net:1714:7)","timestamp":"2026-08-29T09:48:56.869Z"}
{"code":"ECONNREFUSED","level":"error","message":"Redis connection error:","service":"order-service","stack":"AggregateError [ECONNREFUSED]: \n    at internalConnectMultiple (node:net:1139:18)\n    at afterConnectMultiple (node:net:1714:7)","timestamp":"2026-08-29T09:48:57.731Z"}
{"code":"ECONNREFUSED","level":"error","message":"Redis connection error:","service":"order-service","stack":"AggregateError [ECONNREFUSED]: \n    at internalConnectMultiple (node:net:1139:18)\n    at afterConnectMultiple (node:net:1714:7)","timestamp":"2026-08-29T09:48:58.636Z"}
{"level":"info","message":"Redis connected successfully","service":"order-service","timestamp":"2026-08-29T09:48:59.598Z"}
{"level":"info","message":"Stock reserved:","productId":"693167e58f25ae6a8a6469f6","quantity":1,"service":"order-service","timestamp":"2026-08-29T10:11:26.238Z"}
{"items":[{"productId":"693167e58f25ae6a8a6469f6","quantity":1}],"level":"info","message":"Inventory reserved:","orderId":"6a92b04d41cddbf360a7e442","service":"order-service","timestamp":"2026-08-29T10:11:26.239Z"}
{"level":"error","message":"Cache order error: caches is not defined","service":"order-service","stack":"ReferenceError: caches is not defined\n    at OrderService.cacheOrder (D:\\ecommerce-microservices-platform\\services\\order-service\\src\\services\\orderService.js:341:23)\n    at OrderService.createOrder (D:\\ecommerce-microservices-platform\\services\\order-service\\src\\services\\orderService.js:97:18)\n    at process.processTicksAndRejections (node:internal/process/task_queues:105:5)\n    at async createOrder (D:\\ecommerce-microservices-platform\\services\\order-service\\src\\controllers\\orderController.js:12:21)","timestamp":"2026-08-29T10:11:26.531Z"}
{"level":"info","message":"Order created successfully:","orderId":"6a92b04d41cddbf360a7e442","orderNumber":"ORDMTE80IRE05FA3B","service":"order-service","timestamp":"2026-08-29T10:11:26.531Z","total":15334.1,"userId":"6a702e0544c46c7bb0039816"}
{"level":"error","message":"Get order error: this.cachedOrder is not a function","service":"order-service","stack":"TypeError: this.cachedOrder is not a function\n    at OrderService.getOrder (D:\\ecommerce-microservices-platform\\services\\order-service\\src\\services\\orderService.js:139:18)\n    at process.processTicksAndRejections (node:internal/process/task_queues:105:5)\n    at async getOrderById (D:\\ecommerce-microservices-platform\\services\\order-service\\src\\controllers\\orderController.js:72:21)","timestamp":"2026-08-29T10:12:12.019Z"}
{"level":"error","message":"Get order by ID controller error: this.cachedOrder is not a function","service":"order-service","stack":"TypeError: this.cachedOrder is not a function\n    at OrderService.getOrder (D:\\ecommerce-microservices-platform\\services\\order-service\\src\\services\\orderService.js:139:18)\n    at process.processTicksAndRejections (node:internal/process/task_queues:105:5)\n    at async getOrderById (D:\\ecommerce-microservices-platform\\services\\order-service\\src\\controllers\\orderController.js:72:21)","timestamp":"2026-08-29T10:12:12.020Z"}
{"level":"error","message":"Get order error: this.cachedOrder is not a function","service":"order-service","stack":"TypeError: this.cachedOrder is not a function\n    at OrderService.getOrder (D:\\ecommerce-microservices-platform\\services\\order-service\\src\\services\\orderService.js:139:18)\n    at process.processTicksAndRejections (node:internal/process/task_queues:105:5)\n    at async getOrderById (D:\\ecommerce-microservices-platform\\services\\order-service\\src\\controllers\\orderController.js:72:21)","timestamp":"2026-08-29T10:12:12.597Z"}
{"level":"error","message":"Get order by ID controller error: this.cachedOrder is not a function","service":"order-service","stack":"TypeError: this.cachedOrder is not a function\n    at OrderService.getOrder (D:\\ecommerce-microservices-platform\\services\\order-service\\src\\services\\orderService.js:139:18)\n    at process.processTicksAndRejections (node:internal/process/task_queues:105:5)\n    at async getOrderById (D:\\ecommerce-microservices-platform\\services\\order-service\\src\\controllers\\orderController.js:72:21)","timestamp":"2026-08-29T10:12:12.597Z"}
{"level":"info","message":"MongoDB Connected: cluster0-shard-00-02.ldi5y.mongodb.net","service":"order-service","timestamp":"2026-08-29T10:16:21.746Z"}
{"level":"info","message":"Order indexes created successfully","service":"order-service","timestamp":"2026-08-29T10:16:25.765Z"}
{"level":"info","message":"Redis connected successfully","service":"order-service","timestamp":"2026-08-29T10:16:25.771Z"}
{"environment":"development","level":"info","message":"Order Service started successfully","port":"3004","service":"order-service","timestamp":"2026-08-29T10:16:25.776Z"}
{"level":"info","message":"MongoDB Connected: cluster0-shard-00-02.ldi5y.mongodb.net","service":"order-service","timestamp":"2026-08-29T10:16:47.793Z"}
{"level":"info","message":"MongoDB Connected: cluster0-shard-00-02.ldi5y.mongodb.net","service":"order-service","timestamp":"2026-08-29T10:16:50.991Z"}
{"level":"info","message":"Order indexes created successfully","service":"order-service","timestamp":"2026-08-29T10:16:54.735Z"}
{"level":"info","message":"Redis connected successfully","service":"order-service","timestamp":"2026-08-29T10:16:54.740Z"}
{"environment":"development","level":"info","message":"Order Service started successfully","port":"3004","service":"order-service","timestamp":"2026-08-29T10:16:54.745Z"}
{"level":"info","message":"MongoDB Connected: cluster0-shard-00-01.ldi5y.mongodb.net","service":"order-service","timestamp":"2026-08-29T10:17:11.242Z"}
{"level":"info","message":"Order indexes created successfully","service":"order-service","timestamp":"2026-08-29T10:17:15.128Z"}
{"level":"info","message":"Redis connected successfully","service":"order-service","timestamp":"2026-08-29T10:17:15.133Z"}
{"environment":"development","level":"info","message":"Order Service started successfully","port":"3004","service":"order-service","timestamp":"2026-08-29T10:17:15.139Z"}
{"level":"info","message":"MongoDB Connected: cluster0-shard-00-01.ldi5y.mongodb.net","service":"order-service","timestamp":"2026-08-29T10:20:01.997Z"}
{"level":"info","message":"MongoDB Connected: cluster0-shard-00-00.ldi5y.mongodb.net","service":"order-service","timestamp":"2026-08-29T10:20:09.434Z"}
{"level":"info","message":"Order indexes created successfully","service":"order-service","timestamp":"2026-08-29T10:20:13.322Z"}
{"level":"info","message":"Redis connected successfully","service":"order-service","timestamp":"2026-08-29T10:20:13.328Z"}
{"environment":"development","level":"info","message":"Order Service started successfully","port":"3004","service":"order-service","timestamp":"2026-08-29T10:20:13.335Z"}
{"level":"info","message":"Stock reserved:","productId":"693167e58f25ae6a8a6469f6","quantity":1,"service":"order-service","timestamp":"2026-08-29T10:21:56.148Z"}
{"items":[{"productId":"693167e58f25ae6a8a6469f6","quantity":1}],"level":"info","message":"Inventory reserved:","orderId":"6a92b2c3154c2edeb83c0c02","service":"order-service","timestamp":"2026-08-29T10:21:56.149Z"}
{"level":"info","message":"Order created successfully:","orderId":"6a92b2c3154c2edeb83c0c02","orderNumber":"ORDMTE8E0VS39216F","service":"order-service","timestamp":"2026-08-29T10:21:56.445Z","total":15334.1,"userId":"6a702e0544c46c7bb0039816"}
{"level":"info","message":"MongoDB Connected: cluster0-shard-00-02.ldi5y.mongodb.net","service":"order-service","timestamp":"2026-08-29T10:29:00.922Z"}
{"level":"info","message":"Order indexes created successfully","service":"order-service","timestamp":"2026-08-29T10:29:04.917Z"}
{"code":"ECONNREFUSED","level":"error","message":"Redis connection error:","service":"order-service","stack":"AggregateError [ECONNREFUSED]: \n    at internalConnectMultiple (node:net:1139:18)\n    at afterConnectMultiple (node:net:1714:7)","timestamp":"2026-08-29T10:29:04.922Z"}
{"level":"error","message":"Redis initialization error: Connection is closed.","service":"order-service","stack":"Error: Connection is closed.\n    at EventEmitter.connectionCloseHandler (D:\\ecommerce-microservices-platform\\services\\order-service\\node_modules\\ioredis\\built\\Redis.js:208:28)\n    at Object.onceWrapper (node:events:633:26)\n    at EventEmitter.emit (node:events:518:28)\n    at process.processTicksAndRejections (node:internal/process/task_queues:85:11)","timestamp":"2026-08-29T10:29:04.923Z"}
{"environment":"development","level":"info","message":"Order Service started successfully","port":"3004","service":"order-service","timestamp":"2026-08-29T10:29:04.926Z"}
{"code":"ECONNREFUSED","level":"error","message":"Redis connection error:","service":"order-service","stack":"AggregateError [ECONNREFUSED]: \n    at internalConnectMultiple (node:net:1139:18)\n    at afterConnectMultiple (node:net:1714:7)","timestamp":"2026-08-29T10:29:04.983Z"}
{"code":"ECONNREFUSED","level":"error","message":"Redis connection error:","service":"order-service","stack":"AggregateError [ECONNREFUSED]: \n    at internalConnectMultiple (node:net:1139:18)\n    at afterConnectMultiple (node:net:1714:7)","timestamp":"2026-08-29T10:29:05.091Z"}
{"code":"ECONNREFUSED","level":"error","message":"Redis connection error:","service":"order-service","stack":"AggregateError [ECONNREFUSED]: \n    at internalConnectMultiple (node:net:1139:18)\n    at afterConnectMultiple (node:net:1714:7)","timestamp":"2026-08-29T10:29:05.246Z"}
{"code":"ECONNREFUSED","level":"error","message":"Redis connection error:","service":"order-service","stack":"AggregateError [ECONNREFUSED]: \n    at internalConnectMultiple (node:net:1139:18)\n    at afterConnectMultiple (node:net:1714:7)","timestamp":"2026-08-29T10:29:05.462Z"}
{"code":"ECONNREFUSED","level":"error","message":"Redis connection error:","service":"order-service","stack":"AggregateError [ECONNREFUSED]: \n    at internalConnectMultiple (node:net:1139:18)\n    at afterConnectMultiple (node:net:1714:7)","timestamp":"2026-08-29T10:29:05.728Z"}
{"code":"ECONNREFUSED","level":"error","message":"Redis connection error:","service":"order-service","stack":"AggregateError [ECONNREFUSED]: \n    at internalConnectMultiple (node:net:1139:18)\n    at afterConnectMultiple (node:net:1714:7)","timestamp":"2026-08-29T10:29:06.045Z"}
{"code":"ECONNREFUSED","level":"error","message":"Redis connection error:","service":"order-service","stack":"AggregateError [ECONNREFUSED]: \n    at internalConnectMultiple (node:net:1139:18)\n    at afterConnectMultiple (node:net:1714:7)","timestamp":"2026-08-29T10:29:06.405Z"}
{"code":"ECONNREFUSED","level":"error","message":"Redis connection error:","service":"order-service","stack":"AggregateError [ECONNREFUSED]: \n    at internalConnectMultiple (node:net:1139:18)\n    at afterConnectMultiple (node:net:1714:7)","timestamp":"2026-08-29T10:29:06.823Z"}
{"code":"ECONNREFUSED","level":"error","message":"Redis connection error:","service":"order-service","stack":"AggregateError [ECONNREFUSED]: \n    at internalConnectMultiple (node:net:1139:18)\n    at afterConnectMultiple (node:net:1714:7)","timestamp":"2026-08-29T10:29:07.288Z"}
{"code":"ECONNREFUSED","level":"error","message":"Redis connection error:","service":"order-service","stack":"AggregateError [ECONNREFUSED]: \n    at internalConnectMultiple (node:net:1139:18)\n    at afterConnectMultiple (node:net:1714:7)","timestamp":"2026-08-29T10:29:07.802Z"}
{"code":"ECONNREFUSED","level":"error","message":"Redis connection error:","service":"order-service","stack":"AggregateError [ECONNREFUSED]: \n    at internalConnectMultiple (node:net:1139:18)\n    at afterConnectMultiple (node:net:1714:7)","timestamp":"2026-08-29T10:29:08.359Z"}
{"code":"ECONNREFUSED","level":"error","message":"Redis connection error:","service":"order-service","stack":"AggregateError [ECONNREFUSED]: \n    at internalConnectMultiple (node:net:1139:18)\n    at afterConnectMultiple (node:net:1714:7)","timestamp":"2026-08-29T10:29:08.964Z"}
{"code":"ECONNREFUSED","level":"error","message":"Redis connection error:","service":"order-service","stack":"AggregateError [ECONNREFUSED]: \n    at internalConnectMultiple (node:net:1139:18)\n    at afterConnectMultiple (node:net:1714:7)","timestamp":"2026-08-29T10:29:09.628Z"}
{"code":"ECONNREFUSED","level":"error","message":"Redis connection error:","service":"order-service","stack":"AggregateError [ECONNREFUSED]: \n    at internalConnectMultiple (node:net:1139:18)\n    at afterConnectMultiple (node:net:1714:7)","timestamp":"2026-08-29T10:29:10.332Z"}
{"code":"ECONNREFUSED","level":"error","message":"Redis connection error:","service":"order-service","stack":"AggregateError [ECONNREFUSED]: \n    at internalConnectMultiple (node:net:1139:18)\n    at afterConnectMultiple (node:net:1714:7)","timestamp":"2026-08-29T10:29:11.098Z"}
{"code":"ECONNREFUSED","level":"error","message":"Redis connection error:","service":"order-service","stack":"AggregateError [ECONNREFUSED]: \n    at internalConnectMultiple (node:net:1139:18)\n    at afterConnectMultiple (node:net:1714:7)","timestamp":"2026-08-29T10:29:11.910Z"}
{"code":"ECONNREFUSED","level":"error","message":"Redis connection error:","service":"order-service","stack":"AggregateError [ECONNREFUSED]: \n    at internalConnectMultiple (node:net:1139:18)\n    at afterConnectMultiple (node:net:1714:7)","timestamp":"2026-08-29T10:29:12.777Z"}
{"code":"ECONNREFUSED","level":"error","message":"Redis connection error:","service":"order-service","stack":"AggregateError [ECONNREFUSED]: \n    at internalConnectMultiple (node:net:1139:18)\n    at afterConnectMultiple (node:net:1714:7)","timestamp":"2026-08-29T10:29:13.678Z"}
{"code":"ECONNREFUSED","level":"error","message":"Redis connection error:","service":"order-service","stack":"AggregateError [ECONNREFUSED]: \n    at internalConnectMultiple (node:net:1139:18)\n    at afterConnectMultiple (node:net:1714:7)","timestamp":"2026-08-29T10:29:14.643Z"}
{"code":"ECONNREFUSED","level":"error","message":"Redis connection error:","service":"order-service","stack":"AggregateError [ECONNREFUSED]: \n    at internalConnectMultiple (node:net:1139:18)\n    at afterConnectMultiple (node:net:1714:7)","timestamp":"2026-08-29T10:29:15.661Z"}
{"code":"ECONNREFUSED","level":"error","message":"Redis connection error:","service":"order-service","stack":"AggregateError [ECONNREFUSED]: \n    at internalConnectMultiple (node:net:1139:18)\n    at afterConnectMultiple (node:net:1714:7)","timestamp":"2026-08-29T10:29:16.714Z"}
{"code":"ECONNREFUSED","level":"error","message":"Redis connection error:","service":"order-service","stack":"AggregateError [ECONNREFUSED]: \n    at internalConnectMultiple (node:net:1139:18)\n    at afterConnectMultiple (node:net:1714:7)","timestamp":"2026-08-29T10:29:17.824Z"}
{"code":"ECONNREFUSED","level":"error","message":"Redis connection error:","service":"order-service","stack":"AggregateError [ECONNREFUSED]: \n    at internalConnectMultiple (node:net:1139:18)\n    at afterConnectMultiple (node:net:1714:7)","timestamp":"2026-08-29T10:29:18.991Z"}
{"code":"ECONNREFUSED","level":"error","message":"Redis connection error:","service":"order-service","stack":"AggregateError [ECONNREFUSED]: \n    at internalConnectMultiple (node:net:1139:18)\n    at afterConnectMultiple (node:net:1714:7)","timestamp":"2026-08-29T10:29:20.195Z"}
{"code":"ECONNREFUSED","level":"error","message":"Redis connection error:","service":"order-service","stack":"AggregateError [ECONNREFUSED]: \n    at internalConnectMultiple (node:net:1139:18)\n    at afterConnectMultiple (node:net:1714:7)","timestamp":"2026-08-29T10:29:21.448Z"}
{"code":"ECONNREFUSED","level":"error","message":"Redis connection error:","service":"order-service","stack":"AggregateError [ECONNREFUSED]: \n    at internalConnectMultiple (node:net:1139:18)\n    at afterConnectMultiple (node:net:1714:7)","timestamp":"2026-08-29T10:29:22.765Z"}
{"level":"info","message":"Redis connected successfully","service":"order-service","timestamp":"2026-08-29T10:29:24.128Z"}
{"code":"ECONNRESET","errno":-4077,"level":"error","message":"Redis connection error: read ECONNRESET","service":"order-service","stack":"Error: read ECONNRESET\n    at TCP.onStreamRead (node:internal/stream_base_commons:216:20)","syscall":"read","timestamp":"2026-08-29T10:29:24.129Z"}
{"level":"error","message":"Redis connection error: Reached the max retries per request limit (which is 3). Refer to \"maxRetriesPerRequest\" option for details.","service":"order-service","stack":"MaxRetriesPerRequestError: Reached the max retries per request limit (which is 3). Refer to \"maxRetriesPerRequest\" option for details.\n    at Socket.<anonymous> (D:\\ecommerce-microservices-platform\\services\\order-service\\node_modules\\ioredis\\built\\redis\\event_handler.js:207:37)\n    at Object.onceWrapper (node:events:633:26)\n    at Socket.emit (node:events:518:28)\n    at TCP.<anonymous> (node:net:351:12)","timestamp":"2026-08-29T10:29:24.129Z"}
{"level":"info","message":"Redis connected successfully","service":"order-service","timestamp":"2026-08-29T10:29:25.541Z"}
{"level":"info","message":"Stock reserved:","productId":"693167e58f25ae6a8a6469f6","quantity":1,"service":"order-service","timestamp":"2026-08-29T10:34:34.138Z"}
{"items":[{"productId":"693167e58f25ae6a8a6469f6","quantity":1}],"level":"info","message":"Inventory reserved:","orderId":"6a92b5b920ce726ea71c9a0b","service":"order-service","timestamp":"2026-08-29T10:34:34.139Z"}
{"level":"info","message":"Order created successfully:","orderId":"6a92b5b920ce726ea71c9a0b","orderNumber":"ORDMTE8U9N5E05509","service":"order-service","timestamp":"2026-08-29T10:34:34.441Z","total":15334.1,"userId":"6a702e0544c46c7bb0039816"}
{"level":"error","message":"Clear cart error:","service":"order-service","timestamp":"2026-08-29T10:34:34.746Z"}
{"level":"info","message":"MongoDB Connected: cluster0-shard-00-02.ldi5y.mongodb.net","service":"order-service","timestamp":"2026-08-31T07:59:17.035Z"}
{"level":"info","message":"Order indexes created successfully","service":"order-service","timestamp":"2026-08-31T07:59:21.022Z"}
{"code":"ECONNREFUSED","level":"error","message":"Redis connection error:","service":"order-service","stack":"AggregateError [ECONNREFUSED]: \n    at internalConnectMultiple (node:net:1139:18)\n    at afterConnectMultiple (node:net:1714:7)","timestamp":"2026-08-31T07:59:21.025Z"}
{"level":"error","message":"Redis initialization error: Connection is closed.","service":"order-service","stack":"Error: Connection is closed.\n    at EventEmitter.connectionCloseHandler (D:\\ecommerce-microservices-platform\\services\\order-service\\node_modules\\ioredis\\built\\Redis.js:208:28)\n    at Object.onceWrapper (node:events:633:26)\n    at EventEmitter.emit (node:events:518:28)\n    at process.processTicksAndRejections (node:internal/process/task_queues:85:11)","timestamp":"2026-08-31T07:59:21.026Z"}
{"environment":"development","level":"info","message":"Order Service started successfully","port":"3004","service":"order-service","timestamp":"2026-08-31T07:59:21.029Z"}
{"code":"ECONNREFUSED","level":"error","message":"Redis connection error:","service":"order-service","stack":"AggregateError [ECONNREFUSED]: \n    at internalConnectMultiple (node:net:1139:18)\n    at afterConnectMultiple (node:net:1714:7)","timestamp":"2026-08-31T07:59:21.086Z"}
{"code":"ECONNREFUSED","level":"error","message":"Redis connection error:","service":"order-service","stack":"AggregateError [ECONNREFUSED]: \n    at internalConnectMultiple (node:net:1139:18)\n    at afterConnectMultiple (node:net:1714:7)","timestamp":"2026-08-31T07:59:21.197Z"}
{"code":"ECONNREFUSED","level":"error","message":"Redis connection error:","service":"order-service","stack":"AggregateError [ECONNREFUSED]: \n    at internalConnectMultiple (node:net:1139:18)\n    at afterConnectMultiple (node:net:1714:7)","timestamp":"2026-08-31T07:59:21.355Z"}
{"code":"ECONNREFUSED","level":"error","message":"Redis connection error:","service":"order-service","stack":"AggregateError [ECONNREFUSED]: \n    at internalConnectMultiple (node:net:1139:18)\n    at afterConnectMultiple (node:net:1714:7)","timestamp":"2026-08-31T07:59:21.561Z"}
{"code":"ECONNREFUSED","level":"error","message":"Redis connection error:","service":"order-service","stack":"AggregateError [ECONNREFUSED]: \n    at internalConnectMultiple (node:net:1139:18)\n    at afterConnectMultiple (node:net:1714:7)","timestamp":"2026-08-31T07:59:21.816Z"}
{"code":"ECONNREFUSED","level":"error","message":"Redis connection error:","service":"order-service","stack":"AggregateError [ECONNREFUSED]: \n    at internalConnectMultiple (node:net:1139:18)\n    at afterConnectMultiple (node:net:1714:7)","timestamp":"2026-08-31T07:59:22.124Z"}
{"level":"info","message":"Redis connected successfully","service":"order-service","timestamp":"2026-08-31T07:59:22.485Z"}
{"code":"ECONNRESET","errno":-4077,"level":"error","message":"Redis connection error: read ECONNRESET","service":"order-service","stack":"Error: read ECONNRESET\n    at TCP.onStreamRead (node:internal/stream_base_commons:216:20)","syscall":"read","timestamp":"2026-08-31T07:59:22.486Z"}
{"level":"error","message":"Redis connection error: Reached the max retries per request limit (which is 3). Refer to \"maxRetriesPerRequest\" option for details.","service":"order-service","stack":"MaxRetriesPerRequestError: Reached the max retries per request limit (which is 3). Refer to \"maxRetriesPerRequest\" option for details.\n    at Socket.<anonymous> (D:\\ecommerce-microservices-platform\\services\\order-service\\node_modules\\ioredis\\built\\redis\\event_handler.js:207:37)\n    at Object.onceWrapper (node:events:633:26)\n    at Socket.emit (node:events:518:28)\n    at TCP.<anonymous> (node:net:351:12)","timestamp":"2026-08-31T07:59:22.487Z"}
{"level":"info","message":"Redis connected successfully","service":"order-service","timestamp":"2026-08-31T07:59:22.897Z"}
{"level":"info","message":"Redis connected successfully","service":"order-service","timestamp":"2026-08-31T15:06:29.086Z"}
{"level":"info","message":"Redis connected successfully","service":"order-service","timestamp":"2026-08-31T15:06:29.207Z"}
{"level":"info","message":"Redis connected successfully","service":"order-service","timestamp":"2026-08-31T15:06:29.370Z"}
{"level":"error","message":"Redis connection error: Reached the max retries per request limit (which is 3). Refer to \"maxRetriesPerRequest\" option for details.","service":"order-service","stack":"MaxRetriesPerRequestError: Reached the max retries per request limit (which is 3). Refer to \"maxRetriesPerRequest\" option for details.\n    at Socket.<anonymous> (D:\\ecommerce-microservices-platform\\services\\order-service\\node_modules\\ioredis\\built\\redis\\event_handler.js:207:37)\n    at Object.onceWrapper (node:events:633:26)\n    at Socket.emit (node:events:518:28)\n    at TCP.<anonymous> (node:net:351:12)","timestamp":"2026-08-31T15:06:29.372Z"}
{"level":"info","message":"Redis connected successfully","service":"order-service","timestamp":"2026-08-31T15:06:29.585Z"}
{"level":"info","message":"Redis connected successfully","service":"order-service","timestamp":"2026-08-31T15:06:29.847Z"}
{"code":"ECONNREFUSED","level":"error","message":"Redis connection error:","service":"order-service","stack":"AggregateError [ECONNREFUSED]: \n    at internalConnectMultiple (node:net:1139:18)\n    at afterConnectMultiple (node:net:1714:7)","timestamp":"2026-08-31T15:06:30.152Z"}
{"code":"ECONNREFUSED","level":"error","message":"Redis connection error:","service":"order-service","stack":"AggregateError [ECONNREFUSED]: \n    at internalConnectMultiple (node:net:1139:18)\n    at afterConnectMultiple (node:net:1714:7)","timestamp":"2026-08-31T15:06:30.509Z"}
{"level":"error","message":"Redis connection error: Reached the max retries per request limit (which is 3). Refer to \"maxRetriesPerRequest\" option for details.","service":"order-service","stack":"MaxRetriesPerRequestError: Reached the max retries per request limit (which is 3). Refer to \"maxRetriesPerRequest\" option for details.\n    at Socket.<anonymous> (D:\\ecommerce-microservices-platform\\services\\order-service\\node_modules\\ioredis\\built\\redis\\event_handler.js:207:37)\n    at Object.onceWrapper (node:events:633:26)\n    at Socket.emit (node:events:518:28)\n    at TCP.<anonymous> (node:net:351:12)","timestamp":"2026-08-31T15:06:30.510Z"}
{"code":"ECONNREFUSED","level":"error","message":"Redis connection error:","service":"order-service","stack":"AggregateError [ECONNREFUSED]: \n    at internalConnectMultiple (node:net:1139:18)\n    at afterConnectMultiple (node:net:1714:7)","timestamp":"2026-08-31T15:06:30.922Z"}
{"code":"ECONNREFUSED","level":"error","message":"Redis connection error:","service":"order-service","stack":"AggregateError [ECONNREFUSED]: \n    at internalConnectMultiple (node:net:1139:18)\n    at afterConnectMultiple (node:net:1714:7)","timestamp":"2026-08-31T15:06:31.380Z"}
{"code":"ECONNREFUSED","level":"error","message":"Redis connection error:","service":"order-service","stack":"AggregateError [ECONNREFUSED]: \n    at internalConnectMultiple (node:net:1139:18)\n    at afterConnectMultiple (node:net:1714:7)","timestamp":"2026-08-31T15:06:31.886Z"}
{"code":"ECONNREFUSED","level":"error","message":"Redis connection error:","service":"order-service","stack":"AggregateError [ECONNREFUSED]: \n    at internalConnectMultiple (node:net:1139:18)\n    at afterConnectMultiple (node:net:1714:7)","timestamp":"2026-08-31T15:06:32.438Z"}
{"code":"ECONNREFUSED","level":"error","message":"Redis connection error:","service":"order-service","stack":"AggregateError [ECONNREFUSED]: \n    at internalConnectMultiple (node:net:1139:18)\n    at afterConnectMultiple (node:net:1714:7)","timestamp":"2026-08-31T15:06:33.041Z"}
{"code":"ECONNREFUSED","level":"error","message":"Redis connection error:","service":"order-service","stack":"AggregateError [ECONNREFUSED]: \n    at internalConnectMultiple (node:net:1139:18)\n    at afterConnectMultiple (node:net:1714:7)","timestamp":"2026-08-31T15:06:33.704Z"}
{"code":"ECONNREFUSED","level":"error","message":"Redis connection error:","service":"order-service","stack":"AggregateError [ECONNREFUSED]: \n    at internalConnectMultiple (node:net:1139:18)\n    at afterConnectMultiple (node:net:1714:7)","timestamp":"2026-08-31T15:06:34.416Z"}
{"code":"ECONNREFUSED","level":"error","message":"Redis connection error:","service":"order-service","stack":"AggregateError [ECONNREFUSED]: \n    at internalConnectMultiple (node:net:1139:18)\n    at afterConnectMultiple (node:net:1714:7)","timestamp":"2026-08-31T15:06:35.175Z"}
{"code":"ECONNREFUSED","level":"error","message":"Redis connection error:","service":"order-service","stack":"AggregateError [ECONNREFUSED]: \n    at internalConnectMultiple (node:net:1139:18)\n    at afterConnectMultiple (node:net:1714:7)","timestamp":"2026-08-31T15:06:35.981Z"}
{"level":"info","message":"MongoDB Connected: cluster0-shard-00-01.ldi5y.mongodb.net","service":"order-service","timestamp":"2026-08-31T15:06:39.588Z"}
{"level":"info","message":"MongoDB Connected: cluster0-shard-00-01.ldi5y.mongodb.net","service":"order-service","timestamp":"2026-09-01T05:41:20.720Z"}
{"level":"info","message":"Order indexes created successfully","service":"order-service","timestamp":"2026-09-01T05:41:24.560Z"}
{"code":"ECONNREFUSED","level":"error","message":"Redis connection error:","service":"order-service","stack":"AggregateError [ECONNREFUSED]: \n    at internalConnectMultiple (node:net:1139:18)\n    at afterConnectMultiple (node:net:1714:7)","timestamp":"2026-09-01T05:41:24.564Z"}
{"level":"error","message":"Redis initialization error: Connection is closed.","service":"order-service","stack":"Error: Connection is closed.\n    at EventEmitter.connectionCloseHandler (D:\\ecommerce-microservices-platform\\services\\order-service\\node_modules\\ioredis\\built\\Redis.js:208:28)\n    at Object.onceWrapper (node:events:633:26)\n    at EventEmitter.emit (node:events:518:28)\n    at process.processTicksAndRejections (node:internal/process/task_queues:85:11)","timestamp":"2026-09-01T05:41:24.565Z"}
{"environment":"development","level":"info","message":"Order Service started successfully","port":"3004","service":"order-service","timestamp":"2026-09-01T05:41:24.567Z"}
{"code":"ECONNREFUSED","level":"error","message":"Redis connection error:","service":"order-service","stack":"AggregateError [ECONNREFUSED]: \n    at internalConnectMultiple (node:net:1139:18)\n    at afterConnectMultiple (node:net:1714:7)","timestamp":"2026-09-01T05:41:24.631Z"}
{"code":"ECONNREFUSED","level":"error","message":"Redis connection error:","service":"order-service","stack":"AggregateError [ECONNREFUSED]: \n    at internalConnectMultiple (node:net:1139:18)\n    at afterConnectMultiple (node:net:1714:7)","timestamp":"2026-09-01T05:41:24.747Z"}
{"code":"ECONNREFUSED","level":"error","message":"Redis connection error:","service":"order-service","stack":"AggregateError [ECONNREFUSED]: \n    at internalConnectMultiple (node:net:1139:18)\n    at afterConnectMultiple (node:net:1714:7)","timestamp":"2026-09-01T05:41:24.913Z"}
{"code":"ECONNREFUSED","level":"error","message":"Redis connection error:","service":"order-service","stack":"AggregateError [ECONNREFUSED]: \n    at internalConnectMultiple (node:net:1139:18)\n    at afterConnectMultiple (node:net:1714:7)","timestamp":"2026-09-01T05:41:25.130Z"}
{"code":"ECONNREFUSED","level":"error","message":"Redis connection error:","service":"order-service","stack":"AggregateError [ECONNREFUSED]: \n    at internalConnectMultiple (node:net:1139:18)\n    at afterConnectMultiple (node:net:1714:7)","timestamp":"2026-09-01T05:41:25.396Z"}
{"code":"ECONNREFUSED","level":"error","message":"Redis connection error:","service":"order-service","stack":"AggregateError [ECONNREFUSED]: \n    at internalConnectMultiple (node:net:1139:18)\n    at afterConnectMultiple (node:net:1714:7)","timestamp":"2026-09-01T05:41:25.713Z"}
{"code":"ECONNREFUSED","level":"error","message":"Redis connection error:","service":"order-service","stack":"AggregateError [ECONNREFUSED]: \n    at internalConnectMultiple (node:net:1139:18)\n    at afterConnectMultiple (node:net:1714:7)","timestamp":"2026-09-01T05:41:26.079Z"}
{"code":"ECONNREFUSED","level":"error","message":"Redis connection error:","service":"order-service","stack":"AggregateError [ECONNREFUSED]: \n    at internalConnectMultiple (node:net:1139:18)\n    at afterConnectMultiple (node:net:1714:7)","timestamp":"2026-09-01T05:41:26.481Z"}
{"code":"ECONNREFUSED","level":"error","message":"Redis connection error:","service":"order-service","stack":"AggregateError [ECONNREFUSED]: \n    at internalConnectMultiple (node:net:1139:18)\n    at afterConnectMultiple (node:net:1714:7)","timestamp":"2026-09-01T05:41:26.947Z"}
{"code":"ECONNREFUSED","level":"error","message":"Redis connection error:","service":"order-service","stack":"AggregateError [ECONNREFUSED]: \n    at internalConnectMultiple (node:net:1139:18)\n    at afterConnectMultiple (node:net:1714:7)","timestamp":"2026-09-01T05:41:27.463Z"}
{"code":"ECONNREFUSED","level":"error","message":"Redis connection error:","service":"order-service","stack":"AggregateError [ECONNREFUSED]: \n    at internalConnectMultiple (node:net:1139:18)\n    at afterConnectMultiple (node:net:1714:7)","timestamp":"2026-09-01T05:41:28.029Z"}
{"level":"info","message":"Redis connected successfully","service":"order-service","timestamp":"2026-09-01T05:41:28.633Z"}
{"level":"info","message":"Redis connected successfully","service":"order-service","timestamp":"2026-09-01T14:51:01.785Z"}
{"level":"info","message":"Redis connected successfully","service":"order-service","timestamp":"2026-09-01T14:51:01.910Z"}
{"level":"info","message":"Redis connected successfully","service":"order-service","timestamp":"2026-09-01T14:51:02.074Z"}
{"level":"error","message":"Redis connection error: Reached the max retries per request limit (which is 3). Refer to \"maxRetriesPerRequest\" option for details.","service":"order-service","stack":"MaxRetriesPerRequestError: Reached the max retries per request limit (which is 3). Refer to \"maxRetriesPerRequest\" option for details.\n    at Socket.<anonymous> (D:\\ecommerce-microservices-platform\\services\\order-service\\node_modules\\ioredis\\built\\redis\\event_handler.js:207:37)\n    at Object.onceWrapper (node:events:633:26)\n    at Socket.emit (node:events:518:28)\n    at TCP.<anonymous> (node:net:351:12)","timestamp":"2026-09-01T14:51:02.077Z"}
{"code":"ECONNREFUSED","level":"error","message":"Redis connection error:","service":"order-service","stack":"AggregateError [ECONNREFUSED]: \n    at internalConnectMultiple (node:net:1139:18)\n    at afterConnectMultiple (node:net:1714:7)","timestamp":"2026-09-01T14:51:02.279Z"}
{"code":"ECONNREFUSED","level":"error","message":"Redis connection error:","service":"order-service","stack":"AggregateError [ECONNREFUSED]: \n    at internalConnectMultiple (node:net:1139:18)\n    at afterConnectMultiple (node:net:1714:7)","timestamp":"2026-09-01T14:51:02.532Z"}
{"code":"ECONNREFUSED","level":"error","message":"Redis connection error:","service":"order-service","stack":"AggregateError [ECONNREFUSED]: \n    at internalConnectMultiple (node:net:1139:18)\n    at afterConnectMultiple (node:net:1714:7)","timestamp":"2026-09-01T14:51:02.847Z"}
{"code":"ECONNREFUSED","level":"error","message":"Redis connection error:","service":"order-service","stack":"AggregateError [ECONNREFUSED]: \n    at internalConnectMultiple (node:net:1139:18)\n    at afterConnectMultiple (node:net:1714:7)","timestamp":"2026-09-01T14:51:03.210Z"}
{"code":"ECONNREFUSED","level":"error","message":"Redis connection error:","service":"order-service","stack":"AggregateError [ECONNREFUSED]: \n    at internalConnectMultiple (node:net:1139:18)\n    at afterConnectMultiple (node:net:1714:7)","timestamp":"2026-09-01T14:51:03.619Z"}
{"code":"ECONNREFUSED","level":"error","message":"Redis connection error:","service":"order-service","stack":"AggregateError [ECONNREFUSED]: \n    at internalConnectMultiple (node:net:1139:18)\n    at afterConnectMultiple (node:net:1714:7)","timestamp":"2026-09-01T14:51:04.077Z"}
{"code":"ECONNREFUSED","level":"error","message":"Redis connection error:","service":"order-service","stack":"AggregateError [ECONNREFUSED]: \n    at internalConnectMultiple (node:net:1139:18)\n    at afterConnectMultiple (node:net:1714:7)","timestamp":"2026-09-01T14:51:04.581Z"}
{"code":"ECONNREFUSED","level":"error","message":"Redis connection error:","service":"order-service","stack":"AggregateError [ECONNREFUSED]: \n    at internalConnectMultiple (node:net:1139:18)\n    at afterConnectMultiple (node:net:1714:7)","timestamp":"2026-09-01T14:51:05.133Z"}
{"code":"ECONNREFUSED","level":"error","message":"Redis connection error:","service":"order-service","stack":"AggregateError [ECONNREFUSED]: \n    at internalConnectMultiple (node:net:1139:18)\n    at afterConnectMultiple (node:net:1714:7)","timestamp":"2026-09-01T14:51:05.749Z"}
{"code":"ECONNREFUSED","level":"error","message":"Redis connection error:","service":"order-service","stack":"AggregateError [ECONNREFUSED]: \n    at internalConnectMultiple (node:net:1139:18)\n    at afterConnectMultiple (node:net:1714:7)","timestamp":"2026-09-01T14:51:06.411Z"}
{"code":"ECONNREFUSED","level":"error","message":"Redis connection error:","service":"order-service","stack":"AggregateError [ECONNREFUSED]: \n    at internalConnectMultiple (node:net:1139:18)\n    at afterConnectMultiple (node:net:1714:7)","timestamp":"2026-09-01T14:51:07.121Z"}
{"code":"ECONNREFUSED","level":"error","message":"Redis connection error:","service":"order-service","stack":"AggregateError [ECONNREFUSED]: \n    at internalConnectMultiple (node:net:1139:18)\n    at afterConnectMultiple (node:net:1714:7)","timestamp":"2026-09-01T14:51:07.880Z"}
{"level":"info","message":"MongoDB Connected: cluster0-shard-00-01.ldi5y.mongodb.net","service":"order-service","timestamp":"2026-09-02T06:15:25.512Z"}
{"level":"info","message":"Order indexes created successfully","service":"order-service","timestamp":"2026-09-02T06:15:30.597Z"}
{"code":"ECONNREFUSED","level":"error","message":"Redis connection error:","service":"order-service","stack":"AggregateError [ECONNREFUSED]: \n    at internalConnectMultiple (node:net:1139:18)\n    at afterConnectMultiple (node:net:1714:7)","timestamp":"2026-09-02T06:15:30.601Z"}
{"level":"error","message":"Redis initialization error: Connection is closed.","service":"order-service","stack":"Error: Connection is closed.\n    at EventEmitter.connectionCloseHandler (D:\\ecommerce-microservices-platform\\services\\order-service\\node_modules\\ioredis\\built\\Redis.js:208:28)\n    at Object.onceWrapper (node:events:633:26)\n    at EventEmitter.emit (node:events:518:28)\n    at process.processTicksAndRejections (node:internal/process/task_queues:85:11)","timestamp":"2026-09-02T06:15:30.602Z"}
{"environment":"development","level":"info","message":"Order Service started successfully","port":"3004","service":"order-service","timestamp":"2026-09-02T06:15:30.604Z"}
{"code":"ECONNREFUSED","level":"error","message":"Redis connection error:","service":"order-service","stack":"AggregateError [ECONNREFUSED]: \n    at internalConnectMultiple (node:net:1139:18)\n    at afterConnectMultiple (node:net:1714:7)","timestamp":"2026-09-02T06:15:30.653Z"}
{"code":"ECONNREFUSED","level":"error","message":"Redis connection error:","service":"order-service","stack":"AggregateError [ECONNREFUSED]: \n    at internalConnectMultiple (node:net:1139:18)\n    at afterConnectMultiple (node:net:1714:7)","timestamp":"2026-09-02T06:15:30.764Z"}
{"code":"ECONNREFUSED","level":"error","message":"Redis connection error:","service":"order-service","stack":"AggregateError [ECONNREFUSED]: \n    at internalConnectMultiple (node:net:1139:18)\n    at afterConnectMultiple (node:net:1714:7)","timestamp":"2026-09-02T06:15:30.922Z"}
{"code":"ECONNREFUSED","level":"error","message":"Redis connection error:","service":"order-service","stack":"AggregateError [ECONNREFUSED]: \n    at internalConnectMultiple (node:net:1139:18)\n    at afterConnectMultiple (node:net:1714:7)","timestamp":"2026-09-02T06:15:31.128Z"}
{"code":"ECONNREFUSED","level":"error","message":"Redis connection error:","service":"order-service","stack":"AggregateError [ECONNREFUSED]: \n    at internalConnectMultiple (node:net:1139:18)\n    at afterConnectMultiple (node:net:1714:7)","timestamp":"2026-09-02T06:15:31.380Z"}
{"code":"ECONNREFUSED","level":"error","message":"Redis connection error:","service":"order-service","stack":"AggregateError [ECONNREFUSED]: \n    at internalConnectMultiple (node:net:1139:18)\n    at afterConnectMultiple (node:net:1714:7)","timestamp":"2026-09-02T06:15:31.694Z"}
{"code":"ECONNREFUSED","level":"error","message":"Redis connection error:","service":"order-service","stack":"AggregateError [ECONNREFUSED]: \n    at internalConnectMultiple (node:net:1139:18)\n    at afterConnectMultiple (node:net:1714:7)","timestamp":"2026-09-02T06:15:32.058Z"}
{"code":"ECONNREFUSED","level":"error","message":"Redis connection error:","service":"order-service","stack":"AggregateError [ECONNREFUSED]: \n    at internalConnectMultiple (node:net:1139:18)\n    at afterConnectMultiple (node:net:1714:7)","timestamp":"2026-09-02T06:15:32.464Z"}
{"code":"ECONNREFUSED","level":"error","message":"Redis connection error:","service":"order-service","stack":"AggregateError [ECONNREFUSED]: \n    at internalConnectMultiple (node:net:1139:18)\n    at afterConnectMultiple (node:net:1714:7)","timestamp":"2026-09-02T06:15:32.924Z"}
{"code":"ECONNREFUSED","level":"error","message":"Redis connection error:","service":"order-service","stack":"AggregateError [ECONNREFUSED]: \n    at internalConnectMultiple (node:net:1139:18)\n    at afterConnectMultiple (node:net:1714:7)","timestamp":"2026-09-02T06:15:33.429Z"}
{"code":"ECONNREFUSED","level":"error","message":"Redis connection error:","service":"order-service","stack":"AggregateError [ECONNREFUSED]: \n    at internalConnectMultiple (node:net:1139:18)\n    at afterConnectMultiple (node:net:1714:7)","timestamp":"2026-09-02T06:15:33.981Z"}
{"code":"ECONNREFUSED","level":"error","message":"Redis connection error:","service":"order-service","stack":"AggregateError [ECONNREFUSED]: \n    at internalConnectMultiple (node:net:1139:18)\n    at afterConnectMultiple (node:net:1714:7)","timestamp":"2026-09-02T06:15:34.598Z"}
{"code":"ECONNREFUSED","level":"error","message":"Redis connection error:","service":"order-service","stack":"AggregateError [ECONNREFUSED]: \n    at internalConnectMultiple (node:net:1139:18)\n    at afterConnectMultiple (node:net:1714:7)","timestamp":"2026-09-02T06:15:35.263Z"}
{"code":"ECONNREFUSED","level":"error","message":"Redis connection error:","service":"order-service","stack":"AggregateError [ECONNREFUSED]: \n    at internalConnectMultiple (node:net:1139:18)\n    at afterConnectMultiple (node:net:1714:7)","timestamp":"2026-09-02T06:15:35.978Z"}
{"code":"ECONNREFUSED","level":"error","message":"Redis connection error:","service":"order-service","stack":"AggregateError [ECONNREFUSED]: \n    at internalConnectMultiple (node:net:1139:18)\n    at afterConnectMultiple (node:net:1714:7)","timestamp":"2026-09-02T06:15:36.736Z"}
{"code":"ECONNREFUSED","level":"error","message":"Redis connection error:","service":"order-service","stack":"AggregateError [ECONNREFUSED]: \n    at internalConnectMultiple (node:net:1139:18)\n    at afterConnectMultiple (node:net:1714:7)","timestamp":"2026-09-02T06:15:37.542Z"}
{"code":"ECONNREFUSED","level":"error","message":"Redis connection error:","service":"order-service","stack":"AggregateError [ECONNREFUSED]: \n    at internalConnectMultiple (node:net:1139:18)\n    at afterConnectMultiple (node:net:1714:7)","timestamp":"2026-09-02T06:15:38.395Z"}
{"code":"ECONNREFUSED","level":"error","message":"Redis connection error:","service":"order-service","stack":"AggregateError [ECONNREFUSED]: \n    at internalConnectMultiple (node:net:1139:18)\n    at afterConnectMultiple (node:net:1714:7)","timestamp":"2026-09-02T06:15:39.310Z"}
{"code":"ECONNREFUSED","level":"error","message":"Redis connection error:","service":"order-service","stack":"AggregateError [ECONNREFUSED]: \n    at internalConnectMultiple (node:net:1139:18)\n    at afterConnectMultiple (node:net:1714:7)","timestamp":"2026-09-02T06:15:40.272Z"}
{"code":"ECONNREFUSED","level":"error","message":"Redis connection error:","service":"order-service","stack":"AggregateError [ECONNREFUSED]: \n    at internalConnectMultiple (node:net:1139:18)\n    at afterConnectMultiple (node:net:1714:7)","timestamp":"2026-09-02T06:15:41.282Z"}
{"code":"ECONNREFUSED","level":"error","message":"Redis connection error:","service":"order-service","stack":"AggregateError [ECONNREFUSED]: \n    at internalConnectMultiple (node:net:1139:18)\n    at afterConnectMultiple (node:net:1714:7)","timestamp":"2026-09-02T06:15:42.342Z"}
{"code":"ECONNREFUSED","level":"error","message":"Redis connection error:","service":"order-service","stack":"AggregateError [ECONNREFUSED]: \n    at internalConnectMultiple (node:net:1139:18)\n    at afterConnectMultiple (node:net:1714:7)","timestamp":"2026-09-02T06:15:43.453Z"}
{"code":"ECONNREFUSED","level":"error","message":"Redis connection error:","service":"order-service","stack":"AggregateError [ECONNREFUSED]: \n    at internalConnectMultiple (node:net:1139:18)\n    at afterConnectMultiple (node:net:1714:7)","timestamp":"2026-09-02T06:15:44.607Z"}
{"code":"ECONNREFUSED","level":"error","message":"Redis connection error:","service":"order-service","stack":"AggregateError [ECONNREFUSED]: \n    at internalConnectMultiple (node:net:1139:18)\n    at afterConnectMultiple (node:net:1714:7)","timestamp":"2026-09-02T06:15:45.822Z"}
{"code":"ECONNREFUSED","level":"error","message":"Redis connection error:","service":"order-service","stack":"AggregateError [ECONNREFUSED]: \n    at internalConnectMultiple (node:net:1139:18)\n    at afterConnectMultiple (node:net:1714:7)","timestamp":"2026-09-02T06:15:47.086Z"}
{"code":"ECONNREFUSED","level":"error","message":"Redis connection error:","service":"order-service","stack":"AggregateError [ECONNREFUSED]: \n    at internalConnectMultiple (node:net:1139:18)\n    at afterConnectMultiple (node:net:1714:7)","timestamp":"2026-09-02T06:15:48.394Z"}
{"code":"ECONNREFUSED","level":"error","message":"Redis connection error:","service":"order-service","stack":"AggregateError [ECONNREFUSED]: \n    at internalConnectMultiple (node:net:1139:18)\n    at afterConnectMultiple (node:net:1714:7)","timestamp":"2026-09-02T06:15:49.750Z"}
{"code":"ECONNREFUSED","level":"error","message":"Redis connection error:","service":"order-service","stack":"AggregateError [ECONNREFUSED]: \n    at internalConnectMultiple (node:net:1139:18)\n    at afterConnectMultiple (node:net:1714:7)","timestamp":"2026-09-02T06:15:51.156Z"}
{"code":"ECONNREFUSED","level":"error","message":"Redis connection error:","service":"order-service","stack":"AggregateError [ECONNREFUSED]: \n    at internalConnectMultiple (node:net:1139:18)\n    at afterConnectMultiple (node:net:1714:7)","timestamp":"2026-09-02T06:15:52.607Z"}
{"code":"ECONNREFUSED","level":"error","message":"Redis connection error:","service":"order-service","stack":"AggregateError [ECONNREFUSED]: \n    at internalConnectMultiple (node:net:1139:18)\n    at afterConnectMultiple (node:net:1714:7)","timestamp":"2026-09-02T06:15:54.108Z"}
{"code":"ECONNREFUSED","level":"error","message":"Redis connection error:","service":"order-service","stack":"AggregateError [ECONNREFUSED]: \n    at internalConnectMultiple (node:net:1139:18)\n    at afterConnectMultiple (node:net:1714:7)","timestamp":"2026-09-02T06:15:55.663Z"}
{"code":"ECONNREFUSED","level":"error","message":"Redis connection error:","service":"order-service","stack":"AggregateError [ECONNREFUSED]: \n    at internalConnectMultiple (node:net:1139:18)\n    at afterConnectMultiple (node:net:1714:7)","timestamp":"2026-09-02T06:15:57.266Z"}
{"code":"ECONNREFUSED","level":"error","message":"Redis connection error:","service":"order-service","stack":"AggregateError [ECONNREFUSED]: \n    at internalConnectMultiple (node:net:1139:18)\n    at afterConnectMultiple (node:net:1714:7)","timestamp":"2026-09-02T06:15:58.921Z"}
{"code":"ECONNREFUSED","level":"error","message":"Redis connection error:","service":"order-service","stack":"AggregateError [ECONNREFUSED]: \n    at internalConnectMultiple (node:net:1139:18)\n    at afterConnectMultiple (node:net:1714:7)","timestamp":"2026-09-02T06:16:00.627Z"}
{"code":"ECONNREFUSED","level":"error","message":"Redis connection error:","service":"order-service","stack":"AggregateError [ECONNREFUSED]: \n    at internalConnectMultiple (node:net:1139:18)\n    at afterConnectMultiple (node:net:1714:7)","timestamp":"2026-09-02T06:16:02.378Z"}
{"code":"ECONNREFUSED","level":"error","message":"Redis connection error:","service":"order-service","stack":"AggregateError [ECONNREFUSED]: \n    at internalConnectMultiple (node:net:1139:18)\n    at afterConnectMultiple (node:net:1714:7)","timestamp":"2026-09-02T06:16:04.187Z"}
{"code":"ECONNREFUSED","level":"error","message":"Redis connection error:","service":"order-service","stack":"AggregateError [ECONNREFUSED]: \n    at internalConnectMultiple (node:net:1139:18)\n    at afterConnectMultiple (node:net:1714:7)","timestamp":"2026-09-02T06:16:06.051Z"}
{"code":"ECONNREFUSED","level":"error","message":"Redis connection error:","service":"order-service","stack":"AggregateError [ECONNREFUSED]: \n    at internalConnectMultiple (node:net:1139:18)\n    at afterConnectMultiple (node:net:1714:7)","timestamp":"2026-09-02T06:16:07.960Z"}
{"code":"ECONNREFUSED","level":"error","message":"Redis connection error:","service":"order-service","stack":"AggregateError [ECONNREFUSED]: \n    at internalConnectMultiple (node:net:1139:18)\n    at afterConnectMultiple (node:net:1714:7)","timestamp":"2026-09-02T06:16:09.921Z"}
{"code":"ECONNREFUSED","level":"error","message":"Redis connection error:","service":"order-service","stack":"AggregateError [ECONNREFUSED]: \n    at internalConnectMultiple (node:net:1139:18)\n    at afterConnectMultiple (node:net:1714:7)","timestamp":"2026-09-02T06:16:11.923Z"}
{"code":"ECONNREFUSED","level":"error","message":"Redis connection error:","service":"order-service","stack":"AggregateError [ECONNREFUSED]: \n    at internalConnectMultiple (node:net:1139:18)\n    at afterConnectMultiple (node:net:1714:7)","timestamp":"2026-09-02T06:16:13.928Z"}
{"code":"ECONNREFUSED","level":"error","message":"Redis connection error:","service":"order-service","stack":"AggregateError [ECONNREFUSED]: \n    at internalConnectMultiple (node:net:1139:18)\n    at afterConnectMultiple (node:net:1714:7)","timestamp":"2026-09-02T06:16:15.934Z"}
{"code":"ECONNREFUSED","level":"error","message":"Redis connection error:","service":"order-service","stack":"AggregateError [ECONNREFUSED]: \n    at internalConnectMultiple (node:net:1139:18)\n    at afterConnectMultiple (node:net:1714:7)","timestamp":"2026-09-02T06:16:17.948Z"}
{"code":"ECONNREFUSED","level":"error","message":"Redis connection error:","service":"order-service","stack":"AggregateError [ECONNREFUSED]: \n    at internalConnectMultiple (node:net:1139:18)\n    at afterConnectMultiple (node:net:1714:7)","timestamp":"2026-09-02T06:16:19.960Z"}
{"level":"info","message":"Redis connected successfully","service":"order-service","timestamp":"2026-09-02T06:16:21.977Z"}
{"level":"info","message":"MongoDB Connected: cluster0-shard-00-00.ldi5y.mongodb.net","service":"order-service","timestamp":"2026-09-02T07:32:53.290Z"}
{"level":"info","message":"Order indexes created successfully","service":"order-service","timestamp":"2026-09-02T07:32:57.273Z"}
{"level":"info","message":"Redis connected successfully","service":"order-service","timestamp":"2026-09-02T07:32:57.279Z"}
{"environment":"development","level":"info","message":"Order Service started successfully","port":"3004","service":"order-service","timestamp":"2026-09-02T07:32:57.285Z"}
{"level":"info","message":"MongoDB Connected: cluster0-shard-00-01.ldi5y.mongodb.net","service":"order-service","timestamp":"2026-09-02T07:33:24.850Z"}
{"level":"info","message":"MongoDB Connected: cluster0-shard-00-02.ldi5y.mongodb.net","service":"order-service","timestamp":"2026-09-02T07:33:31.501Z"}
{"level":"info","message":"Order indexes created successfully","service":"order-service","timestamp":"2026-09-02T07:33:35.226Z"}
{"level":"info","message":"Redis connected successfully","service":"order-service","timestamp":"2026-09-02T07:33:35.231Z"}
{"environment":"development","level":"info","message":"Order Service started successfully","port":"3004","service":"order-service","timestamp":"2026-09-02T07:33:35.238Z"}
{"level":"info","message":"MongoDB Connected: cluster0-shard-00-00.ldi5y.mongodb.net","service":"order-service","timestamp":"2026-09-02T07:33:49.297Z"}
{"level":"info","message":"Order indexes created successfully","service":"order-service","timestamp":"2026-09-02T07:33:53.124Z"}
{"level":"info","message":"Redis connected successfully","service":"order-service","timestamp":"2026-09-02T07:33:53.130Z"}
{"environment":"development","level":"info","message":"Order Service started successfully","port":"3004","service":"order-service","timestamp":"2026-09-02T07:33:53.136Z"}
{"level":"info","message":"MongoDB Connected: cluster0-shard-00-00.ldi5y.mongodb.net","service":"order-service","timestamp":"2026-09-02T07:34:06.851Z"}
{"level":"info","message":"Order indexes created successfully","service":"order-service","timestamp":"2026-09-02T07:34:10.749Z"}
{"level":"info","message":"Redis connected successfully","service":"order-service","timestamp":"2026-09-02T07:34:10.755Z"}
{"environment":"development","level":"info","message":"Order Service started successfully","port":"3004","service":"order-service","timestamp":"2026-09-02T07:34:10.761Z"}
{"level":"info","message":"MongoDB Connected: cluster0-shard-00-02.ldi5y.mongodb.net","service":"order-service","timestamp":"2026-09-02T07:34:56.389Z"}
{"level":"info","message":"Order indexes created successfully","service":"order-service","timestamp":"2026-09-02T07:35:00.171Z"}
{"level":"info","message":"Redis connected successfully","service":"order-service","timestamp":"2026-09-02T07:35:00.177Z"}
{"environment":"development","level":"info","message":"Order Service started successfully","port":"3004","service":"order-service","timestamp":"2026-09-02T07:35:00.183Z"}
{"level":"info","message":"MongoDB Connected: cluster0-shard-00-01.ldi5y.mongodb.net","service":"order-service","timestamp":"2026-09-02T07:35:12.591Z"}
{"level":"info","message":"Order indexes created successfully","service":"order-service","timestamp":"2026-09-02T07:35:16.565Z"}
{"level":"info","message":"Redis connected successfully","service":"order-service","timestamp":"2026-09-02T07:35:16.570Z"}
{"environment":"development","level":"info","message":"Order Service started successfully","port":"3004","service":"order-service","timestamp":"2026-09-02T07:35:16.575Z"}
{"level":"info","message":"MongoDB Connected: cluster0-shard-00-00.ldi5y.mongodb.net","service":"order-service","timestamp":"2026-09-02T07:35:58.576Z"}
{"level":"info","message":"Order indexes created successfully","service":"order-service","timestamp":"2026-09-02T07:36:02.545Z"}
{"level":"info","message":"Redis connected successfully","service":"order-service","timestamp":"2026-09-02T07:36:02.551Z"}
{"environment":"development","level":"info","message":"Order Service started successfully","port":"3004","service":"order-service","timestamp":"2026-09-02T07:36:02.557Z"}
{"level":"info","message":"MongoDB Connected: cluster0-shard-00-00.ldi5y.mongodb.net","service":"order-service","timestamp":"2026-09-02T07:36:39.577Z"}
{"level":"info","message":"Order indexes created successfully","service":"order-service","timestamp":"2026-09-02T07:36:43.637Z"}
{"level":"info","message":"Redis connected successfully","service":"order-service","timestamp":"2026-09-02T07:36:43.642Z"}
{"environment":"development","level":"info","message":"Order Service started successfully","port":"3004","service":"order-service","timestamp":"2026-09-02T07:36:43.649Z"}
{"level":"info","message":"MongoDB Connected: cluster0-shard-00-00.ldi5y.mongodb.net","service":"order-service","timestamp":"2026-09-02T07:37:39.893Z"}
{"level":"info","message":"Order indexes created successfully","service":"order-service","timestamp":"2026-09-02T07:37:43.628Z"}
{"level":"info","message":"Redis connected successfully","service":"order-service","timestamp":"2026-09-02T07:37:43.633Z"}
{"environment":"development","level":"info","message":"Order Service started successfully","port":"3004","service":"order-service","timestamp":"2026-09-02T07:37:43.640Z"}
{"level":"info","message":"MongoDB Connected: cluster0-shard-00-00.ldi5y.mongodb.net","service":"order-service","timestamp":"2026-09-02T07:38:58.841Z"}
{"level":"info","message":"MongoDB Connected: cluster0-shard-00-00.ldi5y.mongodb.net","service":"order-service","timestamp":"2026-09-02T07:39:03.454Z"}
{"level":"info","message":"MongoDB Connected: cluster0-shard-00-01.ldi5y.mongodb.net","service":"order-service","timestamp":"2026-09-02T07:39:07.222Z"}
{"level":"info","message":"Order indexes created successfully","service":"order-service","timestamp":"2026-09-02T07:39:11.090Z"}
{"level":"info","message":"Redis connected successfully","service":"order-service","timestamp":"2026-09-02T07:39:11.095Z"}
{"environment":"development","level":"info","message":"Order Service started successfully","port":"3004","service":"order-service","timestamp":"2026-09-02T07:39:11.101Z"}
{"level":"info","message":"MongoDB Connected: cluster0-shard-00-02.ldi5y.mongodb.net","service":"order-service","timestamp":"2026-09-02T07:39:19.816Z"}
{"level":"info","message":"Order indexes created successfully","service":"order-service","timestamp":"2026-09-02T07:39:23.944Z"}
{"level":"info","message":"Redis connected successfully","service":"order-service","timestamp":"2026-09-02T07:39:23.949Z"}
{"environment":"development","level":"info","message":"Order Service started successfully","port":"3004","service":"order-service","timestamp":"2026-09-02T07:39:23.956Z"}
{"level":"info","message":"MongoDB Connected: cluster0-shard-00-01.ldi5y.mongodb.net","service":"order-service","timestamp":"2026-09-02T07:40:37.328Z"}
{"level":"info","message":"Order indexes created successfully","service":"order-service","timestamp":"2026-09-02T07:40:41.288Z"}
{"level":"info","message":"Redis connected successfully","service":"order-service","timestamp":"2026-09-02T07:40:41.294Z"}
{"environment":"development","level":"info","message":"Order Service started successfully","port":"3004","service":"order-service","timestamp":"2026-09-02T07:40:41.312Z"}
{"level":"info","message":"MongoDB Connected: cluster0-shard-00-01.ldi5y.mongodb.net","service":"order-service","timestamp":"2026-09-02T07:40:56.110Z"}
{"level":"info","message":"Order indexes created successfully","service":"order-service","timestamp":"2026-09-02T07:40:59.865Z"}
{"level":"info","message":"Redis connected successfully","service":"order-service","timestamp":"2026-09-02T07:40:59.869Z"}
{"environment":"development","level":"info","message":"Order Service started successfully","port":"3004","service":"order-service","timestamp":"2026-09-02T07:40:59.875Z"}
{"level":"info","message":"MongoDB Connected: cluster0-shard-00-02.ldi5y.mongodb.net","service":"order-service","timestamp":"2026-09-02T08:00:07.370Z"}
{"level":"info","message":"MongoDB Connected: cluster0-shard-00-01.ldi5y.mongodb.net","service":"order-service","timestamp":"2026-09-02T08:00:44.529Z"}
{"level":"info","message":"Order indexes created successfully","service":"order-service","timestamp":"2026-09-02T08:00:48.437Z"}
{"level":"info","message":"Redis connected successfully","service":"order-service","timestamp":"2026-09-02T08:00:48.442Z"}
{"environment":"development","level":"info","message":"Order Service started successfully","port":"3004","service":"order-service","timestamp":"2026-09-02T08:00:48.448Z"}
{"level":"info","message":"Redis connected successfully","service":"order-service","timestamp":"2026-09-02T08:28:57.625Z"}
{"level":"info","message":"Redis connected successfully","service":"order-service","timestamp":"2026-09-02T08:28:57.742Z"}
{"code":"ECONNREFUSED","level":"error","message":"Redis connection error:","service":"order-service","stack":"AggregateError [ECONNREFUSED]: \n    at internalConnectMultiple (node:net:1139:18)\n    at afterConnectMultiple (node:net:1714:7)","timestamp":"2026-09-02T08:29:01.991Z"}
{"level":"error","message":"Redis connection error: Reached the max retries per request limit (which is 3). Refer to \"maxRetriesPerRequest\" option for details.","service":"order-service","stack":"MaxRetriesPerRequestError: Reached the max retries per request limit (which is 3). Refer to \"maxRetriesPerRequest\" option for details.\n    at Socket.<anonymous> (D:\\ecommerce-microservices-platform\\services\\order-service\\node_modules\\ioredis\\built\\redis\\event_handler.js:207:37)\n    at Object.onceWrapper (node:events:633:26)\n    at Socket.emit (node:events:518:28)\n    at TCP.<anonymous> (node:net:351:12)","timestamp":"2026-09-02T08:29:01.992Z"}
{"code":"ECONNREFUSED","level":"error","message":"Redis connection error:","service":"order-service","stack":"AggregateError [ECONNREFUSED]: \n    at internalConnectMultiple (node:net:1139:18)\n    at afterConnectMultiple (node:net:1714:7)","timestamp":"2026-09-02T08:29:02.207Z"}
{"code":"ECONNREFUSED","level":"error","message":"Redis connection error:","service":"order-service","stack":"AggregateError [ECONNREFUSED]: \n    at internalConnectMultiple (node:net:1139:18)\n    at afterConnectMultiple (node:net:1714:7)","timestamp":"2026-09-02T08:29:02.459Z"}
{"code":"ECONNREFUSED","level":"error","message":"Redis connection error:","service":"order-service","stack":"AggregateError [ECONNREFUSED]: \n    at internalConnectMultiple (node:net:1139:18)\n    at afterConnectMultiple (node:net:1714:7)","timestamp":"2026-09-02T08:29:02.775Z"}
{"code":"ECONNREFUSED","level":"error","message":"Redis connection error:","service":"order-service","stack":"AggregateError [ECONNREFUSED]: \n    at internalConnectMultiple (node:net:1139:18)\n    at afterConnectMultiple (node:net:1714:7)","timestamp":"2026-09-02T08:29:03.139Z"}
{"code":"ECONNREFUSED","level":"error","message":"Redis connection error:","service":"order-service","stack":"AggregateError [ECONNREFUSED]: \n    at internalConnectMultiple (node:net:1139:18)\n    at afterConnectMultiple (node:net:1714:7)","timestamp":"2026-09-02T08:29:03.541Z"}
{"code":"ECONNREFUSED","level":"error","message":"Redis connection error:","service":"order-service","stack":"AggregateError [ECONNREFUSED]: \n    at internalConnectMultiple (node:net:1139:18)\n    at afterConnectMultiple (node:net:1714:7)","timestamp":"2026-09-02T08:29:03.994Z"}
{"code":"ECONNREFUSED","level":"error","message":"Redis connection error:","service":"order-service","stack":"AggregateError [ECONNREFUSED]: \n    at internalConnectMultiple (node:net:1139:18)\n    at afterConnectMultiple (node:net:1714:7)","timestamp":"2026-09-02T08:29:04.508Z"}
{"code":"ECONNREFUSED","level":"error","message":"Redis connection error:","service":"order-service","stack":"AggregateError [ECONNREFUSED]: \n    at internalConnectMultiple (node:net:1139:18)\n    at afterConnectMultiple (node:net:1714:7)","timestamp":"2026-09-02T08:29:05.074Z"}
{"code":"ECONNREFUSED","level":"error","message":"Redis connection error:","service":"order-service","stack":"AggregateError [ECONNREFUSED]: \n    at internalConnectMultiple (node:net:1139:18)\n    at afterConnectMultiple (node:net:1714:7)","timestamp":"2026-09-02T08:29:05.675Z"}
{"code":"ECONNREFUSED","level":"error","message":"Redis connection error:","service":"order-service","stack":"AggregateError [ECONNREFUSED]: \n    at internalConnectMultiple (node:net:1139:18)\n    at afterConnectMultiple (node:net:1714:7)","timestamp":"2026-09-02T08:29:06.341Z"}
{"code":"ECONNREFUSED","level":"error","message":"Redis connection error:","service":"order-service","stack":"AggregateError [ECONNREFUSED]: \n    at internalConnectMultiple (node:net:1139:18)\n    at afterConnectMultiple (node:net:1714:7)","timestamp":"2026-09-02T08:29:07.057Z"}
{"code":"ECONNREFUSED","level":"error","message":"Redis connection error:","service":"order-service","stack":"AggregateError [ECONNREFUSED]: \n    at internalConnectMultiple (node:net:1139:18)\n    at afterConnectMultiple (node:net:1714:7)","timestamp":"2026-09-02T08:29:07.823Z"}
{"code":"ECONNREFUSED","level":"error","message":"Redis connection error:","service":"order-service","stack":"AggregateError [ECONNREFUSED]: \n    at internalConnectMultiple (node:net:1139:18)\n    at afterConnectMultiple (node:net:1714:7)","timestamp":"2026-09-02T08:29:08.625Z"}
{"code":"ECONNREFUSED","level":"error","message":"Redis connection error:","service":"order-service","stack":"AggregateError [ECONNREFUSED]: \n    at internalConnectMultiple (node:net:1139:18)\n    at afterConnectMultiple (node:net:1714:7)","timestamp":"2026-09-02T08:29:09.490Z"}
{"code":"ECONNREFUSED","level":"error","message":"Redis connection error:","service":"order-service","stack":"AggregateError [ECONNREFUSED]: \n    at internalConnectMultiple (node:net:1139:18)\n    at afterConnectMultiple (node:net:1714:7)","timestamp":"2026-09-02T08:29:10.407Z"}
{"code":"ECONNREFUSED","level":"error","message":"Redis connection error:","service":"order-service","stack":"AggregateError [ECONNREFUSED]: \n    at internalConnectMultiple (node:net:1139:18)\n    at afterConnectMultiple (node:net:1714:7)","timestamp":"2026-09-02T08:29:11.373Z"}
{"code":"ECONNREFUSED","level":"error","message":"Redis connection error:","service":"order-service","stack":"AggregateError [ECONNREFUSED]: \n    at internalConnectMultiple (node:net:1139:18)\n    at afterConnectMultiple (node:net:1714:7)","timestamp":"2026-09-02T08:29:12.389Z"}
{"code":"ECONNREFUSED","level":"error","message":"Redis connection error:","service":"order-service","stack":"AggregateError [ECONNREFUSED]: \n    at internalConnectMultiple (node:net:1139:18)\n    at afterConnectMultiple (node:net:1714:7)","timestamp":"2026-09-02T08:29:13.441Z"}
{"code":"ECONNREFUSED","level":"error","message":"Redis connection error:","service":"order-service","stack":"AggregateError [ECONNREFUSED]: \n    at internalConnectMultiple (node:net:1139:18)\n    at afterConnectMultiple (node:net:1714:7)","timestamp":"2026-09-02T08:29:14.543Z"}
{"level":"info","message":"Redis connected successfully","service":"order-service","timestamp":"2026-09-02T08:29:15.707Z"}
{"level":"info","message":"MongoDB Connected: cluster0-shard-00-00.ldi5y.mongodb.net","service":"order-service","timestamp":"2026-09-03T05:30:28.430Z"}
{"level":"info","message":"Order indexes created successfully","service":"order-service","timestamp":"2026-09-03T05:30:32.195Z"}
{"code":"ECONNREFUSED","level":"error","message":"Redis connection error:","service":"order-service","stack":"AggregateError [ECONNREFUSED]: \n    at internalConnectMultiple (node:net:1139:18)\n    at afterConnectMultiple (node:net:1714:7)","timestamp":"2026-09-03T05:30:32.200Z"}
{"level":"error","message":"Redis initialization error: Connection is closed.","service":"order-service","stack":"Error: Connection is closed.\n    at EventEmitter.connectionCloseHandler (D:\\ecommerce-microservices-platform\\services\\order-service\\node_modules\\ioredis\\built\\Redis.js:208:28)\n    at Object.onceWrapper (node:events:633:26)\n    at EventEmitter.emit (node:events:518:28)\n    at process.processTicksAndRejections (node:internal/process/task_queues:85:11)","timestamp":"2026-09-03T05:30:32.201Z"}
{"environment":"development","level":"info","message":"Order Service started successfully","port":"3004","service":"order-service","timestamp":"2026-09-03T05:30:32.204Z"}
{"code":"ECONNREFUSED","level":"error","message":"Redis connection error:","service":"order-service","stack":"AggregateError [ECONNREFUSED]: \n    at internalConnectMultiple (node:net:1139:18)\n    at afterConnectMultiple (node:net:1714:7)","timestamp":"2026-09-03T05:30:32.257Z"}
{"code":"ECONNREFUSED","level":"error","message":"Redis connection error:","service":"order-service","stack":"AggregateError [ECONNREFUSED]: \n    at internalConnectMultiple (node:net:1139:18)\n    at afterConnectMultiple (node:net:1714:7)","timestamp":"2026-09-03T05:30:32.368Z"}
{"code":"ECONNREFUSED","level":"error","message":"Redis connection error:","service":"order-service","stack":"AggregateError [ECONNREFUSED]: \n    at internalConnectMultiple (node:net:1139:18)\n    at afterConnectMultiple (node:net:1714:7)","timestamp":"2026-09-03T05:30:32.525Z"}
{"code":"ECONNREFUSED","level":"error","message":"Redis connection error:","service":"order-service","stack":"AggregateError [ECONNREFUSED]: \n    at internalConnectMultiple (node:net:1139:18)\n    at afterConnectMultiple (node:net:1714:7)","timestamp":"2026-09-03T05:30:32.730Z"}
{"code":"ECONNREFUSED","level":"error","message":"Redis connection error:","service":"order-service","stack":"AggregateError [ECONNREFUSED]: \n    at internalConnectMultiple (node:net:1139:18)\n    at afterConnectMultiple (node:net:1714:7)","timestamp":"2026-09-03T05:30:32.982Z"}
{"code":"ECONNREFUSED","level":"error","message":"Redis connection error:","service":"order-service","stack":"AggregateError [ECONNREFUSED]: \n    at internalConnectMultiple (node:net:1139:18)\n    at afterConnectMultiple (node:net:1714:7)","timestamp":"2026-09-03T05:30:33.297Z"}
{"code":"ECONNREFUSED","level":"error","message":"Redis connection error:","service":"order-service","stack":"AggregateError [ECONNREFUSED]: \n    at internalConnectMultiple (node:net:1139:18)\n    at afterConnectMultiple (node:net:1714:7)","timestamp":"2026-09-03T05:30:33.658Z"}
{"code":"ECONNREFUSED","level":"error","message":"Redis connection error:","service":"order-service","stack":"AggregateError [ECONNREFUSED]: \n    at internalConnectMultiple (node:net:1139:18)\n    at afterConnectMultiple (node:net:1714:7)","timestamp":"2026-09-03T05:30:34.065Z"}
{"code":"ECONNREFUSED","level":"error","message":"Redis connection error:","service":"order-service","stack":"AggregateError [ECONNREFUSED]: \n    at internalConnectMultiple (node:net:1139:18)\n    at afterConnectMultiple (node:net:1714:7)","timestamp":"2026-09-03T05:30:34.524Z"}
{"code":"ECONNREFUSED","level":"error","message":"Redis connection error:","service":"order-service","stack":"AggregateError [ECONNREFUSED]: \n    at internalConnectMultiple (node:net:1139:18)\n    at afterConnectMultiple (node:net:1714:7)","timestamp":"2026-09-03T05:30:35.028Z"}
{"code":"ECONNREFUSED","level":"error","message":"Redis connection error:","service":"order-service","stack":"AggregateError [ECONNREFUSED]: \n    at internalConnectMultiple (node:net:1139:18)\n    at afterConnectMultiple (node:net:1714:7)","timestamp":"2026-09-03T05:30:35.581Z"}
{"code":"ECONNREFUSED","level":"error","message":"Redis connection error:","service":"order-service","stack":"AggregateError [ECONNREFUSED]: \n    at internalConnectMultiple (node:net:1139:18)\n    at afterConnectMultiple (node:net:1714:7)","timestamp":"2026-09-03T05:30:36.198Z"}
{"code":"ECONNREFUSED","level":"error","message":"Redis connection error:","service":"order-service","stack":"AggregateError [ECONNREFUSED]: \n    at internalConnectMultiple (node:net:1139:18)\n    at afterConnectMultiple (node:net:1714:7)","timestamp":"2026-09-03T05:30:36.862Z"}
{"code":"ECONNREFUSED","level":"error","message":"Redis connection error:","service":"order-service","stack":"AggregateError [ECONNREFUSED]: \n    at internalConnectMultiple (node:net:1139:18)\n    at afterConnectMultiple (node:net:1714:7)","timestamp":"2026-09-03T05:30:37.574Z"}
{"code":"ECONNREFUSED","level":"error","message":"Redis connection error:","service":"order-service","stack":"AggregateError [ECONNREFUSED]: \n    at internalConnectMultiple (node:net:1139:18)\n    at afterConnectMultiple (node:net:1714:7)","timestamp":"2026-09-03T05:30:38.328Z"}
{"code":"ECONNREFUSED","level":"error","message":"Redis connection error:","service":"order-service","stack":"AggregateError [ECONNREFUSED]: \n    at internalConnectMultiple (node:net:1139:18)\n    at afterConnectMultiple (node:net:1714:7)","timestamp":"2026-09-03T05:30:39.143Z"}
{"code":"ECONNREFUSED","level":"error","message":"Redis connection error:","service":"order-service","stack":"AggregateError [ECONNREFUSED]: \n    at internalConnectMultiple (node:net:1139:18)\n    at afterConnectMultiple (node:net:1714:7)","timestamp":"2026-09-03T05:30:40.007Z"}
{"code":"ECONNREFUSED","level":"error","message":"Redis connection error:","service":"order-service","stack":"AggregateError [ECONNREFUSED]: \n    at internalConnectMultiple (node:net:1139:18)\n    at afterConnectMultiple (node:net:1714:7)","timestamp":"2026-09-03T05:30:40.919Z"}
{"code":"ECONNREFUSED","level":"error","message":"Redis connection error:","service":"order-service","stack":"AggregateError [ECONNREFUSED]: \n    at internalConnectMultiple (node:net:1139:18)\n    at afterConnectMultiple (node:net:1714:7)","timestamp":"2026-09-03T05:30:41.881Z"}
{"code":"ECONNREFUSED","level":"error","message":"Redis connection error:","service":"order-service","stack":"AggregateError [ECONNREFUSED]: \n    at internalConnectMultiple (node:net:1139:18)\n    at afterConnectMultiple (node:net:1714:7)","timestamp":"2026-09-03T05:30:42.882Z"}
{"code":"ECONNREFUSED","level":"error","message":"Redis connection error:","service":"order-service","stack":"AggregateError [ECONNREFUSED]: \n    at internalConnectMultiple (node:net:1139:18)\n    at afterConnectMultiple (node:net:1714:7)","timestamp":"2026-09-03T05:30:43.944Z"}
{"code":"ECONNREFUSED","level":"error","message":"Redis connection error:","service":"order-service","stack":"AggregateError [ECONNREFUSED]: \n    at internalConnectMultiple (node:net:1139:18)\n    at afterConnectMultiple (node:net:1714:7)","timestamp":"2026-09-03T05:30:45.056Z"}
{"code":"ECONNREFUSED","level":"error","message":"Redis connection error:","service":"order-service","stack":"AggregateError [ECONNREFUSED]: \n    at internalConnectMultiple (node:net:1139:18)\n    at afterConnectMultiple (node:net:1714:7)","timestamp":"2026-09-03T05:30:46.218Z"}
{"code":"ECONNREFUSED","level":"error","message":"Redis connection error:","service":"order-service","stack":"AggregateError [ECONNREFUSED]: \n    at internalConnectMultiple (node:net:1139:18)\n    at afterConnectMultiple (node:net:1714:7)","timestamp":"2026-09-03T05:30:47.426Z"}
{"code":"ECONNREFUSED","level":"error","message":"Redis connection error:","service":"order-service","stack":"AggregateError [ECONNREFUSED]: \n    at internalConnectMultiple (node:net:1139:18)\n    at afterConnectMultiple (node:net:1714:7)","timestamp":"2026-09-03T05:30:48.685Z"}
{"code":"ECONNREFUSED","level":"error","message":"Redis connection error:","service":"order-service","stack":"AggregateError [ECONNREFUSED]: \n    at internalConnectMultiple (node:net:1139:18)\n    at afterConnectMultiple (node:net:1714:7)","timestamp":"2026-09-03T05:30:49.990Z"}
{"level":"info","message":"Redis connected successfully","service":"order-service","timestamp":"2026-09-03T05:30:51.358Z"}
{"error":"Request failed with status code 404","level":"error","message":"Product client - reserveStock error:","productId":"693167e58f25ae6a8a6469f2","quantity":1,"service":"order-service","timestamp":"2026-09-03T08:45:40.364Z"}
{"level":"error","message":"Reserve inventory error: Failed to reserve stock","service":"order-service","stack":"Error: Failed to reserve stock\n    at ProductClient.reserveStock (D:\\ecommerce-microservices-platform\\services\\order-service\\src\\services\\productClient.js:76:13)\n    at process.processTicksAndRejections (node:internal/process/task_queues:105:5)\n    at async InventoryService.reserveInventory (D:\\ecommerce-microservices-platform\\services\\order-service\\src\\services\\inventoryService.js:20:26)\n    at async OrderService.createOrder (D:\\ecommerce-microservices-platform\\services\\order-service\\src\\services\\orderService.js:82:9)\n    at async createOrder (D:\\ecommerce-microservices-platform\\services\\order-service\\src\\controllers\\orderController.js:12:21)","timestamp":"2026-09-03T08:45:40.365Z"}
{"level":"error","message":"Inventory reservation failed: Failed to reserve stock","service":"order-service","stack":"Error: Failed to reserve stock\n    at ProductClient.reserveStock (D:\\ecommerce-microservices-platform\\services\\order-service\\src\\services\\productClient.js:76:13)\n    at process.processTicksAndRejections (node:internal/process/task_queues:105:5)\n    at async InventoryService.reserveInventory (D:\\ecommerce-microservices-platform\\services\\order-service\\src\\services\\inventoryService.js:20:26)\n    at async OrderService.createOrder (D:\\ecommerce-microservices-platform\\services\\order-service\\src\\services\\orderService.js:82:9)\n    at async createOrder (D:\\ecommerce-microservices-platform\\services\\order-service\\src\\controllers\\orderController.js:12:21)","timestamp":"2026-09-03T08:45:40.365Z"}
{"level":"error","message":"Create order error: Some items are out of stock","service":"order-service","stack":"Error: Some items are out of stock\n    at OrderService.createOrder (D:\\ecommerce-microservices-platform\\services\\order-service\\src\\services\\orderService.js:88:15)\n    at process.processTicksAndRejections (node:internal/process/task_queues:105:5)\n    at async createOrder (D:\\ecommerce-microservices-platform\\services\\order-service\\src\\controllers\\orderController.js:12:21)","timestamp":"2026-09-03T08:45:40.365Z"}
{"level":"error","message":"Creat order controller error: Some items are out of stock","service":"order-service","stack":"Error: Some items are out of stock\n    at OrderService.createOrder (D:\\ecommerce-microservices-platform\\services\\order-service\\src\\services\\orderService.js:88:15)\n    at process.processTicksAndRejections (node:internal/process/task_queues:105:5)\n    at async createOrder (D:\\ecommerce-microservices-platform\\services\\order-service\\src\\controllers\\orderController.js:12:21)","timestamp":"2026-09-03T08:45:40.365Z"}
{"level":"info","message":"MongoDB Connected: cluster0-shard-00-02.ldi5y.mongodb.net","service":"order-service","timestamp":"2026-09-03T08:49:25.997Z"}
{"level":"info","message":"Order indexes created successfully","service":"order-service","timestamp":"2026-09-03T08:49:29.889Z"}
{"level":"info","message":"Redis connected successfully","service":"order-service","timestamp":"2026-09-03T08:49:29.897Z"}
{"environment":"development","level":"info","message":"Order Service started successfully","port":"3004","service":"order-service","timestamp":"2026-09-03T08:49:29.908Z"}
{"level":"info","message":"MongoDB Connected: cluster0-shard-00-02.ldi5y.mongodb.net","service":"order-service","timestamp":"2026-09-03T08:51:09.033Z"}
{"level":"info","message":"Order indexes created successfully","service":"order-service","timestamp":"2026-09-03T08:51:12.897Z"}
{"level":"info","message":"Redis connected successfully","service":"order-service","timestamp":"2026-09-03T08:51:12.903Z"}
{"environment":"development","level":"info","message":"Order Service started successfully","port":"3004","service":"order-service","timestamp":"2026-09-03T08:51:12.910Z"}
{"error":"Request failed with status code 403","level":"error","message":"Product client - reserveStock error:","productId":"693167e58f25ae6a8a6469f2","quantity":1,"service":"order-service","timestamp":"2026-09-03T09:12:37.620Z"}
{"level":"error","message":"Reserve inventory error: Failed to reserve stock","service":"order-service","stack":"Error: Failed to reserve stock\n    at ProductClient.reserveStock (D:\\ecommerce-microservices-platform\\services\\order-service\\src\\services\\productClient.js:76:13)\n    at process.processTicksAndRejections (node:internal/process/task_queues:105:5)\n    at async InventoryService.reserveInventory (D:\\ecommerce-microservices-platform\\services\\order-service\\src\\services\\inventoryService.js:20:26)\n    at async OrderService.createOrder (D:\\ecommerce-microservices-platform\\services\\order-service\\src\\services\\orderService.js:82:9)\n    at async createOrder (D:\\ecommerce-microservices-platform\\services\\order-service\\src\\controllers\\orderController.js:12:21)","timestamp":"2026-09-03T09:12:37.620Z"}
{"level":"error","message":"Inventory reservation failed: Failed to reserve stock","service":"order-service","stack":"Error: Failed to reserve stock\n    at ProductClient.reserveStock (D:\\ecommerce-microservices-platform\\services\\order-service\\src\\services\\productClient.js:76:13)\n    at process.processTicksAndRejections (node:internal/process/task_queues:105:5)\n    at async InventoryService.reserveInventory (D:\\ecommerce-microservices-platform\\services\\order-service\\src\\services\\inventoryService.js:20:26)\n    at async OrderService.createOrder (D:\\ecommerce-microservices-platform\\services\\order-service\\src\\services\\orderService.js:82:9)\n    at async createOrder (D:\\ecommerce-microservices-platform\\services\\order-service\\src\\controllers\\orderController.js:12:21)","timestamp":"2026-09-03T09:12:37.620Z"}
{"level":"error","message":"Create order error: Some items are out of stock","service":"order-service","stack":"Error: Some items are out of stock\n    at OrderService.createOrder (D:\\ecommerce-microservices-platform\\services\\order-service\\src\\services\\orderService.js:88:15)\n    at process.processTicksAndRejections (node:internal/process/task_queues:105:5)\n    at async createOrder (D:\\ecommerce-microservices-platform\\services\\order-service\\src\\controllers\\orderController.js:12:21)","timestamp":"2026-09-03T09:12:37.621Z"}
{"level":"error","message":"Creat order controller error: Some items are out of stock","service":"order-service","stack":"Error: Some items are out of stock\n    at OrderService.createOrder (D:\\ecommerce-microservices-platform\\services\\order-service\\src\\services\\orderService.js:88:15)\n    at process.processTicksAndRejections (node:internal/process/task_queues:105:5)\n    at async createOrder (D:\\ecommerce-microservices-platform\\services\\order-service\\src\\controllers\\orderController.js:12:21)","timestamp":"2026-09-03T09:12:37.621Z"}
{"error":"Request failed with status code 403","level":"error","message":"Product client - reserveStock error:","productId":"693167e58f25ae6a8a6469f2","quantity":1,"service":"order-service","timestamp":"2026-09-03T09:13:39.141Z"}
{"level":"error","message":"Reserve inventory error: Failed to reserve stock","service":"order-service","stack":"Error: Failed to reserve stock\n    at ProductClient.reserveStock (D:\\ecommerce-microservices-platform\\services\\order-service\\src\\services\\productClient.js:76:13)\n    at process.processTicksAndRejections (node:internal/process/task_queues:105:5)\n    at async InventoryService.reserveInventory (D:\\ecommerce-microservices-platform\\services\\order-service\\src\\services\\inventoryService.js:20:26)\n    at async OrderService.createOrder (D:\\ecommerce-microservices-platform\\services\\order-service\\src\\services\\orderService.js:82:9)\n    at async createOrder (D:\\ecommerce-microservices-platform\\services\\order-service\\src\\controllers\\orderController.js:12:21)","timestamp":"2026-09-03T09:13:39.142Z"}
{"level":"error","message":"Inventory reservation failed: Failed to reserve stock","service":"order-service","stack":"Error: Failed to reserve stock\n    at ProductClient.reserveStock (D:\\ecommerce-microservices-platform\\services\\order-service\\src\\services\\productClient.js:76:13)\n    at process.processTicksAndRejections (node:internal/process/task_queues:105:5)\n    at async InventoryService.reserveInventory (D:\\ecommerce-microservices-platform\\services\\order-service\\src\\services\\inventoryService.js:20:26)\n    at async OrderService.createOrder (D:\\ecommerce-microservices-platform\\services\\order-service\\src\\services\\orderService.js:82:9)\n    at async createOrder (D:\\ecommerce-microservices-platform\\services\\order-service\\src\\controllers\\orderController.js:12:21)","timestamp":"2026-09-03T09:13:39.142Z"}
{"level":"error","message":"Create order error: Some items are out of stock","service":"order-service","stack":"Error: Some items are out of stock\n    at OrderService.createOrder (D:\\ecommerce-microservices-platform\\services\\order-service\\src\\services\\orderService.js:88:15)\n    at process.processTicksAndRejections (node:internal/process/task_queues:105:5)\n    at async createOrder (D:\\ecommerce-microservices-platform\\services\\order-service\\src\\controllers\\orderController.js:12:21)","timestamp":"2026-09-03T09:13:39.142Z"}
{"level":"error","message":"Creat order controller error: Some items are out of stock","service":"order-service","stack":"Error: Some items are out of stock\n    at OrderService.createOrder (D:\\ecommerce-microservices-platform\\services\\order-service\\src\\services\\orderService.js:88:15)\n    at process.processTicksAndRejections (node:internal/process/task_queues:105:5)\n    at async createOrder (D:\\ecommerce-microservices-platform\\services\\order-service\\src\\controllers\\orderController.js:12:21)","timestamp":"2026-09-03T09:13:39.142Z"}
{"error":"Request failed with status code 403","level":"error","message":"Product client - reserveStock error:","productId":"693167e58f25ae6a8a6469f2","quantity":1,"service":"order-service","timestamp":"2026-09-03T09:44:01.007Z"}
{"level":"error","message":"Reserve inventory error: Failed to reserve stock","service":"order-service","stack":"Error: Failed to reserve stock\n    at ProductClient.reserveStock (D:\\ecommerce-microservices-platform\\services\\order-service\\src\\services\\productClient.js:76:13)\n    at process.processTicksAndRejections (node:internal/process/task_queues:105:5)\n    at async InventoryService.reserveInventory (D:\\ecommerce-microservices-platform\\services\\order-service\\src\\services\\inventoryService.js:20:26)\n    at async OrderService.createOrder (D:\\ecommerce-microservices-platform\\services\\order-service\\src\\services\\orderService.js:82:9)\n    at async createOrder (D:\\ecommerce-microservices-platform\\services\\order-service\\src\\controllers\\orderController.js:12:21)","timestamp":"2026-09-03T09:44:01.007Z"}
{"level":"error","message":"Inventory reservation failed: Failed to reserve stock","service":"order-service","stack":"Error: Failed to reserve stock\n    at ProductClient.reserveStock (D:\\ecommerce-microservices-platform\\services\\order-service\\src\\services\\productClient.js:76:13)\n    at process.processTicksAndRejections (node:internal/process/task_queues:105:5)\n    at async InventoryService.reserveInventory (D:\\ecommerce-microservices-platform\\services\\order-service\\src\\services\\inventoryService.js:20:26)\n    at async OrderService.createOrder (D:\\ecommerce-microservices-platform\\services\\order-service\\src\\services\\orderService.js:82:9)\n    at async createOrder (D:\\ecommerce-microservices-platform\\services\\order-service\\src\\controllers\\orderController.js:12:21)","timestamp":"2026-09-03T09:44:01.007Z"}
{"level":"error","message":"Create order error: Some items are out of stock","service":"order-service","stack":"Error: Some items are out of stock\n    at OrderService.createOrder (D:\\ecommerce-microservices-platform\\services\\order-service\\src\\services\\orderService.js:88:15)\n    at process.processTicksAndRejections (node:internal/process/task_queues:105:5)\n    at async createOrder (D:\\ecommerce-microservices-platform\\services\\order-service\\src\\controllers\\orderController.js:12:21)","timestamp":"2026-09-03T09:44:01.008Z"}
{"level":"error","message":"Creat order controller error: Some items are out of stock","service":"order-service","stack":"Error: Some items are out of stock\n    at OrderService.createOrder (D:\\ecommerce-microservices-platform\\services\\order-service\\src\\services\\orderService.js:88:15)\n    at process.processTicksAndRejections (node:internal/process/task_queues:105:5)\n    at async createOrder (D:\\ecommerce-microservices-platform\\services\\order-service\\src\\controllers\\orderController.js:12:21)","timestamp":"2026-09-03T09:44:01.008Z"}
{"level":"info","message":"MongoDB Connected: cluster0-shard-00-00.ldi5y.mongodb.net","service":"order-service","timestamp":"2026-09-03T09:53:47.782Z"}
{"level":"info","message":"MongoDB Connected: cluster0-shard-00-02.ldi5y.mongodb.net","service":"order-service","timestamp":"2026-09-03T09:53:54.397Z"}
{"level":"info","message":"Order indexes created successfully","service":"order-service","timestamp":"2026-09-03T09:53:58.283Z"}
{"level":"info","message":"Redis connected successfully","service":"order-service","timestamp":"2026-09-03T09:53:58.288Z"}
{"environment":"development","level":"info","message":"Order Service started successfully","port":"3004","service":"order-service","timestamp":"2026-09-03T09:53:58.295Z"}
{"level":"info","message":"MongoDB Connected: cluster0-shard-00-01.ldi5y.mongodb.net","service":"order-service","timestamp":"2026-09-03T09:54:04.095Z"}
{"level":"info","message":"MongoDB Connected: cluster0-shard-00-02.ldi5y.mongodb.net","service":"order-service","timestamp":"2026-09-03T09:54:07.929Z"}
{"level":"info","message":"Order indexes created successfully","service":"order-service","timestamp":"2026-09-03T09:54:11.700Z"}
{"level":"info","message":"Redis connected successfully","service":"order-service","timestamp":"2026-09-03T09:54:11.705Z"}
{"environment":"development","level":"info","message":"Order Service started successfully","port":"3004","service":"order-service","timestamp":"2026-09-03T09:54:11.711Z"}
{"level":"info","message":"Stock reserved:","productId":"693167e58f25ae6a8a6469f2","quantity":1,"service":"order-service","timestamp":"2026-09-03T09:54:17.394Z"}
{"items":[{"productId":"693167e58f25ae6a8a6469f2","quantity":1}],"level":"info","message":"Inventory reserved:","orderId":"6a9943c80c4a8ccc1337d82b","service":"order-service","timestamp":"2026-09-03T09:54:17.396Z"}
{"level":"info","message":"Order created successfully:","orderId":"6a9943c80c4a8ccc1337d82b","orderNumber":"ORDMTLCLQAF9CFD3A","service":"order-service","timestamp":"2026-09-03T09:54:17.675Z","total":76698.82,"userId":"6a702e0544c46c7bb0039816"}
{"level":"error","message":"Create order error: Cart is empty","service":"order-service","stack":"Error: Cart is empty\n    at OrderService.createOrder (D:\\ecommerce-microservices-platform\\services\\order-service\\src\\services\\orderService.js:34:15)\n    at process.processTicksAndRejections (node:internal/process/task_queues:105:5)\n    at async createOrder (D:\\ecommerce-microservices-platform\\services\\order-service\\src\\controllers\\orderController.js:12:21)","timestamp":"2026-09-03T09:56:03.326Z"}
{"level":"error","message":"Creat order controller error: Cart is empty","service":"order-service","stack":"Error: Cart is empty\n    at OrderService.createOrder (D:\\ecommerce-microservices-platform\\services\\order-service\\src\\services\\orderService.js:34:15)\n    at process.processTicksAndRejections (node:internal/process/task_queues:105:5)\n    at async createOrder (D:\\ecommerce-microservices-platform\\services\\order-service\\src\\controllers\\orderController.js:12:21)","timestamp":"2026-09-03T09:56:03.327Z"}
{"level":"info","message":"Stock reserved:","productId":"693167e58f25ae6a8a6469f2","quantity":1,"service":"order-service","timestamp":"2026-09-03T09:56:38.405Z"}
{"items":[{"productId":"693167e58f25ae6a8a6469f2","quantity":1}],"level":"info","message":"Inventory reserved:","orderId":"6a9944550c4a8ccc1337d82d","service":"order-service","timestamp":"2026-09-03T09:56:38.406Z"}
{"level":"info","message":"Order created successfully:","orderId":"6a9944550c4a8ccc1337d82d","orderNumber":"ORDMTLCOR4S117B1C","service":"order-service","timestamp":"2026-09-03T09:56:38.682Z","total":76698.82,"userId":"6a702e0544c46c7bb0039816"}
{"level":"error","message":"Create order error: Cart is empty","service":"order-service","stack":"Error: Cart is empty\n    at OrderService.createOrder (D:\\ecommerce-microservices-platform\\services\\order-service\\src\\services\\orderService.js:34:15)\n    at process.processTicksAndRejections (node:internal/process/task_queues:105:5)\n    at async createOrder (D:\\ecommerce-microservices-platform\\services\\order-service\\src\\controllers\\orderController.js:12:21)","timestamp":"2026-09-03T09:57:07.643Z"}
{"level":"error","message":"Creat order controller error: Cart is empty","service":"order-service","stack":"Error: Cart is empty\n    at OrderService.createOrder (D:\\ecommerce-microservices-platform\\services\\order-service\\src\\services\\orderService.js:34:15)\n    at process.processTicksAndRejections (node:internal/process/task_queues:105:5)\n    at async createOrder (D:\\ecommerce-microservices-platform\\services\\order-service\\src\\controllers\\orderController.js:12:21)","timestamp":"2026-09-03T09:57:07.643Z"}
{"level":"error","message":"Create order error: Cart is empty","service":"order-service","stack":"Error: Cart is empty\n    at OrderService.createOrder (D:\\ecommerce-microservices-platform\\services\\order-service\\src\\services\\orderService.js:34:15)\n    at process.processTicksAndRejections (node:internal/process/task_queues:105:5)\n    at async createOrder (D:\\ecommerce-microservices-platform\\services\\order-service\\src\\controllers\\orderController.js:12:21)","timestamp":"2026-09-03T10:07:49.064Z"}
{"level":"error","message":"Creat order controller error: Cart is empty","service":"order-service","stack":"Error: Cart is empty\n    at OrderService.createOrder (D:\\ecommerce-microservices-platform\\services\\order-service\\src\\services\\orderService.js:34:15)\n    at process.processTicksAndRejections (node:internal/process/task_queues:105:5)\n    at async createOrder (D:\\ecommerce-microservices-platform\\services\\order-service\\src\\controllers\\orderController.js:12:21)","timestamp":"2026-09-03T10:07:49.064Z"}
{"level":"error","message":"Create order error: Cart is empty","service":"order-service","stack":"Error: Cart is empty\n    at OrderService.createOrder (D:\\ecommerce-microservices-platform\\services\\order-service\\src\\services\\orderService.js:34:15)\n    at process.processTicksAndRejections (node:internal/process/task_queues:105:5)\n    at async createOrder (D:\\ecommerce-microservices-platform\\services\\order-service\\src\\controllers\\orderController.js:12:21)","timestamp":"2026-09-03T10:07:52.846Z"}
{"level":"error","message":"Creat order controller error: Cart is empty","service":"order-service","stack":"Error: Cart is empty\n    at OrderService.createOrder (D:\\ecommerce-microservices-platform\\services\\order-service\\src\\services\\orderService.js:34:15)\n    at process.processTicksAndRejections (node:internal/process/task_queues:105:5)\n    at async createOrder (D:\\ecommerce-microservices-platform\\services\\order-service\\src\\controllers\\orderController.js:12:21)","timestamp":"2026-09-03T10:07:52.846Z"}
{"level":"info","message":"Stock reserved:","productId":"693167e58f25ae6a8a6469f6","quantity":1,"service":"order-service","timestamp":"2026-09-03T10:28:55.617Z"}
{"items":[{"productId":"693167e58f25ae6a8a6469f6","quantity":1}],"level":"info","message":"Inventory reserved:","orderId":"6a994be70c4a8ccc1337d82f","service":"order-service","timestamp":"2026-09-03T10:28:55.618Z"}
{"level":"info","message":"Order created successfully:","orderId":"6a994be70c4a8ccc1337d82f","orderNumber":"ORDMTLDU9UYEC2045","service":"order-service","timestamp":"2026-09-03T10:28:55.904Z","total":15334.1,"userId":"6a702e0544c46c7bb0039816"}
{"level":"info","message":"MongoDB Connected: cluster0-shard-00-00.ldi5y.mongodb.net","service":"order-service","timestamp":"2026-09-03T16:12:33.006Z"}
{"level":"info","message":"MongoDB Connected: cluster0-shard-00-00.ldi5y.mongodb.net","service":"order-service","timestamp":"2026-09-04T05:14:32.580Z"}
{"level":"info","message":"Order indexes created successfully","service":"order-service","timestamp":"2026-09-04T05:14:36.552Z"}
{"code":"ECONNREFUSED","level":"error","message":"Redis connection error:","service":"order-service","stack":"AggregateError [ECONNREFUSED]: \n    at internalConnectMultiple (node:net:1139:18)\n    at afterConnectMultiple (node:net:1714:7)","timestamp":"2026-09-04T05:14:36.556Z"}
{"level":"error","message":"Redis initialization error: Connection is closed.","service":"order-service","stack":"Error: Connection is closed.\n    at EventEmitter.connectionCloseHandler (D:\\ecommerce-microservices-platform\\services\\order-service\\node_modules\\ioredis\\built\\Redis.js:208:28)\n    at Object.onceWrapper (node:events:633:26)\n    at EventEmitter.emit (node:events:518:28)\n    at process.processTicksAndRejections (node:internal/process/task_queues:85:11)","timestamp":"2026-09-04T05:14:36.557Z"}
{"environment":"development","level":"info","message":"Order Service started successfully","port":"3004","service":"order-service","timestamp":"2026-09-04T05:14:36.559Z"}
{"code":"ECONNREFUSED","level":"error","message":"Redis connection error:","service":"order-service","stack":"AggregateError [ECONNREFUSED]: \n    at internalConnectMultiple (node:net:1139:18)\n    at afterConnectMultiple (node:net:1714:7)","timestamp":"2026-09-04T05:14:36.620Z"}
{"code":"ECONNREFUSED","level":"error","message":"Redis connection error:","service":"order-service","stack":"AggregateError [ECONNREFUSED]: \n    at internalConnectMultiple (node:net:1139:18)\n    at afterConnectMultiple (node:net:1714:7)","timestamp":"2026-09-04T05:14:36.732Z"}
{"code":"ECONNREFUSED","level":"error","message":"Redis connection error:","service":"order-service","stack":"AggregateError [ECONNREFUSED]: \n    at internalConnectMultiple (node:net:1139:18)\n    at afterConnectMultiple (node:net:1714:7)","timestamp":"2026-09-04T05:14:36.890Z"}
{"code":"ECONNREFUSED","level":"error","message":"Redis connection error:","service":"order-service","stack":"AggregateError [ECONNREFUSED]: \n    at internalConnectMultiple (node:net:1139:18)\n    at afterConnectMultiple (node:net:1714:7)","timestamp":"2026-09-04T05:14:37.095Z"}
{"code":"ECONNREFUSED","level":"error","message":"Redis connection error:","service":"order-service","stack":"AggregateError [ECONNREFUSED]: \n    at internalConnectMultiple (node:net:1139:18)\n    at afterConnectMultiple (node:net:1714:7)","timestamp":"2026-09-04T05:14:37.362Z"}
{"code":"ECONNREFUSED","level":"error","message":"Redis connection error:","service":"order-service","stack":"AggregateError [ECONNREFUSED]: \n    at internalConnectMultiple (node:net:1139:18)\n    at afterConnectMultiple (node:net:1714:7)","timestamp":"2026-09-04T05:14:37.676Z"}
{"code":"ECONNREFUSED","level":"error","message":"Redis connection error:","service":"order-service","stack":"AggregateError [ECONNREFUSED]: \n    at internalConnectMultiple (node:net:1139:18)\n    at afterConnectMultiple (node:net:1714:7)","timestamp":"2026-09-04T05:14:38.039Z"}
{"code":"ECONNREFUSED","level":"error","message":"Redis connection error:","service":"order-service","stack":"AggregateError [ECONNREFUSED]: \n    at internalConnectMultiple (node:net:1139:18)\n    at afterConnectMultiple (node:net:1714:7)","timestamp":"2026-09-04T05:14:38.450Z"}
{"code":"ECONNREFUSED","level":"error","message":"Redis connection error:","service":"order-service","stack":"AggregateError [ECONNREFUSED]: \n    at internalConnectMultiple (node:net:1139:18)\n    at afterConnectMultiple (node:net:1714:7)","timestamp":"2026-09-04T05:14:38.908Z"}
{"code":"ECONNREFUSED","level":"error","message":"Redis connection error:","service":"order-service","stack":"AggregateError [ECONNREFUSED]: \n    at internalConnectMultiple (node:net:1139:18)\n    at afterConnectMultiple (node:net:1714:7)","timestamp":"2026-09-04T05:14:39.413Z"}
{"code":"ECONNREFUSED","level":"error","message":"Redis connection error:","service":"order-service","stack":"AggregateError [ECONNREFUSED]: \n    at internalConnectMultiple (node:net:1139:18)\n    at afterConnectMultiple (node:net:1714:7)","timestamp":"2026-09-04T05:14:39.980Z"}
{"code":"ECONNREFUSED","level":"error","message":"Redis connection error:","service":"order-service","stack":"AggregateError [ECONNREFUSED]: \n    at internalConnectMultiple (node:net:1139:18)\n    at afterConnectMultiple (node:net:1714:7)","timestamp":"2026-09-04T05:14:40.597Z"}
{"code":"ECONNREFUSED","level":"error","message":"Redis connection error:","service":"order-service","stack":"AggregateError [ECONNREFUSED]: \n    at internalConnectMultiple (node:net:1139:18)\n    at afterConnectMultiple (node:net:1714:7)","timestamp":"2026-09-04T05:14:41.255Z"}
{"code":"ECONNREFUSED","level":"error","message":"Redis connection error:","service":"order-service","stack":"AggregateError [ECONNREFUSED]: \n    at internalConnectMultiple (node:net:1139:18)\n    at afterConnectMultiple (node:net:1714:7)","timestamp":"2026-09-04T05:14:41.959Z"}
{"code":"ECONNREFUSED","level":"error","message":"Redis connection error:","service":"order-service","stack":"AggregateError [ECONNREFUSED]: \n    at internalConnectMultiple (node:net:1139:18)\n    at afterConnectMultiple (node:net:1714:7)","timestamp":"2026-09-04T05:14:42.715Z"}
{"code":"ECONNREFUSED","level":"error","message":"Redis connection error:","service":"order-service","stack":"AggregateError [ECONNREFUSED]: \n    at internalConnectMultiple (node:net:1139:18)\n    at afterConnectMultiple (node:net:1714:7)","timestamp":"2026-09-04T05:14:43.524Z"}
{"code":"ECONNREFUSED","level":"error","message":"Redis connection error:","service":"order-service","stack":"AggregateError [ECONNREFUSED]: \n    at internalConnectMultiple (node:net:1139:18)\n    at afterConnectMultiple (node:net:1714:7)","timestamp":"2026-09-04T05:14:44.390Z"}
{"code":"ECONNREFUSED","level":"error","message":"Redis connection error:","service":"order-service","stack":"AggregateError [ECONNREFUSED]: \n    at internalConnectMultiple (node:net:1139:18)\n    at afterConnectMultiple (node:net:1714:7)","timestamp":"2026-09-04T05:14:45.303Z"}
{"code":"ECONNREFUSED","level":"error","message":"Redis connection error:","service":"order-service","stack":"AggregateError [ECONNREFUSED]: \n    at internalConnectMultiple (node:net:1139:18)\n    at afterConnectMultiple (node:net:1714:7)","timestamp":"2026-09-04T05:14:46.261Z"}
{"code":"ECONNREFUSED","level":"error","message":"Redis connection error:","service":"order-service","stack":"AggregateError [ECONNREFUSED]: \n    at internalConnectMultiple (node:net:1139:18)\n    at afterConnectMultiple (node:net:1714:7)","timestamp":"2026-09-04T05:14:47.277Z"}
{"code":"ECONNREFUSED","level":"error","message":"Redis connection error:","service":"order-service","stack":"AggregateError [ECONNREFUSED]: \n    at internalConnectMultiple (node:net:1139:18)\n    at afterConnectMultiple (node:net:1714:7)","timestamp":"2026-09-04T05:14:48.354Z"}
{"code":"ECONNREFUSED","level":"error","message":"Redis connection error:","service":"order-service","stack":"AggregateError [ECONNREFUSED]: \n    at internalConnectMultiple (node:net:1139:18)\n    at afterConnectMultiple (node:net:1714:7)","timestamp":"2026-09-04T05:14:49.463Z"}
{"code":"ECONNREFUSED","level":"error","message":"Redis connection error:","service":"order-service","stack":"AggregateError [ECONNREFUSED]: \n    at internalConnectMultiple (node:net:1139:18)\n    at afterConnectMultiple (node:net:1714:7)","timestamp":"2026-09-04T05:14:50.617Z"}
{"code":"ECONNREFUSED","level":"error","message":"Redis connection error:","service":"order-service","stack":"AggregateError [ECONNREFUSED]: \n    at internalConnectMultiple (node:net:1139:18)\n    at afterConnectMultiple (node:net:1714:7)","timestamp":"2026-09-04T05:14:51.830Z"}
{"level":"info","message":"Redis connected successfully","service":"order-service","timestamp":"2026-09-04T05:14:53.092Z"}
{"level":"info","message":"MongoDB Connected: cluster0-shard-00-00.ldi5y.mongodb.net","service":"order-service","timestamp":"2026-09-06T11:12:30.693Z"}
{"level":"info","message":"Order indexes created successfully","service":"order-service","timestamp":"2026-09-06T11:12:34.618Z"}
{"code":"ECONNREFUSED","level":"error","message":"Redis connection error:","service":"order-service","stack":"AggregateError [ECONNREFUSED]: \n    at internalConnectMultiple (node:net:1139:18)\n    at afterConnectMultiple (node:net:1714:7)","timestamp":"2026-09-06T11:12:34.623Z"}
{"level":"error","message":"Redis initialization error: Connection is closed.","service":"order-service","stack":"Error: Connection is closed.\n    at EventEmitter.connectionCloseHandler (D:\\ecommerce-microservices-platform\\services\\order-service\\node_modules\\ioredis\\built\\Redis.js:208:28)\n    at Object.onceWrapper (node:events:633:26)\n    at EventEmitter.emit (node:events:518:28)\n    at process.processTicksAndRejections (node:internal/process/task_queues:85:11)","timestamp":"2026-09-06T11:12:34.624Z"}
{"environment":"development","level":"info","message":"Order Service started successfully","port":"3004","service":"order-service","timestamp":"2026-09-06T11:12:34.627Z"}
{"code":"ECONNREFUSED","level":"error","message":"Redis connection error:","service":"order-service","stack":"AggregateError [ECONNREFUSED]: \n    at internalConnectMultiple (node:net:1139:18)\n    at afterConnectMultiple (node:net:1714:7)","timestamp":"2026-09-06T11:12:34.683Z"}
{"code":"ECONNREFUSED","level":"error","message":"Redis connection error:","service":"order-service","stack":"AggregateError [ECONNREFUSED]: \n    at internalConnectMultiple (node:net:1139:18)\n    at afterConnectMultiple (node:net:1714:7)","timestamp":"2026-09-06T11:12:34.794Z"}
{"code":"ECONNREFUSED","level":"error","message":"Redis connection error:","service":"order-service","stack":"AggregateError [ECONNREFUSED]: \n    at internalConnectMultiple (node:net:1139:18)\n    at afterConnectMultiple (node:net:1714:7)","timestamp":"2026-09-06T11:12:34.951Z"}
{"code":"ECONNREFUSED","level":"error","message":"Redis connection error:","service":"order-service","stack":"AggregateError [ECONNREFUSED]: \n    at internalConnectMultiple (node:net:1139:18)\n    at afterConnectMultiple (node:net:1714:7)","timestamp":"2026-09-06T11:12:35.155Z"}
{"code":"ECONNREFUSED","level":"error","message":"Redis connection error:","service":"order-service","stack":"AggregateError [ECONNREFUSED]: \n    at internalConnectMultiple (node:net:1139:18)\n    at afterConnectMultiple (node:net:1714:7)","timestamp":"2026-09-06T11:12:35.421Z"}
{"code":"ECONNREFUSED","level":"error","message":"Redis connection error:","service":"order-service","stack":"AggregateError [ECONNREFUSED]: \n    at internalConnectMultiple (node:net:1139:18)\n    at afterConnectMultiple (node:net:1714:7)","timestamp":"2026-09-06T11:12:35.731Z"}
{"code":"ECONNREFUSED","level":"error","message":"Redis connection error:","service":"order-service","stack":"AggregateError [ECONNREFUSED]: \n    at internalConnectMultiple (node:net:1139:18)\n    at afterConnectMultiple (node:net:1714:7)","timestamp":"2026-09-06T11:12:36.092Z"}
{"code":"ECONNREFUSED","level":"error","message":"Redis connection error:","service":"order-service","stack":"AggregateError [ECONNREFUSED]: \n    at internalConnectMultiple (node:net:1139:18)\n    at afterConnectMultiple (node:net:1714:7)","timestamp":"2026-09-06T11:12:36.500Z"}
{"code":"ECONNREFUSED","level":"error","message":"Redis connection error:","service":"order-service","stack":"AggregateError [ECONNREFUSED]: \n    at internalConnectMultiple (node:net:1139:18)\n    at afterConnectMultiple (node:net:1714:7)","timestamp":"2026-09-06T11:12:36.955Z"}
{"code":"ECONNREFUSED","level":"error","message":"Redis connection error:","service":"order-service","stack":"AggregateError [ECONNREFUSED]: \n    at internalConnectMultiple (node:net:1139:18)\n    at afterConnectMultiple (node:net:1714:7)","timestamp":"2026-09-06T11:12:37.459Z"}
{"code":"ECONNREFUSED","level":"error","message":"Redis connection error:","service":"order-service","stack":"AggregateError [ECONNREFUSED]: \n    at internalConnectMultiple (node:net:1139:18)\n    at afterConnectMultiple (node:net:1714:7)","timestamp":"2026-09-06T11:12:38.024Z"}
{"code":"ECONNREFUSED","level":"error","message":"Redis connection error:","service":"order-service","stack":"AggregateError [ECONNREFUSED]: \n    at internalConnectMultiple (node:net:1139:18)\n    at afterConnectMultiple (node:net:1714:7)","timestamp":"2026-09-06T11:12:38.631Z"}
{"code":"ECONNREFUSED","level":"error","message":"Redis connection error:","service":"order-service","stack":"AggregateError [ECONNREFUSED]: \n    at internalConnectMultiple (node:net:1139:18)\n    at afterConnectMultiple (node:net:1714:7)","timestamp":"2026-09-06T11:12:39.299Z"}
{"code":"ECONNREFUSED","level":"error","message":"Redis connection error:","service":"order-service","stack":"AggregateError [ECONNREFUSED]: \n    at internalConnectMultiple (node:net:1139:18)\n    at afterConnectMultiple (node:net:1714:7)","timestamp":"2026-09-06T11:12:40.010Z"}
{"code":"ECONNREFUSED","level":"error","message":"Redis connection error:","service":"order-service","stack":"AggregateError [ECONNREFUSED]: \n    at internalConnectMultiple (node:net:1139:18)\n    at afterConnectMultiple (node:net:1714:7)","timestamp":"2026-09-06T11:12:40.768Z"}
{"code":"ECONNREFUSED","level":"error","message":"Redis connection error:","service":"order-service","stack":"AggregateError [ECONNREFUSED]: \n    at internalConnectMultiple (node:net:1139:18)\n    at afterConnectMultiple (node:net:1714:7)","timestamp":"2026-09-06T11:12:41.578Z"}
{"code":"ECONNREFUSED","level":"error","message":"Redis connection error:","service":"order-service","stack":"AggregateError [ECONNREFUSED]: \n    at internalConnectMultiple (node:net:1139:18)\n    at afterConnectMultiple (node:net:1714:7)","timestamp":"2026-09-06T11:12:42.436Z"}
{"code":"ECONNREFUSED","level":"error","message":"Redis connection error:","service":"order-service","stack":"AggregateError [ECONNREFUSED]: \n    at internalConnectMultiple (node:net:1139:18)\n    at afterConnectMultiple (node:net:1714:7)","timestamp":"2026-09-06T11:12:43.340Z"}
{"code":"ECONNREFUSED","level":"error","message":"Redis connection error:","service":"order-service","stack":"AggregateError [ECONNREFUSED]: \n    at internalConnectMultiple (node:net:1139:18)\n    at afterConnectMultiple (node:net:1714:7)","timestamp":"2026-09-06T11:12:44.294Z"}
{"code":"ECONNREFUSED","level":"error","message":"Redis connection error:","service":"order-service","stack":"AggregateError [ECONNREFUSED]: \n    at internalConnectMultiple (node:net:1139:18)\n    at afterConnectMultiple (node:net:1714:7)","timestamp":"2026-09-06T11:12:45.329Z"}
{"code":"ECONNREFUSED","level":"error","message":"Redis connection error:","service":"order-service","stack":"AggregateError [ECONNREFUSED]: \n    at internalConnectMultiple (node:net:1139:18)\n    at afterConnectMultiple (node:net:1714:7)","timestamp":"2026-09-06T11:12:46.407Z"}
{"code":"ECONNREFUSED","level":"error","message":"Redis connection error:","service":"order-service","stack":"AggregateError [ECONNREFUSED]: \n    at internalConnectMultiple (node:net:1139:18)\n    at afterConnectMultiple (node:net:1714:7)","timestamp":"2026-09-06T11:12:47.514Z"}
{"code":"ECONNREFUSED","level":"error","message":"Redis connection error:","service":"order-service","stack":"AggregateError [ECONNREFUSED]: \n    at internalConnectMultiple (node:net:1139:18)\n    at afterConnectMultiple (node:net:1714:7)","timestamp":"2026-09-06T11:12:48.678Z"}
{"code":"ECONNREFUSED","level":"error","message":"Redis connection error:","service":"order-service","stack":"AggregateError [ECONNREFUSED]: \n    at internalConnectMultiple (node:net:1139:18)\n    at afterConnectMultiple (node:net:1714:7)","timestamp":"2026-09-06T11:12:49.903Z"}
{"code":"ECONNREFUSED","level":"error","message":"Redis connection error:","service":"order-service","stack":"AggregateError [ECONNREFUSED]: \n    at internalConnectMultiple (node:net:1139:18)\n    at afterConnectMultiple (node:net:1714:7)","timestamp":"2026-09-06T11:12:51.162Z"}
{"code":"ECONNREFUSED","level":"error","message":"Redis connection error:","service":"order-service","stack":"AggregateError [ECONNREFUSED]: \n    at internalConnectMultiple (node:net:1139:18)\n    at afterConnectMultiple (node:net:1714:7)","timestamp":"2026-09-06T11:12:52.473Z"}
{"code":"ECONNREFUSED","level":"error","message":"Redis connection error:","service":"order-service","stack":"AggregateError [ECONNREFUSED]: \n    at internalConnectMultiple (node:net:1139:18)\n    at afterConnectMultiple (node:net:1714:7)","timestamp":"2026-09-06T11:12:53.834Z"}
{"code":"ECONNREFUSED","level":"error","message":"Redis connection error:","service":"order-service","stack":"AggregateError [ECONNREFUSED]: \n    at internalConnectMultiple (node:net:1139:18)\n    at afterConnectMultiple (node:net:1714:7)","timestamp":"2026-09-06T11:12:55.239Z"}
{"code":"ECONNREFUSED","level":"error","message":"Redis connection error:","service":"order-service","stack":"AggregateError [ECONNREFUSED]: \n    at internalConnectMultiple (node:net:1139:18)\n    at afterConnectMultiple (node:net:1714:7)","timestamp":"2026-09-06T11:12:56.701Z"}
{"code":"ECONNREFUSED","level":"error","message":"Redis connection error:","service":"order-service","stack":"AggregateError [ECONNREFUSED]: \n    at internalConnectMultiple (node:net:1139:18)\n    at afterConnectMultiple (node:net:1714:7)","timestamp":"2026-09-06T11:12:58.213Z"}
{"code":"ECONNREFUSED","level":"error","message":"Redis connection error:","service":"order-service","stack":"AggregateError [ECONNREFUSED]: \n    at internalConnectMultiple (node:net:1139:18)\n    at afterConnectMultiple (node:net:1714:7)","timestamp":"2026-09-06T11:12:59.764Z"}
{"code":"ECONNREFUSED","level":"error","message":"Redis connection error:","service":"order-service","stack":"AggregateError [ECONNREFUSED]: \n    at internalConnectMultiple (node:net:1139:18)\n    at afterConnectMultiple (node:net:1714:7)","timestamp":"2026-09-06T11:13:01.369Z"}
{"code":"ECONNREFUSED","level":"error","message":"Redis connection error:","service":"order-service","stack":"AggregateError [ECONNREFUSED]: \n    at internalConnectMultiple (node:net:1139:18)\n    at afterConnectMultiple (node:net:1714:7)","timestamp":"2026-09-06T11:13:03.028Z"}
{"level":"info","message":"Redis connected successfully","service":"order-service","timestamp":"2026-09-06T11:13:04.742Z"}
{"level":"info","message":"Redis connected successfully","service":"order-service","timestamp":"2026-09-06T11:14:55.807Z"}
{"level":"info","message":"Redis connected successfully","service":"order-service","timestamp":"2026-09-06T11:14:55.924Z"}
{"level":"info","message":"Redis connected successfully","service":"order-service","timestamp":"2026-09-06T11:14:56.139Z"}
{"level":"error","message":"Redis connection error: Reached the max retries per request limit (which is 3). Refer to \"maxRetriesPerRequest\" option for details.","service":"order-service","stack":"MaxRetriesPerRequestError: Reached the max retries per request limit (which is 3). Refer to \"maxRetriesPerRequest\" option for details.\n    at Socket.<anonymous> (D:\\ecommerce-microservices-platform\\services\\order-service\\node_modules\\ioredis\\built\\redis\\event_handler.js:207:37)\n    at Object.onceWrapper (node:events:633:26)\n    at Socket.emit (node:events:518:28)\n    at TCP.<anonymous> (node:net:351:12)","timestamp":"2026-09-06T11:14:56.141Z"}
{"level":"info","message":"Redis connected successfully","service":"order-service","timestamp":"2026-09-06T11:14:56.354Z"}
{"level":"info","message":"Redis connected successfully","service":"order-service","timestamp":"2026-09-06T11:14:56.621Z"}
{"level":"info","message":"Redis connected successfully","service":"order-service","timestamp":"2026-09-06T11:14:56.938Z"}
{"code":"ECONNRESET","errno":-4077,"level":"error","message":"Redis connection error: read ECONNRESET","service":"order-service","stack":"Error: read ECONNRESET\n    at TCP.onStreamRead (node:internal/stream_base_commons:216:20)","syscall":"read","timestamp":"2026-09-06T11:14:59.998Z"}
{"code":"ECONNREFUSED","level":"error","message":"Redis connection error:","service":"order-service","stack":"AggregateError [ECONNREFUSED]: \n    at internalConnectMultiple (node:net:1139:18)\n    at afterConnectMultiple (node:net:1714:7)","timestamp":"2026-09-06T11:15:00.354Z"}
{"level":"error","message":"Redis connection error: Reached the max retries per request limit (which is 3). Refer to \"maxRetriesPerRequest\" option for details.","service":"order-service","stack":"MaxRetriesPerRequestError: Reached the max retries per request limit (which is 3). Refer to \"maxRetriesPerRequest\" option for details.\n    at Socket.<anonymous> (D:\\ecommerce-microservices-platform\\services\\order-service\\node_modules\\ioredis\\built\\redis\\event_handler.js:207:37)\n    at Object.onceWrapper (node:events:633:26)\n    at Socket.emit (node:events:518:28)\n    at TCP.<anonymous> (node:net:351:12)","timestamp":"2026-09-06T11:15:00.354Z"}
{"code":"ECONNREFUSED","level":"error","message":"Redis connection error:","service":"order-service","stack":"AggregateError [ECONNREFUSED]: \n    at internalConnectMultiple (node:net:1139:18)\n    at afterConnectMultiple (node:net:1714:7)","timestamp":"2026-09-06T11:15:00.755Z"}
{"code":"ECONNREFUSED","level":"error","message":"Redis connection error:","service":"order-service","stack":"AggregateError [ECONNREFUSED]: \n    at internalConnectMultiple (node:net:1139:18)\n    at afterConnectMultiple (node:net:1714:7)","timestamp":"2026-09-06T11:15:01.222Z"}
{"code":"ECONNREFUSED","level":"error","message":"Redis connection error:","service":"order-service","stack":"AggregateError [ECONNREFUSED]: \n    at internalConnectMultiple (node:net:1139:18)\n    at afterConnectMultiple (node:net:1714:7)","timestamp":"2026-09-06T11:15:01.739Z"}
{"code":"ECONNREFUSED","level":"error","message":"Redis connection error:","service":"order-service","stack":"AggregateError [ECONNREFUSED]: \n    at internalConnectMultiple (node:net:1139:18)\n    at afterConnectMultiple (node:net:1714:7)","timestamp":"2026-09-06T11:15:02.304Z"}
{"code":"ECONNREFUSED","level":"error","message":"Redis connection error:","service":"order-service","stack":"AggregateError [ECONNREFUSED]: \n    at internalConnectMultiple (node:net:1139:18)\n    at afterConnectMultiple (node:net:1714:7)","timestamp":"2026-09-06T11:15:02.920Z"}
{"code":"ECONNREFUSED","level":"error","message":"Redis connection error:","service":"order-service","stack":"AggregateError [ECONNREFUSED]: \n    at internalConnectMultiple (node:net:1139:18)\n    at afterConnectMultiple (node:net:1714:7)","timestamp":"2026-09-06T11:15:03.574Z"}
{"level":"info","message":"Redis connected successfully","service":"order-service","timestamp":"2026-09-06T11:15:04.279Z"}
{"level":"info","message":"MongoDB Connected: cluster0-shard-00-02.ldi5y.mongodb.net","service":"order-service","timestamp":"2026-09-06T12:16:21.226Z"}
{"level":"info","message":"MongoDB Connected: cluster0-shard-00-01.ldi5y.mongodb.net","service":"order-service","timestamp":"2026-09-08T08:41:08.145Z"}
{"level":"info","message":"Order indexes created successfully","service":"order-service","timestamp":"2026-09-08T08:41:12.277Z"}
{"code":"ECONNREFUSED","level":"error","message":"Redis connection error:","service":"order-service","stack":"AggregateError [ECONNREFUSED]: \n    at internalConnectMultiple (node:net:1139:18)\n    at afterConnectMultiple (node:net:1714:7)","timestamp":"2026-09-08T08:41:12.289Z"}
{"level":"error","message":"Redis initialization error: Connection is closed.","service":"order-service","stack":"Error: Connection is closed.\n    at EventEmitter.connectionCloseHandler (D:\\ecommerce-microservices-platform\\services\\order-service\\node_modules\\ioredis\\built\\Redis.js:208:28)\n    at Object.onceWrapper (node:events:633:26)\n    at EventEmitter.emit (node:events:518:28)\n    at process.processTicksAndRejections (node:internal/process/task_queues:85:11)","timestamp":"2026-09-08T08:41:12.291Z"}
{"environment":"development","level":"info","message":"Order Service started successfully","port":"3004","service":"order-service","timestamp":"2026-09-08T08:41:12.297Z"}
{"code":"ECONNREFUSED","level":"error","message":"Redis connection error:","service":"order-service","stack":"AggregateError [ECONNREFUSED]: \n    at internalConnectMultiple (node:net:1139:18)\n    at afterConnectMultiple (node:net:1714:7)","timestamp":"2026-09-08T08:41:12.347Z"}
{"code":"ECONNREFUSED","level":"error","message":"Redis connection error:","service":"order-service","stack":"AggregateError [ECONNREFUSED]: \n    at internalConnectMultiple (node:net:1139:18)\n    at afterConnectMultiple (node:net:1714:7)","timestamp":"2026-09-08T08:41:12.452Z"}
{"code":"ECONNREFUSED","level":"error","message":"Redis connection error:","service":"order-service","stack":"AggregateError [ECONNREFUSED]: \n    at internalConnectMultiple (node:net:1139:18)\n    at afterConnectMultiple (node:net:1714:7)","timestamp":"2026-09-08T08:41:12.605Z"}
{"code":"ECONNREFUSED","level":"error","message":"Redis connection error:","service":"order-service","stack":"AggregateError [ECONNREFUSED]: \n    at internalConnectMultiple (node:net:1139:18)\n    at afterConnectMultiple (node:net:1714:7)","timestamp":"2026-09-08T08:41:12.818Z"}
{"code":"ECONNREFUSED","level":"error","message":"Redis connection error:","service":"order-service","stack":"AggregateError [ECONNREFUSED]: \n    at internalConnectMultiple (node:net:1139:18)\n    at afterConnectMultiple (node:net:1714:7)","timestamp":"2026-09-08T08:41:13.084Z"}
{"code":"ECONNREFUSED","level":"error","message":"Redis connection error:","service":"order-service","stack":"AggregateError [ECONNREFUSED]: \n    at internalConnectMultiple (node:net:1139:18)\n    at afterConnectMultiple (node:net:1714:7)","timestamp":"2026-09-08T08:41:13.397Z"}
{"code":"ECONNREFUSED","level":"error","message":"Redis connection error:","service":"order-service","stack":"AggregateError [ECONNREFUSED]: \n    at internalConnectMultiple (node:net:1139:18)\n    at afterConnectMultiple (node:net:1714:7)","timestamp":"2026-09-08T08:41:13.751Z"}
{"code":"ECONNREFUSED","level":"error","message":"Redis connection error:","service":"order-service","stack":"AggregateError [ECONNREFUSED]: \n    at internalConnectMultiple (node:net:1139:18)\n    at afterConnectMultiple (node:net:1714:7)","timestamp":"2026-09-08T08:41:14.173Z"}
{"code":"ECONNREFUSED","level":"error","message":"Redis connection error:","service":"order-service","stack":"AggregateError [ECONNREFUSED]: \n    at internalConnectMultiple (node:net:1139:18)\n    at afterConnectMultiple (node:net:1714:7)","timestamp":"2026-09-08T08:41:14.632Z"}
{"code":"ECONNREFUSED","level":"error","message":"Redis connection error:","service":"order-service","stack":"AggregateError [ECONNREFUSED]: \n    at internalConnectMultiple (node:net:1139:18)\n    at afterConnectMultiple (node:net:1714:7)","timestamp":"2026-09-08T08:41:15.150Z"}
{"code":"ECONNREFUSED","level":"error","message":"Redis connection error:","service":"order-service","stack":"AggregateError [ECONNREFUSED]: \n    at internalConnectMultiple (node:net:1139:18)\n    at afterConnectMultiple (node:net:1714:7)","timestamp":"2026-09-08T08:41:15.715Z"}
{"code":"ECONNREFUSED","level":"error","message":"Redis connection error:","service":"order-service","stack":"AggregateError [ECONNREFUSED]: \n    at internalConnectMultiple (node:net:1139:18)\n    at afterConnectMultiple (node:net:1714:7)","timestamp":"2026-09-08T08:41:16.336Z"}
{"code":"ECONNREFUSED","level":"error","message":"Redis connection error:","service":"order-service","stack":"AggregateError [ECONNREFUSED]: \n    at internalConnectMultiple (node:net:1139:18)\n    at afterConnectMultiple (node:net:1714:7)","timestamp":"2026-09-08T08:41:17.013Z"}
{"code":"ECONNREFUSED","level":"error","message":"Redis connection error:","service":"order-service","stack":"AggregateError [ECONNREFUSED]: \n    at internalConnectMultiple (node:net:1139:18)\n    at afterConnectMultiple (node:net:1714:7)","timestamp":"2026-09-08T08:41:17.721Z"}
{"code":"ECONNREFUSED","level":"error","message":"Redis connection error:","service":"order-service","stack":"AggregateError [ECONNREFUSED]: \n    at internalConnectMultiple (node:net:1139:18)\n    at afterConnectMultiple (node:net:1714:7)","timestamp":"2026-09-08T08:41:18.481Z"}
{"level":"info","message":"Redis connected successfully","service":"order-service","timestamp":"2026-09-08T08:41:19.301Z"}
{"level":"info","message":"MongoDB Connected: cluster0-shard-00-00.ldi5y.mongodb.net","service":"order-service","timestamp":"2026-09-08T12:44:35.213Z"}
{"level":"info","message":"MongoDB Connected: cluster0-shard-00-01.ldi5y.mongodb.net","service":"order-service","timestamp":"2026-09-09T05:39:36.929Z"}
{"level":"info","message":"Order indexes created successfully","service":"order-service","timestamp":"2026-09-09T05:39:40.927Z"}
{"code":"ECONNREFUSED","level":"error","message":"Redis connection error:","service":"order-service","stack":"AggregateError [ECONNREFUSED]: \n    at internalConnectMultiple (node:net:1139:18)\n    at afterConnectMultiple (node:net:1714:7)","timestamp":"2026-09-09T05:39:40.933Z"}
{"level":"error","message":"Redis initialization error: Connection is closed.","service":"order-service","stack":"Error: Connection is closed.\n    at EventEmitter.connectionCloseHandler (D:\\ecommerce-microservices-platform\\services\\order-service\\node_modules\\ioredis\\built\\Redis.js:208:28)\n    at Object.onceWrapper (node:events:633:26)\n    at EventEmitter.emit (node:events:518:28)\n    at process.processTicksAndRejections (node:internal/process/task_queues:85:11)","timestamp":"2026-09-09T05:39:40.934Z"}
{"environment":"development","level":"info","message":"Order Service started successfully","port":"3004","service":"order-service","timestamp":"2026-09-09T05:39:40.939Z"}
{"code":"ECONNREFUSED","level":"error","message":"Redis connection error:","service":"order-service","stack":"AggregateError [ECONNREFUSED]: \n    at internalConnectMultiple (node:net:1139:18)\n    at afterConnectMultiple (node:net:1714:7)","timestamp":"2026-09-09T05:39:41.000Z"}
{"code":"ECONNREFUSED","level":"error","message":"Redis connection error:","service":"order-service","stack":"AggregateError [ECONNREFUSED]: \n    at internalConnectMultiple (node:net:1139:18)\n    at afterConnectMultiple (node:net:1714:7)","timestamp":"2026-09-09T05:39:41.116Z"}
{"code":"ECONNREFUSED","level":"error","message":"Redis connection error:","service":"order-service","stack":"AggregateError [ECONNREFUSED]: \n    at internalConnectMultiple (node:net:1139:18)\n    at afterConnectMultiple (node:net:1714:7)","timestamp":"2026-09-09T05:39:41.279Z"}
{"code":"ECONNREFUSED","level":"error","message":"Redis connection error:","service":"order-service","stack":"AggregateError [ECONNREFUSED]: \n    at internalConnectMultiple (node:net:1139:18)\n    at afterConnectMultiple (node:net:1714:7)","timestamp":"2026-09-09T05:39:41.485Z"}
{"code":"ECONNREFUSED","level":"error","message":"Redis connection error:","service":"order-service","stack":"AggregateError [ECONNREFUSED]: \n    at internalConnectMultiple (node:net:1139:18)\n    at afterConnectMultiple (node:net:1714:7)","timestamp":"2026-09-09T05:39:41.749Z"}
{"code":"ECONNREFUSED","level":"error","message":"Redis connection error:","service":"order-service","stack":"AggregateError [ECONNREFUSED]: \n    at internalConnectMultiple (node:net:1139:18)\n    at afterConnectMultiple (node:net:1714:7)","timestamp":"2026-09-09T05:39:42.060Z"}
{"code":"ECONNREFUSED","level":"error","message":"Redis connection error:","service":"order-service","stack":"AggregateError [ECONNREFUSED]: \n    at internalConnectMultiple (node:net:1139:18)\n    at afterConnectMultiple (node:net:1714:7)","timestamp":"2026-09-09T05:39:42.420Z"}
{"code":"ECONNREFUSED","level":"error","message":"Redis connection error:","service":"order-service","stack":"AggregateError [ECONNREFUSED]: \n    at internalConnectMultiple (node:net:1139:18)\n    at afterConnectMultiple (node:net:1714:7)","timestamp":"2026-09-09T05:39:42.822Z"}
{"code":"ECONNREFUSED","level":"error","message":"Redis connection error:","service":"order-service","stack":"AggregateError [ECONNREFUSED]: \n    at internalConnectMultiple (node:net:1139:18)\n    at afterConnectMultiple (node:net:1714:7)","timestamp":"2026-09-09T05:39:43.288Z"}
{"code":"ECONNREFUSED","level":"error","message":"Redis connection error:","service":"order-service","stack":"AggregateError [ECONNREFUSED]: \n    at internalConnectMultiple (node:net:1139:18)\n    at afterConnectMultiple (node:net:1714:7)","timestamp":"2026-09-09T05:39:43.799Z"}
{"code":"ECONNREFUSED","level":"error","message":"Redis connection error:","service":"order-service","stack":"AggregateError [ECONNREFUSED]: \n    at internalConnectMultiple (node:net:1139:18)\n    at afterConnectMultiple (node:net:1714:7)","timestamp":"2026-09-09T05:39:44.364Z"}
{"code":"ECONNREFUSED","level":"error","message":"Redis connection error:","service":"order-service","stack":"AggregateError [ECONNREFUSED]: \n    at internalConnectMultiple (node:net:1139:18)\n    at afterConnectMultiple (node:net:1714:7)","timestamp":"2026-09-09T05:39:44.979Z"}
{"code":"ECONNREFUSED","level":"error","message":"Redis connection error:","service":"order-service","stack":"AggregateError [ECONNREFUSED]: \n    at internalConnectMultiple (node:net:1139:18)\n    at afterConnectMultiple (node:net:1714:7)","timestamp":"2026-09-09T05:39:45.637Z"}
{"code":"ECONNREFUSED","level":"error","message":"Redis connection error:","service":"order-service","stack":"AggregateError [ECONNREFUSED]: \n    at internalConnectMultiple (node:net:1139:18)\n    at afterConnectMultiple (node:net:1714:7)","timestamp":"2026-09-09T05:39:46.349Z"}
{"code":"ECONNREFUSED","level":"error","message":"Redis connection error:","service":"order-service","stack":"AggregateError [ECONNREFUSED]: \n    at internalConnectMultiple (node:net:1139:18)\n    at afterConnectMultiple (node:net:1714:7)","timestamp":"2026-09-09T05:39:47.116Z"}
{"code":"ECONNREFUSED","level":"error","message":"Redis connection error:","service":"order-service","stack":"AggregateError [ECONNREFUSED]: \n    at internalConnectMultiple (node:net:1139:18)\n    at afterConnectMultiple (node:net:1714:7)","timestamp":"2026-09-09T05:39:47.922Z"}
{"code":"ECONNREFUSED","level":"error","message":"Redis connection error:","service":"order-service","stack":"AggregateError [ECONNREFUSED]: \n    at internalConnectMultiple (node:net:1139:18)\n    at afterConnectMultiple (node:net:1714:7)","timestamp":"2026-09-09T05:39:48.784Z"}
{"level":"info","message":"Redis connected successfully","service":"order-service","timestamp":"2026-09-09T05:39:49.698Z"}
{"level":"info","message":"MongoDB Connected: cluster0-shard-00-00.ldi5y.mongodb.net","service":"order-service","timestamp":"2026-09-10T04:32:07.069Z"}
{"level":"info","message":"Order indexes created successfully","service":"order-service","timestamp":"2026-09-10T04:32:11.046Z"}
{"code":"ECONNREFUSED","level":"error","message":"Redis connection error:","service":"order-service","stack":"AggregateError [ECONNREFUSED]: \n    at internalConnectMultiple (node:net:1139:18)\n    at afterConnectMultiple (node:net:1714:7)","timestamp":"2026-09-10T04:32:11.053Z"}
{"level":"error","message":"Redis initialization error: Connection is closed.","service":"order-service","stack":"Error: Connection is closed.\n    at EventEmitter.connectionCloseHandler (D:\\ecommerce-microservices-platform\\services\\order-service\\node_modules\\ioredis\\built\\Redis.js:208:28)\n    at Object.onceWrapper (node:events:633:26)\n    at EventEmitter.emit (node:events:518:28)\n    at process.processTicksAndRejections (node:internal/process/task_queues:85:11)","timestamp":"2026-09-10T04:32:11.055Z"}
{"environment":"development","level":"info","message":"Order Service started successfully","port":"3004","service":"order-service","timestamp":"2026-09-10T04:32:11.059Z"}
{"code":"ECONNREFUSED","level":"error","message":"Redis connection error:","service":"order-service","stack":"AggregateError [ECONNREFUSED]: \n    at internalConnectMultiple (node:net:1139:18)\n    at afterConnectMultiple (node:net:1714:7)","timestamp":"2026-09-10T04:32:11.120Z"}
{"code":"ECONNREFUSED","level":"error","message":"Redis connection error:","service":"order-service","stack":"AggregateError [ECONNREFUSED]: \n    at internalConnectMultiple (node:net:1139:18)\n    at afterConnectMultiple (node:net:1714:7)","timestamp":"2026-09-10T04:32:11.235Z"}
{"code":"ECONNREFUSED","level":"error","message":"Redis connection error:","service":"order-service","stack":"AggregateError [ECONNREFUSED]: \n    at internalConnectMultiple (node:net:1139:18)\n    at afterConnectMultiple (node:net:1714:7)","timestamp":"2026-09-10T04:32:11.387Z"}
{"code":"ECONNREFUSED","level":"error","message":"Redis connection error:","service":"order-service","stack":"AggregateError [ECONNREFUSED]: \n    at internalConnectMultiple (node:net:1139:18)\n    at afterConnectMultiple (node:net:1714:7)","timestamp":"2026-09-10T04:32:11.593Z"}
{"code":"ECONNREFUSED","level":"error","message":"Redis connection error:","service":"order-service","stack":"AggregateError [ECONNREFUSED]: \n    at internalConnectMultiple (node:net:1139:18)\n    at afterConnectMultiple (node:net:1714:7)","timestamp":"2026-09-10T04:32:11.853Z"}
{"code":"ECONNREFUSED","level":"error","message":"Redis connection error:","service":"order-service","stack":"AggregateError [ECONNREFUSED]: \n    at internalConnectMultiple (node:net:1139:18)\n    at afterConnectMultiple (node:net:1714:7)","timestamp":"2026-09-10T04:32:12.169Z"}
{"code":"ECONNREFUSED","level":"error","message":"Redis connection error:","service":"order-service","stack":"AggregateError [ECONNREFUSED]: \n    at internalConnectMultiple (node:net:1139:18)\n    at afterConnectMultiple (node:net:1714:7)","timestamp":"2026-09-10T04:32:12.521Z"}
{"code":"ECONNREFUSED","level":"error","message":"Redis connection error:","service":"order-service","stack":"AggregateError [ECONNREFUSED]: \n    at internalConnectMultiple (node:net:1139:18)\n    at afterConnectMultiple (node:net:1714:7)","timestamp":"2026-09-10T04:32:12.932Z"}
{"code":"ECONNREFUSED","level":"error","message":"Redis connection error:","service":"order-service","stack":"AggregateError [ECONNREFUSED]: \n    at internalConnectMultiple (node:net:1139:18)\n    at afterConnectMultiple (node:net:1714:7)","timestamp":"2026-09-10T04:32:13.398Z"}
{"code":"ECONNREFUSED","level":"error","message":"Redis connection error:","service":"order-service","stack":"AggregateError [ECONNREFUSED]: \n    at internalConnectMultiple (node:net:1139:18)\n    at afterConnectMultiple (node:net:1714:7)","timestamp":"2026-09-10T04:32:13.904Z"}
{"code":"ECONNREFUSED","level":"error","message":"Redis connection error:","service":"order-service","stack":"AggregateError [ECONNREFUSED]: \n    at internalConnectMultiple (node:net:1139:18)\n    at afterConnectMultiple (node:net:1714:7)","timestamp":"2026-09-10T04:32:14.465Z"}
{"code":"ECONNREFUSED","level":"error","message":"Redis connection error:","service":"order-service","stack":"AggregateError [ECONNREFUSED]: \n    at internalConnectMultiple (node:net:1139:18)\n    at afterConnectMultiple (node:net:1714:7)","timestamp":"2026-09-10T04:32:15.073Z"}
{"code":"ECONNREFUSED","level":"error","message":"Redis connection error:","service":"order-service","stack":"AggregateError [ECONNREFUSED]: \n    at internalConnectMultiple (node:net:1139:18)\n    at afterConnectMultiple (node:net:1714:7)","timestamp":"2026-09-10T04:32:15.727Z"}
{"code":"ECONNREFUSED","level":"error","message":"Redis connection error:","service":"order-service","stack":"AggregateError [ECONNREFUSED]: \n    at internalConnectMultiple (node:net:1139:18)\n    at afterConnectMultiple (node:net:1714:7)","timestamp":"2026-09-10T04:32:16.440Z"}
{"code":"ECONNREFUSED","level":"error","message":"Redis connection error:","service":"order-service","stack":"AggregateError [ECONNREFUSED]: \n    at internalConnectMultiple (node:net:1139:18)\n    at afterConnectMultiple (node:net:1714:7)","timestamp":"2026-09-10T04:32:17.196Z"}
{"code":"ECONNREFUSED","level":"error","message":"Redis connection error:","service":"order-service","stack":"AggregateError [ECONNREFUSED]: \n    at internalConnectMultiple (node:net:1139:18)\n    at afterConnectMultiple (node:net:1714:7)","timestamp":"2026-09-10T04:32:18.009Z"}
{"code":"ECONNREFUSED","level":"error","message":"Redis connection error:","service":"order-service","stack":"AggregateError [ECONNREFUSED]: \n    at internalConnectMultiple (node:net:1139:18)\n    at afterConnectMultiple (node:net:1714:7)","timestamp":"2026-09-10T04:32:18.873Z"}
{"code":"ECONNREFUSED","level":"error","message":"Redis connection error:","service":"order-service","stack":"AggregateError [ECONNREFUSED]: \n    at internalConnectMultiple (node:net:1139:18)\n    at afterConnectMultiple (node:net:1714:7)","timestamp":"2026-09-10T04:32:19.780Z"}
{"code":"ECONNREFUSED","level":"error","message":"Redis connection error:","service":"order-service","stack":"AggregateError [ECONNREFUSED]: \n    at internalConnectMultiple (node:net:1139:18)\n    at afterConnectMultiple (node:net:1714:7)","timestamp":"2026-09-10T04:32:20.733Z"}
{"code":"ECONNREFUSED","level":"error","message":"Redis connection error:","service":"order-service","stack":"AggregateError [ECONNREFUSED]: \n    at internalConnectMultiple (node:net:1139:18)\n    at afterConnectMultiple (node:net:1714:7)","timestamp":"2026-09-10T04:32:21.736Z"}
{"level":"info","message":"Redis connected successfully","service":"order-service","timestamp":"2026-09-10T04:32:22.803Z"}
{"level":"info","message":"MongoDB Connected: cluster0-shard-00-02.ldi5y.mongodb.net","service":"order-service","timestamp":"2026-09-11T10:03:27.292Z"}
{"level":"info","message":"Order indexes created successfully","service":"order-service","timestamp":"2026-09-11T10:03:31.360Z"}
{"code":"ECONNREFUSED","level":"error","message":"Redis connection error:","service":"order-service","stack":"AggregateError [ECONNREFUSED]: \n    at internalConnectMultiple (node:net:1139:18)\n    at afterConnectMultiple (node:net:1714:7)","timestamp":"2026-09-11T10:03:31.365Z"}
{"level":"error","message":"Redis initialization error: Connection is closed.","service":"order-service","stack":"Error: Connection is closed.\n    at EventEmitter.connectionCloseHandler (D:\\ecommerce-microservices-platform\\services\\order-service\\node_modules\\ioredis\\built\\Redis.js:208:28)\n    at Object.onceWrapper (node:events:633:26)\n    at EventEmitter.emit (node:events:518:28)\n    at process.processTicksAndRejections (node:internal/process/task_queues:85:11)","timestamp":"2026-09-11T10:03:31.366Z"}
{"environment":"development","level":"info","message":"Order Service started successfully","port":"3004","service":"order-service","timestamp":"2026-09-11T10:03:31.370Z"}
{"code":"ECONNREFUSED","level":"error","message":"Redis connection error:","service":"order-service","stack":"AggregateError [ECONNREFUSED]: \n    at internalConnectMultiple (node:net:1139:18)\n    at afterConnectMultiple (node:net:1714:7)","timestamp":"2026-09-11T10:03:31.425Z"}
{"code":"ECONNREFUSED","level":"error","message":"Redis connection error:","service":"order-service","stack":"AggregateError [ECONNREFUSED]: \n    at internalConnectMultiple (node:net:1139:18)\n    at afterConnectMultiple (node:net:1714:7)","timestamp":"2026-09-11T10:03:31.541Z"}
{"code":"ECONNREFUSED","level":"error","message":"Redis connection error:","service":"order-service","stack":"AggregateError [ECONNREFUSED]: \n    at internalConnectMultiple (node:net:1139:18)\n    at afterConnectMultiple (node:net:1714:7)","timestamp":"2026-09-11T10:03:31.706Z"}
{"code":"ECONNREFUSED","level":"error","message":"Redis connection error:","service":"order-service","stack":"AggregateError [ECONNREFUSED]: \n    at internalConnectMultiple (node:net:1139:18)\n    at afterConnectMultiple (node:net:1714:7)","timestamp":"2026-09-11T10:03:31.919Z"}
{"code":"ECONNREFUSED","level":"error","message":"Redis connection error:","service":"order-service","stack":"AggregateError [ECONNREFUSED]: \n    at internalConnectMultiple (node:net:1139:18)\n    at afterConnectMultiple (node:net:1714:7)","timestamp":"2026-09-11T10:03:32.184Z"}
{"code":"ECONNREFUSED","level":"error","message":"Redis connection error:","service":"order-service","stack":"AggregateError [ECONNREFUSED]: \n    at internalConnectMultiple (node:net:1139:18)\n    at afterConnectMultiple (node:net:1714:7)","timestamp":"2026-09-11T10:03:32.498Z"}
{"code":"ECONNREFUSED","level":"error","message":"Redis connection error:","service":"order-service","stack":"AggregateError [ECONNREFUSED]: \n    at internalConnectMultiple (node:net:1139:18)\n    at afterConnectMultiple (node:net:1714:7)","timestamp":"2026-09-11T10:03:32.856Z"}
{"code":"ECONNREFUSED","level":"error","message":"Redis connection error:","service":"order-service","stack":"AggregateError [ECONNREFUSED]: \n    at internalConnectMultiple (node:net:1139:18)\n    at afterConnectMultiple (node:net:1714:7)","timestamp":"2026-09-11T10:03:33.262Z"}
{"code":"ECONNREFUSED","level":"error","message":"Redis connection error:","service":"order-service","stack":"AggregateError [ECONNREFUSED]: \n    at internalConnectMultiple (node:net:1139:18)\n    at afterConnectMultiple (node:net:1714:7)","timestamp":"2026-09-11T10:03:33.729Z"}
{"code":"ECONNREFUSED","level":"error","message":"Redis connection error:","service":"order-service","stack":"AggregateError [ECONNREFUSED]: \n    at internalConnectMultiple (node:net:1139:18)\n    at afterConnectMultiple (node:net:1714:7)","timestamp":"2026-09-11T10:03:34.234Z"}
{"code":"ECONNREFUSED","level":"error","message":"Redis connection error:","service":"order-service","stack":"AggregateError [ECONNREFUSED]: \n    at internalConnectMultiple (node:net:1139:18)\n    at afterConnectMultiple (node:net:1714:7)","timestamp":"2026-09-11T10:03:34.796Z"}
{"code":"ECONNREFUSED","level":"error","message":"Redis connection error:","service":"order-service","stack":"AggregateError [ECONNREFUSED]: \n    at internalConnectMultiple (node:net:1139:18)\n    at afterConnectMultiple (node:net:1714:7)","timestamp":"2026-09-11T10:03:35.409Z"}
{"code":"ECONNREFUSED","level":"error","message":"Redis connection error:","service":"order-service","stack":"AggregateError [ECONNREFUSED]: \n    at internalConnectMultiple (node:net:1139:18)\n    at afterConnectMultiple (node:net:1714:7)","timestamp":"2026-09-11T10:03:36.077Z"}
{"code":"ECONNREFUSED","level":"error","message":"Redis connection error:","service":"order-service","stack":"AggregateError [ECONNREFUSED]: \n    at internalConnectMultiple (node:net:1139:18)\n    at afterConnectMultiple (node:net:1714:7)","timestamp":"2026-09-11T10:03:36.793Z"}
{"code":"ECONNREFUSED","level":"error","message":"Redis connection error:","service":"order-service","stack":"AggregateError [ECONNREFUSED]: \n    at internalConnectMultiple (node:net:1139:18)\n    at afterConnectMultiple (node:net:1714:7)","timestamp":"2026-09-11T10:03:37.547Z"}
{"code":"ECONNREFUSED","level":"error","message":"Redis connection error:","service":"order-service","stack":"AggregateError [ECONNREFUSED]: \n    at internalConnectMultiple (node:net:1139:18)\n    at afterConnectMultiple (node:net:1714:7)","timestamp":"2026-09-11T10:03:38.362Z"}
{"level":"info","message":"Redis connected successfully","service":"order-service","timestamp":"2026-09-11T10:03:39.231Z"}
{"level":"info","message":"MongoDB Connected: cluster0-shard-00-00.ldi5y.mongodb.net","service":"order-service","timestamp":"2026-09-12T05:34:45.119Z"}
{"level":"info","message":"Order indexes created successfully","service":"order-service","timestamp":"2026-09-12T05:34:49.012Z"}
{"code":"ECONNREFUSED","level":"error","message":"Redis connection error:","service":"order-service","stack":"AggregateError [ECONNREFUSED]: \n    at internalConnectMultiple (node:net:1139:18)\n    at afterConnectMultiple (node:net:1714:7)","timestamp":"2026-09-12T05:34:49.016Z"}
{"level":"error","message":"Redis initialization error: Connection is closed.","service":"order-service","stack":"Error: Connection is closed.\n    at EventEmitter.connectionCloseHandler (D:\\ecommerce-microservices-platform\\services\\order-service\\node_modules\\ioredis\\built\\Redis.js:208:28)\n    at Object.onceWrapper (node:events:633:26)\n    at EventEmitter.emit (node:events:518:28)\n    at process.processTicksAndRejections (node:internal/process/task_queues:85:11)","timestamp":"2026-09-12T05:34:49.016Z"}
{"environment":"development","level":"info","message":"Order Service started successfully","port":"3004","service":"order-service","timestamp":"2026-09-12T05:34:49.019Z"}
{"code":"ECONNREFUSED","level":"error","message":"Redis connection error:","service":"order-service","stack":"AggregateError [ECONNREFUSED]: \n    at internalConnectMultiple (node:net:1139:18)\n    at afterConnectMultiple (node:net:1714:7)","timestamp":"2026-09-12T05:34:49.074Z"}
{"code":"ECONNREFUSED","level":"error","message":"Redis connection error:","service":"order-service","stack":"AggregateError [ECONNREFUSED]: \n    at internalConnectMultiple (node:net:1139:18)\n    at afterConnectMultiple (node:net:1714:7)","timestamp":"2026-09-12T05:34:49.185Z"}
{"code":"ECONNREFUSED","level":"error","message":"Redis connection error:","service":"order-service","stack":"AggregateError [ECONNREFUSED]: \n    at internalConnectMultiple (node:net:1139:18)\n    at afterConnectMultiple (node:net:1714:7)","timestamp":"2026-09-12T05:34:49.339Z"}
{"code":"ECONNREFUSED","level":"error","message":"Redis connection error:","service":"order-service","stack":"AggregateError [ECONNREFUSED]: \n    at internalConnectMultiple (node:net:1139:18)\n    at afterConnectMultiple (node:net:1714:7)","timestamp":"2026-09-12T05:34:49.551Z"}
{"code":"ECONNREFUSED","level":"error","message":"Redis connection error:","service":"order-service","stack":"AggregateError [ECONNREFUSED]: \n    at internalConnectMultiple (node:net:1139:18)\n    at afterConnectMultiple (node:net:1714:7)","timestamp":"2026-09-12T05:34:49.805Z"}
{"code":"ECONNREFUSED","level":"error","message":"Redis connection error:","service":"order-service","stack":"AggregateError [ECONNREFUSED]: \n    at internalConnectMultiple (node:net:1139:18)\n    at afterConnectMultiple (node:net:1714:7)","timestamp":"2026-09-12T05:34:50.117Z"}
{"code":"ECONNREFUSED","level":"error","message":"Redis connection error:","service":"order-service","stack":"AggregateError [ECONNREFUSED]: \n    at internalConnectMultiple (node:net:1139:18)\n    at afterConnectMultiple (node:net:1714:7)","timestamp":"2026-09-12T05:34:50.471Z"}
{"code":"ECONNREFUSED","level":"error","message":"Redis connection error:","service":"order-service","stack":"AggregateError [ECONNREFUSED]: \n    at internalConnectMultiple (node:net:1139:18)\n    at afterConnectMultiple (node:net:1714:7)","timestamp":"2026-09-12T05:34:50.873Z"}
{"code":"ECONNREFUSED","level":"error","message":"Redis connection error:","service":"order-service","stack":"AggregateError [ECONNREFUSED]: \n    at internalConnectMultiple (node:net:1139:18)\n    at afterConnectMultiple (node:net:1714:7)","timestamp":"2026-09-12T05:34:51.327Z"}
{"code":"ECONNREFUSED","level":"error","message":"Redis connection error:","service":"order-service","stack":"AggregateError [ECONNREFUSED]: \n    at internalConnectMultiple (node:net:1139:18)\n    at afterConnectMultiple (node:net:1714:7)","timestamp":"2026-09-12T05:34:51.837Z"}
{"code":"ECONNREFUSED","level":"error","message":"Redis connection error:","service":"order-service","stack":"AggregateError [ECONNREFUSED]: \n    at internalConnectMultiple (node:net:1139:18)\n    at afterConnectMultiple (node:net:1714:7)","timestamp":"2026-09-12T05:34:52.394Z"}
{"code":"ECONNREFUSED","level":"error","message":"Redis connection error:","service":"order-service","stack":"AggregateError [ECONNREFUSED]: \n    at internalConnectMultiple (node:net:1139:18)\n    at afterConnectMultiple (node:net:1714:7)","timestamp":"2026-09-12T05:34:52.999Z"}
{"code":"ECONNREFUSED","level":"error","message":"Redis connection error:","service":"order-service","stack":"AggregateError [ECONNREFUSED]: \n    at internalConnectMultiple (node:net:1139:18)\n    at afterConnectMultiple (node:net:1714:7)","timestamp":"2026-09-12T05:34:53.655Z"}
{"code":"ECONNREFUSED","level":"error","message":"Redis connection error:","service":"order-service","stack":"AggregateError [ECONNREFUSED]: \n    at internalConnectMultiple (node:net:1139:18)\n    at afterConnectMultiple (node:net:1714:7)","timestamp":"2026-09-12T05:34:54.371Z"}
{"code":"ECONNREFUSED","level":"error","message":"Redis connection error:","service":"order-service","stack":"AggregateError [ECONNREFUSED]: \n    at internalConnectMultiple (node:net:1139:18)\n    at afterConnectMultiple (node:net:1714:7)","timestamp":"2026-09-12T05:34:55.133Z"}
{"code":"ECONNREFUSED","level":"error","message":"Redis connection error:","service":"order-service","stack":"AggregateError [ECONNREFUSED]: \n    at internalConnectMultiple (node:net:1139:18)\n    at afterConnectMultiple (node:net:1714:7)","timestamp":"2026-09-12T05:34:55.948Z"}
{"code":"ECONNREFUSED","level":"error","message":"Redis connection error:","service":"order-service","stack":"AggregateError [ECONNREFUSED]: \n    at internalConnectMultiple (node:net:1139:18)\n    at afterConnectMultiple (node:net:1714:7)","timestamp":"2026-09-12T05:34:56.805Z"}
{"code":"ECONNREFUSED","level":"error","message":"Redis connection error:","service":"order-service","stack":"AggregateError [ECONNREFUSED]: \n    at internalConnectMultiple (node:net:1139:18)\n    at afterConnectMultiple (node:net:1714:7)","timestamp":"2026-09-12T05:34:57.708Z"}
{"code":"ECONNREFUSED","level":"error","message":"Redis connection error:","service":"order-service","stack":"AggregateError [ECONNREFUSED]: \n    at internalConnectMultiple (node:net:1139:18)\n    at afterConnectMultiple (node:net:1714:7)","timestamp":"2026-09-12T05:34:58.672Z"}
{"level":"info","message":"Redis connected successfully","service":"order-service","timestamp":"2026-09-12T05:34:59.691Z"}
{"level":"info","message":"MongoDB Connected: cluster0-shard-00-02.ldi5y.mongodb.net","service":"order-service","timestamp":"2026-09-15T05:28:22.406Z"}
{"level":"info","message":"Order indexes created successfully","service":"order-service","timestamp":"2026-09-15T05:28:26.708Z"}
{"code":"ECONNREFUSED","level":"error","message":"Redis connection error:","service":"order-service","stack":"AggregateError [ECONNREFUSED]: \n    at internalConnectMultiple (node:net:1139:18)\n    at afterConnectMultiple (node:net:1714:7)","timestamp":"2026-09-15T05:28:26.713Z"}
{"level":"error","message":"Redis initialization error: Connection is closed.","service":"order-service","stack":"Error: Connection is closed.\n    at EventEmitter.connectionCloseHandler (D:\\ecommerce-microservices-platform\\services\\order-service\\node_modules\\ioredis\\built\\Redis.js:208:28)\n    at Object.onceWrapper (node:events:633:26)\n    at EventEmitter.emit (node:events:518:28)\n    at process.processTicksAndRejections (node:internal/process/task_queues:85:11)","timestamp":"2026-09-15T05:28:26.714Z"}
{"environment":"development","level":"info","message":"Order Service started successfully","port":"3004","service":"order-service","timestamp":"2026-09-15T05:28:26.718Z"}
{"code":"ECONNREFUSED","level":"error","message":"Redis connection error:","service":"order-service","stack":"AggregateError [ECONNREFUSED]: \n    at internalConnectMultiple (node:net:1139:18)\n    at afterConnectMultiple (node:net:1714:7)","timestamp":"2026-09-15T05:28:26.769Z"}
{"code":"ECONNREFUSED","level":"error","message":"Redis connection error:","service":"order-service","stack":"AggregateError [ECONNREFUSED]: \n    at internalConnectMultiple (node:net:1139:18)\n    at afterConnectMultiple (node:net:1714:7)","timestamp":"2026-09-15T05:28:26.886Z"}
{"code":"ECONNREFUSED","level":"error","message":"Redis connection error:","service":"order-service","stack":"AggregateError [ECONNREFUSED]: \n    at internalConnectMultiple (node:net:1139:18)\n    at afterConnectMultiple (node:net:1714:7)","timestamp":"2026-09-15T05:28:27.043Z"}
{"code":"ECONNREFUSED","level":"error","message":"Redis connection error:","service":"order-service","stack":"AggregateError [ECONNREFUSED]: \n    at internalConnectMultiple (node:net:1139:18)\n    at afterConnectMultiple (node:net:1714:7)","timestamp":"2026-09-15T05:28:27.289Z"}
{"code":"ECONNREFUSED","level":"error","message":"Redis connection error:","service":"order-service","stack":"AggregateError [ECONNREFUSED]: \n    at internalConnectMultiple (node:net:1139:18)\n    at afterConnectMultiple (node:net:1714:7)","timestamp":"2026-09-15T05:28:27.561Z"}
{"code":"ECONNREFUSED","level":"error","message":"Redis connection error:","service":"order-service","stack":"AggregateError [ECONNREFUSED]: \n    at internalConnectMultiple (node:net:1139:18)\n    at afterConnectMultiple (node:net:1714:7)","timestamp":"2026-09-15T05:28:27.870Z"}
{"code":"ECONNREFUSED","level":"error","message":"Redis connection error:","service":"order-service","stack":"AggregateError [ECONNREFUSED]: \n    at internalConnectMultiple (node:net:1139:18)\n    at afterConnectMultiple (node:net:1714:7)","timestamp":"2026-09-15T05:28:28.227Z"}
{"code":"ECONNREFUSED","level":"error","message":"Redis connection error:","service":"order-service","stack":"AggregateError [ECONNREFUSED]: \n    at internalConnectMultiple (node:net:1139:18)\n    at afterConnectMultiple (node:net:1714:7)","timestamp":"2026-09-15T05:28:28.640Z"}
{"code":"ECONNREFUSED","level":"error","message":"Redis connection error:","service":"order-service","stack":"AggregateError [ECONNREFUSED]: \n    at internalConnectMultiple (node:net:1139:18)\n    at afterConnectMultiple (node:net:1714:7)","timestamp":"2026-09-15T05:28:29.108Z"}
{"code":"ECONNREFUSED","level":"error","message":"Redis connection error:","service":"order-service","stack":"AggregateError [ECONNREFUSED]: \n    at internalConnectMultiple (node:net:1139:18)\n    at afterConnectMultiple (node:net:1714:7)","timestamp":"2026-09-15T05:28:29.622Z"}
{"code":"ECONNREFUSED","level":"error","message":"Redis connection error:","service":"order-service","stack":"AggregateError [ECONNREFUSED]: \n    at internalConnectMultiple (node:net:1139:18)\n    at afterConnectMultiple (node:net:1714:7)","timestamp":"2026-09-15T05:28:30.184Z"}
{"code":"ECONNREFUSED","level":"error","message":"Redis connection error:","service":"order-service","stack":"AggregateError [ECONNREFUSED]: \n    at internalConnectMultiple (node:net:1139:18)\n    at afterConnectMultiple (node:net:1714:7)","timestamp":"2026-09-15T05:28:30.802Z"}
{"code":"ECONNREFUSED","level":"error","message":"Redis connection error:","service":"order-service","stack":"AggregateError [ECONNREFUSED]: \n    at internalConnectMultiple (node:net:1139:18)\n    at afterConnectMultiple (node:net:1714:7)","timestamp":"2026-09-15T05:28:31.462Z"}
{"code":"ECONNREFUSED","level":"error","message":"Redis connection error:","service":"order-service","stack":"AggregateError [ECONNREFUSED]: \n    at internalConnectMultiple (node:net:1139:18)\n    at afterConnectMultiple (node:net:1714:7)","timestamp":"2026-09-15T05:28:32.168Z"}
{"level":"info","message":"Redis connected successfully","service":"order-service","timestamp":"2026-09-15T05:28:32.923Z"}
{"level":"info","message":"MongoDB Connected: cluster0-shard-00-01.ldi5y.mongodb.net","service":"order-service","timestamp":"2026-09-16T08:44:02.447Z"}
{"level":"info","message":"Order indexes created successfully","service":"order-service","timestamp":"2026-09-16T08:44:06.639Z"}
{"code":"ECONNREFUSED","level":"error","message":"Redis connection error:","service":"order-service","stack":"AggregateError [ECONNREFUSED]: \n    at internalConnectMultiple (node:net:1139:18)\n    at afterConnectMultiple (node:net:1714:7)","timestamp":"2026-09-16T08:44:06.659Z"}
{"level":"error","message":"Redis initialization error: Connection is closed.","service":"order-service","stack":"Error: Connection is closed.\n    at EventEmitter.connectionCloseHandler (D:\\ecommerce-microservices-platform\\services\\order-service\\node_modules\\ioredis\\built\\Redis.js:208:28)\n    at Object.onceWrapper (node:events:633:26)\n    at EventEmitter.emit (node:events:518:28)\n    at process.processTicksAndRejections (node:internal/process/task_queues:85:11)","timestamp":"2026-09-16T08:44:06.666Z"}
{"environment":"development","level":"info","message":"Order Service started successfully","port":"3004","service":"order-service","timestamp":"2026-09-16T08:44:06.683Z"}
{"code":"ECONNREFUSED","level":"error","message":"Redis connection error:","service":"order-service","stack":"AggregateError [ECONNREFUSED]: \n    at internalConnectMultiple (node:net:1139:18)\n    at afterConnectMultiple (node:net:1714:7)","timestamp":"2026-09-16T08:44:06.722Z"}
{"code":"ECONNREFUSED","level":"error","message":"Redis connection error:","service":"order-service","stack":"AggregateError [ECONNREFUSED]: \n    at internalConnectMultiple (node:net:1139:18)\n    at afterConnectMultiple (node:net:1714:7)","timestamp":"2026-09-16T08:44:06.844Z"}
{"code":"ECONNREFUSED","level":"error","message":"Redis connection error:","service":"order-service","stack":"AggregateError [ECONNREFUSED]: \n    at internalConnectMultiple (node:net:1139:18)\n    at afterConnectMultiple (node:net:1714:7)","timestamp":"2026-09-16T08:44:07.013Z"}
{"code":"ECONNREFUSED","level":"error","message":"Redis connection error:","service":"order-service","stack":"AggregateError [ECONNREFUSED]: \n    at internalConnectMultiple (node:net:1139:18)\n    at afterConnectMultiple (node:net:1714:7)","timestamp":"2026-09-16T08:44:07.221Z"}
{"code":"ECONNREFUSED","level":"error","message":"Redis connection error:","service":"order-service","stack":"AggregateError [ECONNREFUSED]: \n    at internalConnectMultiple (node:net:1139:18)\n    at afterConnectMultiple (node:net:1714:7)","timestamp":"2026-09-16T08:44:07.504Z"}
{"code":"ECONNREFUSED","level":"error","message":"Redis connection error:","service":"order-service","stack":"AggregateError [ECONNREFUSED]: \n    at internalConnectMultiple (node:net:1139:18)\n    at afterConnectMultiple (node:net:1714:7)","timestamp":"2026-09-16T08:44:07.819Z"}
{"code":"ECONNREFUSED","level":"error","message":"Redis connection error:","service":"order-service","stack":"AggregateError [ECONNREFUSED]: \n    at internalConnectMultiple (node:net:1139:18)\n    at afterConnectMultiple (node:net:1714:7)","timestamp":"2026-09-16T08:44:08.178Z"}
{"code":"ECONNREFUSED","level":"error","message":"Redis connection error:","service":"order-service","stack":"AggregateError [ECONNREFUSED]: \n    at internalConnectMultiple (node:net:1139:18)\n    at afterConnectMultiple (node:net:1714:7)","timestamp":"2026-09-16T08:44:08.587Z"}
{"code":"ECONNREFUSED","level":"error","message":"Redis connection error:","service":"order-service","stack":"AggregateError [ECONNREFUSED]: \n    at internalConnectMultiple (node:net:1139:18)\n    at afterConnectMultiple (node:net:1714:7)","timestamp":"2026-09-16T08:44:09.046Z"}
{"code":"ECONNREFUSED","level":"error","message":"Redis connection error:","service":"order-service","stack":"AggregateError [ECONNREFUSED]: \n    at internalConnectMultiple (node:net:1139:18)\n    at afterConnectMultiple (node:net:1714:7)","timestamp":"2026-09-16T08:44:09.562Z"}
{"code":"ECONNREFUSED","level":"error","message":"Redis connection error:","service":"order-service","stack":"AggregateError [ECONNREFUSED]: \n    at internalConnectMultiple (node:net:1139:18)\n    at afterConnectMultiple (node:net:1714:7)","timestamp":"2026-09-16T08:44:10.135Z"}
{"code":"ECONNREFUSED","level":"error","message":"Redis connection error:","service":"order-service","stack":"AggregateError [ECONNREFUSED]: \n    at internalConnectMultiple (node:net:1139:18)\n    at afterConnectMultiple (node:net:1714:7)","timestamp":"2026-09-16T08:44:10.751Z"}
{"code":"ECONNREFUSED","level":"error","message":"Redis connection error:","service":"order-service","stack":"AggregateError [ECONNREFUSED]: \n    at internalConnectMultiple (node:net:1139:18)\n    at afterConnectMultiple (node:net:1714:7)","timestamp":"2026-09-16T08:44:11.417Z"}
{"code":"ECONNREFUSED","level":"error","message":"Redis connection error:","service":"order-service","stack":"AggregateError [ECONNREFUSED]: \n    at internalConnectMultiple (node:net:1139:18)\n    at afterConnectMultiple (node:net:1714:7)","timestamp":"2026-09-16T08:44:12.135Z"}
{"code":"ECONNREFUSED","level":"error","message":"Redis connection error:","service":"order-service","stack":"AggregateError [ECONNREFUSED]: \n    at internalConnectMultiple (node:net:1139:18)\n    at afterConnectMultiple (node:net:1714:7)","timestamp":"2026-09-16T08:44:12.898Z"}
{"code":"ECONNREFUSED","level":"error","message":"Redis connection error:","service":"order-service","stack":"AggregateError [ECONNREFUSED]: \n    at internalConnectMultiple (node:net:1139:18)\n    at afterConnectMultiple (node:net:1714:7)","timestamp":"2026-09-16T08:44:13.705Z"}
{"code":"ECONNREFUSED","level":"error","message":"Redis connection error:","service":"order-service","stack":"AggregateError [ECONNREFUSED]: \n    at internalConnectMultiple (node:net:1139:18)\n    at afterConnectMultiple (node:net:1714:7)","timestamp":"2026-09-16T08:44:14.557Z"}
{"level":"info","message":"Redis connected successfully","service":"order-service","timestamp":"2026-09-16T08:44:15.468Z"}
{"level":"info","message":"MongoDB Connected: cluster0-shard-00-00.ldi5y.mongodb.net","service":"order-service","timestamp":"2026-09-16T14:32:45.349Z"}
{"level":"info","message":"MongoDB Connected: cluster0-shard-00-02.ldi5y.mongodb.net","service":"order-service","timestamp":"2026-09-17T05:46:20.937Z"}
{"level":"info","message":"Order indexes created successfully","service":"order-service","timestamp":"2026-09-17T05:46:24.802Z"}
{"code":"ECONNREFUSED","level":"error","message":"Redis connection error:","service":"order-service","stack":"AggregateError [ECONNREFUSED]: \n    at internalConnectMultiple (node:net:1139:18)\n    at afterConnectMultiple (node:net:1714:7)","timestamp":"2026-09-17T05:46:24.809Z"}
{"level":"error","message":"Redis initialization error: Connection is closed.","service":"order-service","stack":"Error: Connection is closed.\n    at EventEmitter.connectionCloseHandler (D:\\ecommerce-microservices-platform\\services\\order-service\\node_modules\\ioredis\\built\\Redis.js:208:28)\n    at Object.onceWrapper (node:events:633:26)\n    at EventEmitter.emit (node:events:518:28)\n    at process.processTicksAndRejections (node:internal/process/task_queues:85:11)","timestamp":"2026-09-17T05:46:24.810Z"}
{"environment":"development","level":"info","message":"Order Service started successfully","port":"3004","service":"order-service","timestamp":"2026-09-17T05:46:24.815Z"}
{"code":"ECONNREFUSED","level":"error","message":"Redis connection error:","service":"order-service","stack":"AggregateError [ECONNREFUSED]: \n    at internalConnectMultiple (node:net:1139:18)\n    at afterConnectMultiple (node:net:1714:7)","timestamp":"2026-09-17T05:46:24.872Z"}
{"code":"ECONNREFUSED","level":"error","message":"Redis connection error:","service":"order-service","stack":"AggregateError [ECONNREFUSED]: \n    at internalConnectMultiple (node:net:1139:18)\n    at afterConnectMultiple (node:net:1714:7)","timestamp":"2026-09-17T05:46:24.984Z"}
{"code":"ECONNREFUSED","level":"error","message":"Redis connection error:","service":"order-service","stack":"AggregateError [ECONNREFUSED]: \n    at internalConnectMultiple (node:net:1139:18)\n    at afterConnectMultiple (node:net:1714:7)","timestamp":"2026-09-17T05:46:25.151Z"}
{"code":"ECONNREFUSED","level":"error","message":"Redis connection error:","service":"order-service","stack":"AggregateError [ECONNREFUSED]: \n    at internalConnectMultiple (node:net:1139:18)\n    at afterConnectMultiple (node:net:1714:7)","timestamp":"2026-09-17T05:46:25.358Z"}
{"code":"ECONNREFUSED","level":"error","message":"Redis connection error:","service":"order-service","stack":"AggregateError [ECONNREFUSED]: \n    at internalConnectMultiple (node:net:1139:18)\n    at afterConnectMultiple (node:net:1714:7)","timestamp":"2026-09-17T05:46:25.622Z"}
{"code":"ECONNREFUSED","level":"error","message":"Redis connection error:","service":"order-service","stack":"AggregateError [ECONNREFUSED]: \n    at internalConnectMultiple (node:net:1139:18)\n    at afterConnectMultiple (node:net:1714:7)","timestamp":"2026-09-17T05:46:25.939Z"}
{"code":"ECONNREFUSED","level":"error","message":"Redis connection error:","service":"order-service","stack":"AggregateError [ECONNREFUSED]: \n    at internalConnectMultiple (node:net:1139:18)\n    at afterConnectMultiple (node:net:1714:7)","timestamp":"2026-09-17T05:46:26.291Z"}
{"code":"ECONNREFUSED","level":"error","message":"Redis connection error:","service":"order-service","stack":"AggregateError [ECONNREFUSED]: \n    at internalConnectMultiple (node:net:1139:18)\n    at afterConnectMultiple (node:net:1714:7)","timestamp":"2026-09-17T05:46:26.708Z"}
{"code":"ECONNREFUSED","level":"error","message":"Redis connection error:","service":"order-service","stack":"AggregateError [ECONNREFUSED]: \n    at internalConnectMultiple (node:net:1139:18)\n    at afterConnectMultiple (node:net:1714:7)","timestamp":"2026-09-17T05:46:27.172Z"}
{"code":"ECONNREFUSED","level":"error","message":"Redis connection error:","service":"order-service","stack":"AggregateError [ECONNREFUSED]: \n    at internalConnectMultiple (node:net:1139:18)\n    at afterConnectMultiple (node:net:1714:7)","timestamp":"2026-09-17T05:46:27.676Z"}
{"code":"ECONNREFUSED","level":"error","message":"Redis connection error:","service":"order-service","stack":"AggregateError [ECONNREFUSED]: \n    at internalConnectMultiple (node:net:1139:18)\n    at afterConnectMultiple (node:net:1714:7)","timestamp":"2026-09-17T05:46:28.240Z"}
{"code":"ECONNREFUSED","level":"error","message":"Redis connection error:","service":"order-service","stack":"AggregateError [ECONNREFUSED]: \n    at internalConnectMultiple (node:net:1139:18)\n    at afterConnectMultiple (node:net:1714:7)","timestamp":"2026-09-17T05:46:28.848Z"}
{"code":"ECONNREFUSED","level":"error","message":"Redis connection error:","service":"order-service","stack":"AggregateError [ECONNREFUSED]: \n    at internalConnectMultiple (node:net:1139:18)\n    at afterConnectMultiple (node:net:1714:7)","timestamp":"2026-09-17T05:46:29.503Z"}
{"code":"ECONNREFUSED","level":"error","message":"Redis connection error:","service":"order-service","stack":"AggregateError [ECONNREFUSED]: \n    at internalConnectMultiple (node:net:1139:18)\n    at afterConnectMultiple (node:net:1714:7)","timestamp":"2026-09-17T05:46:30.217Z"}
{"code":"ECONNREFUSED","level":"error","message":"Redis connection error:","service":"order-service","stack":"AggregateError [ECONNREFUSED]: \n    at internalConnectMultiple (node:net:1139:18)\n    at afterConnectMultiple (node:net:1714:7)","timestamp":"2026-09-17T05:46:30.981Z"}
{"code":"ECONNREFUSED","level":"error","message":"Redis connection error:","service":"order-service","stack":"AggregateError [ECONNREFUSED]: \n    at internalConnectMultiple (node:net:1139:18)\n    at afterConnectMultiple (node:net:1714:7)","timestamp":"2026-09-17T05:46:31.786Z"}
{"code":"ECONNREFUSED","level":"error","message":"Redis connection error:","service":"order-service","stack":"AggregateError [ECONNREFUSED]: \n    at internalConnectMultiple (node:net:1139:18)\n    at afterConnectMultiple (node:net:1714:7)","timestamp":"2026-09-17T05:46:32.638Z"}
{"code":"ECONNREFUSED","level":"error","message":"Redis connection error:","service":"order-service","stack":"AggregateError [ECONNREFUSED]: \n    at internalConnectMultiple (node:net:1139:18)\n    at afterConnectMultiple (node:net:1714:7)","timestamp":"2026-09-17T05:46:33.553Z"}
{"code":"ECONNREFUSED","level":"error","message":"Redis connection error:","service":"order-service","stack":"AggregateError [ECONNREFUSED]: \n    at internalConnectMultiple (node:net:1139:18)\n    at afterConnectMultiple (node:net:1714:7)","timestamp":"2026-09-17T05:46:34.516Z"}
{"code":"ECONNREFUSED","level":"error","message":"Redis connection error:","service":"order-service","stack":"AggregateError [ECONNREFUSED]: \n    at internalConnectMultiple (node:net:1139:18)\n    at afterConnectMultiple (node:net:1714:7)","timestamp":"2026-09-17T05:46:35.521Z"}
{"code":"ECONNREFUSED","level":"error","message":"Redis connection error:","service":"order-service","stack":"AggregateError [ECONNREFUSED]: \n    at internalConnectMultiple (node:net:1139:18)\n    at afterConnectMultiple (node:net:1714:7)","timestamp":"2026-09-17T05:46:36.584Z"}
{"code":"ECONNREFUSED","level":"error","message":"Redis connection error:","service":"order-service","stack":"AggregateError [ECONNREFUSED]: \n    at internalConnectMultiple (node:net:1139:18)\n    at afterConnectMultiple (node:net:1714:7)","timestamp":"2026-09-17T05:46:37.691Z"}
{"code":"ECONNREFUSED","level":"error","message":"Redis connection error:","service":"order-service","stack":"AggregateError [ECONNREFUSED]: \n    at internalConnectMultiple (node:net:1139:18)\n    at afterConnectMultiple (node:net:1714:7)","timestamp":"2026-09-17T05:46:38.856Z"}
{"code":"ECONNREFUSED","level":"error","message":"Redis connection error:","service":"order-service","stack":"AggregateError [ECONNREFUSED]: \n    at internalConnectMultiple (node:net:1139:18)\n    at afterConnectMultiple (node:net:1714:7)","timestamp":"2026-09-17T05:46:40.073Z"}
{"code":"ECONNREFUSED","level":"error","message":"Redis connection error:","service":"order-service","stack":"AggregateError [ECONNREFUSED]: \n    at internalConnectMultiple (node:net:1139:18)\n    at afterConnectMultiple (node:net:1714:7)","timestamp":"2026-09-17T05:46:41.339Z"}
{"level":"info","message":"Redis connected successfully","service":"order-service","timestamp":"2026-09-17T05:46:42.642Z"}
{"level":"info","message":"MongoDB Connected: cluster0-shard-00-02.ldi5y.mongodb.net","service":"order-service","timestamp":"2026-09-20T09:06:04.625Z"}
{"level":"info","message":"Order indexes created successfully","service":"order-service","timestamp":"2026-09-20T09:06:08.503Z"}
{"code":"ECONNREFUSED","level":"error","message":"Redis connection error:","service":"order-service","stack":"AggregateError [ECONNREFUSED]: \n    at internalConnectMultiple (node:net:1139:18)\n    at afterConnectMultiple (node:net:1714:7)","timestamp":"2026-09-20T09:06:08.506Z"}
{"level":"error","message":"Redis initialization error: Connection is closed.","service":"order-service","stack":"Error: Connection is closed.\n    at EventEmitter.connectionCloseHandler (D:\\ecommerce-microservices-platform\\services\\order-service\\node_modules\\ioredis\\built\\Redis.js:208:28)\n    at Object.onceWrapper (node:events:633:26)\n    at EventEmitter.emit (node:events:518:28)\n    at process.processTicksAndRejections (node:internal/process/task_queues:85:11)","timestamp":"2026-09-20T09:06:08.507Z"}
{"environment":"development","level":"info","message":"Order Service started successfully","port":"3004","service":"order-service","timestamp":"2026-09-20T09:06:08.511Z"}
{"code":"ECONNREFUSED","level":"error","message":"Redis connection error:","service":"order-service","stack":"AggregateError [ECONNREFUSED]: \n    at internalConnectMultiple (node:net:1139:18)\n    at afterConnectMultiple (node:net:1714:7)","timestamp":"2026-09-20T09:06:08.571Z"}
{"code":"ECONNREFUSED","level":"error","message":"Redis connection error:","service":"order-service","stack":"AggregateError [ECONNREFUSED]: \n    at internalConnectMultiple (node:net:1139:18)\n    at afterConnectMultiple (node:net:1714:7)","timestamp":"2026-09-20T09:06:08.681Z"}
{"code":"ECONNREFUSED","level":"error","message":"Redis connection error:","service":"order-service","stack":"AggregateError [ECONNREFUSED]: \n    at internalConnectMultiple (node:net:1139:18)\n    at afterConnectMultiple (node:net:1714:7)","timestamp":"2026-09-20T09:06:08.841Z"}
{"code":"ECONNREFUSED","level":"error","message":"Redis connection error:","service":"order-service","stack":"AggregateError [ECONNREFUSED]: \n    at internalConnectMultiple (node:net:1139:18)\n    at afterConnectMultiple (node:net:1714:7)","timestamp":"2026-09-20T09:06:09.043Z"}
{"code":"ECONNREFUSED","level":"error","message":"Redis connection error:","service":"order-service","stack":"AggregateError [ECONNREFUSED]: \n    at internalConnectMultiple (node:net:1139:18)\n    at afterConnectMultiple (node:net:1714:7)","timestamp":"2026-09-20T09:06:09.308Z"}
{"code":"ECONNREFUSED","level":"error","message":"Redis connection error:","service":"order-service","stack":"AggregateError [ECONNREFUSED]: \n    at internalConnectMultiple (node:net:1139:18)\n    at afterConnectMultiple (node:net:1714:7)","timestamp":"2026-09-20T09:06:09.626Z"}
{"code":"ECONNREFUSED","level":"error","message":"Redis connection error:","service":"order-service","stack":"AggregateError [ECONNREFUSED]: \n    at internalConnectMultiple (node:net:1139:18)\n    at afterConnectMultiple (node:net:1714:7)","timestamp":"2026-09-20T09:06:09.987Z"}
{"code":"ECONNREFUSED","level":"error","message":"Redis connection error:","service":"order-service","stack":"AggregateError [ECONNREFUSED]: \n    at internalConnectMultiple (node:net:1139:18)\n    at afterConnectMultiple (node:net:1714:7)","timestamp":"2026-09-20T09:06:10.390Z"}
{"code":"ECONNREFUSED","level":"error","message":"Redis connection error:","service":"order-service","stack":"AggregateError [ECONNREFUSED]: \n    at internalConnectMultiple (node:net:1139:18)\n    at afterConnectMultiple (node:net:1714:7)","timestamp":"2026-09-20T09:06:10.849Z"}
{"code":"ECONNREFUSED","level":"error","message":"Redis connection error:","service":"order-service","stack":"AggregateError [ECONNREFUSED]: \n    at internalConnectMultiple (node:net:1139:18)\n    at afterConnectMultiple (node:net:1714:7)","timestamp":"2026-09-20T09:06:11.360Z"}
{"code":"ECONNREFUSED","level":"error","message":"Redis connection error:","service":"order-service","stack":"AggregateError [ECONNREFUSED]: \n    at internalConnectMultiple (node:net:1139:18)\n    at afterConnectMultiple (node:net:1714:7)","timestamp":"2026-09-20T09:06:11.922Z"}
{"code":"ECONNREFUSED","level":"error","message":"Redis connection error:","service":"order-service","stack":"AggregateError [ECONNREFUSED]: \n    at internalConnectMultiple (node:net:1139:18)\n    at afterConnectMultiple (node:net:1714:7)","timestamp":"2026-09-20T09:06:12.532Z"}
{"code":"ECONNREFUSED","level":"error","message":"Redis connection error:","service":"order-service","stack":"AggregateError [ECONNREFUSED]: \n    at internalConnectMultiple (node:net:1139:18)\n    at afterConnectMultiple (node:net:1714:7)","timestamp":"2026-09-20T09:06:13.187Z"}
{"code":"ECONNREFUSED","level":"error","message":"Redis connection error:","service":"order-service","stack":"AggregateError [ECONNREFUSED]: \n    at internalConnectMultiple (node:net:1139:18)\n    at afterConnectMultiple (node:net:1714:7)","timestamp":"2026-09-20T09:06:13.892Z"}
{"code":"ECONNREFUSED","level":"error","message":"Redis connection error:","service":"order-service","stack":"AggregateError [ECONNREFUSED]: \n    at internalConnectMultiple (node:net:1139:18)\n    at afterConnectMultiple (node:net:1714:7)","timestamp":"2026-09-20T09:06:14.650Z"}
{"code":"ECONNREFUSED","level":"error","message":"Redis connection error:","service":"order-service","stack":"AggregateError [ECONNREFUSED]: \n    at internalConnectMultiple (node:net:1139:18)\n    at afterConnectMultiple (node:net:1714:7)","timestamp":"2026-09-20T09:06:15.459Z"}
{"code":"ECONNREFUSED","level":"error","message":"Redis connection error:","service":"order-service","stack":"AggregateError [ECONNREFUSED]: \n    at internalConnectMultiple (node:net:1139:18)\n    at afterConnectMultiple (node:net:1714:7)","timestamp":"2026-09-20T09:06:16.327Z"}
{"code":"ECONNREFUSED","level":"error","message":"Redis connection error:","service":"order-service","stack":"AggregateError [ECONNREFUSED]: \n    at internalConnectMultiple (node:net:1139:18)\n    at afterConnectMultiple (node:net:1714:7)","timestamp":"2026-09-20T09:06:17.242Z"}
{"code":"ECONNREFUSED","level":"error","message":"Redis connection error:","service":"order-service","stack":"AggregateError [ECONNREFUSED]: \n    at internalConnectMultiple (node:net:1139:18)\n    at afterConnectMultiple (node:net:1714:7)","timestamp":"2026-09-20T09:06:18.203Z"}
{"level":"info","message":"Redis connected successfully","service":"order-service","timestamp":"2026-09-20T09:06:19.215Z"}
{"code":"ECONNRESET","errno":-4077,"level":"error","message":"Redis connection error: read ECONNRESET","service":"order-service","stack":"Error: read ECONNRESET\n    at TCP.onStreamRead (node:internal/stream_base_commons:216:20)","syscall":"read","timestamp":"2026-09-20T09:06:19.215Z"}
{"level":"info","message":"Redis connected successfully","service":"order-service","timestamp":"2026-09-20T09:06:20.274Z"}
{"level":"info","message":"MongoDB Connected: cluster0-shard-00-01.ldi5y.mongodb.net","service":"order-service","timestamp":"2026-09-21T07:08:11.127Z"}
{"level":"info","message":"Order indexes created successfully","service":"order-service","timestamp":"2026-09-21T07:08:14.956Z"}
{"code":"ECONNREFUSED","level":"error","message":"Redis connection error:","service":"order-service","stack":"AggregateError [ECONNREFUSED]: \n    at internalConnectMultiple (node:net:1139:18)\n    at afterConnectMultiple (node:net:1714:7)","timestamp":"2026-09-21T07:08:14.961Z"}
{"level":"error","message":"Redis initialization error: Connection is closed.","service":"order-service","stack":"Error: Connection is closed.\n    at EventEmitter.connectionCloseHandler (D:\\ecommerce-microservices-platform\\services\\order-service\\node_modules\\ioredis\\built\\Redis.js:208:28)\n    at Object.onceWrapper (node:events:633:26)\n    at EventEmitter.emit (node:events:518:28)\n    at process.processTicksAndRejections (node:internal/process/task_queues:85:11)","timestamp":"2026-09-21T07:08:14.962Z"}
{"environment":"development","level":"info","message":"Order Service started successfully","port":"3004","service":"order-service","timestamp":"2026-09-21T07:08:14.965Z"}
{"code":"ECONNREFUSED","level":"error","message":"Redis connection error:","service":"order-service","stack":"AggregateError [ECONNREFUSED]: \n    at internalConnectMultiple (node:net:1139:18)\n    at afterConnectMultiple (node:net:1714:7)","timestamp":"2026-09-21T07:08:15.026Z"}
{"code":"ECONNREFUSED","level":"error","message":"Redis connection error:","service":"order-service","stack":"AggregateError [ECONNREFUSED]: \n    at internalConnectMultiple (node:net:1139:18)\n    at afterConnectMultiple (node:net:1714:7)","timestamp":"2026-09-21T07:08:15.137Z"}
{"code":"ECONNREFUSED","level":"error","message":"Redis connection error:","service":"order-service","stack":"AggregateError [ECONNREFUSED]: \n    at internalConnectMultiple (node:net:1139:18)\n    at afterConnectMultiple (node:net:1714:7)","timestamp":"2026-09-21T07:08:15.295Z"}
{"code":"ECONNREFUSED","level":"error","message":"Redis connection error:","service":"order-service","stack":"AggregateError [ECONNREFUSED]: \n    at internalConnectMultiple (node:net:1139:18)\n    at afterConnectMultiple (node:net:1714:7)","timestamp":"2026-09-21T07:08:15.499Z"}
{"code":"ECONNREFUSED","level":"error","message":"Redis connection error:","service":"order-service","stack":"AggregateError [ECONNREFUSED]: \n    at internalConnectMultiple (node:net:1139:18)\n    at afterConnectMultiple (node:net:1714:7)","timestamp":"2026-09-21T07:08:15.765Z"}
{"code":"ECONNREFUSED","level":"error","message":"Redis connection error:","service":"order-service","stack":"AggregateError [ECONNREFUSED]: \n    at internalConnectMultiple (node:net:1139:18)\n    at afterConnectMultiple (node:net:1714:7)","timestamp":"2026-09-21T07:08:16.070Z"}
{"code":"ECONNREFUSED","level":"error","message":"Redis connection error:","service":"order-service","stack":"AggregateError [ECONNREFUSED]: \n    at internalConnectMultiple (node:net:1139:18)\n    at afterConnectMultiple (node:net:1714:7)","timestamp":"2026-09-21T07:08:16.433Z"}
{"code":"ECONNREFUSED","level":"error","message":"Redis connection error:","service":"order-service","stack":"AggregateError [ECONNREFUSED]: \n    at internalConnectMultiple (node:net:1139:18)\n    at afterConnectMultiple (node:net:1714:7)","timestamp":"2026-09-21T07:08:16.841Z"}
{"code":"ECONNREFUSED","level":"error","message":"Redis connection error:","service":"order-service","stack":"AggregateError [ECONNREFUSED]: \n    at internalConnectMultiple (node:net:1139:18)\n    at afterConnectMultiple (node:net:1714:7)","timestamp":"2026-09-21T07:08:17.301Z"}
{"code":"ECONNREFUSED","level":"error","message":"Redis connection error:","service":"order-service","stack":"AggregateError [ECONNREFUSED]: \n    at internalConnectMultiple (node:net:1139:18)\n    at afterConnectMultiple (node:net:1714:7)","timestamp":"2026-09-21T07:08:17.806Z"}
{"code":"ECONNREFUSED","level":"error","message":"Redis connection error:","service":"order-service","stack":"AggregateError [ECONNREFUSED]: \n    at internalConnectMultiple (node:net:1139:18)\n    at afterConnectMultiple (node:net:1714:7)","timestamp":"2026-09-21T07:08:18.367Z"}
{"code":"ECONNREFUSED","level":"error","message":"Redis connection error:","service":"order-service","stack":"AggregateError [ECONNREFUSED]: \n    at internalConnectMultiple (node:net:1139:18)\n    at afterConnectMultiple (node:net:1714:7)","timestamp":"2026-09-21T07:08:18.981Z"}
{"code":"ECONNREFUSED","level":"error","message":"Redis connection error:","service":"order-service","stack":"AggregateError [ECONNREFUSED]: \n    at internalConnectMultiple (node:net:1139:18)\n    at afterConnectMultiple (node:net:1714:7)","timestamp":"2026-09-21T07:08:19.633Z"}
{"code":"ECONNREFUSED","level":"error","message":"Redis connection error:","service":"order-service","stack":"AggregateError [ECONNREFUSED]: \n    at internalConnectMultiple (node:net:1139:18)\n    at afterConnectMultiple (node:net:1714:7)","timestamp":"2026-09-21T07:08:20.348Z"}
{"code":"ECONNREFUSED","level":"error","message":"Redis connection error:","service":"order-service","stack":"AggregateError [ECONNREFUSED]: \n    at internalConnectMultiple (node:net:1139:18)\n    at afterConnectMultiple (node:net:1714:7)","timestamp":"2026-09-21T07:08:21.101Z"}
{"code":"ECONNREFUSED","level":"error","message":"Redis connection error:","service":"order-service","stack":"AggregateError [ECONNREFUSED]: \n    at internalConnectMultiple (node:net:1139:18)\n    at afterConnectMultiple (node:net:1714:7)","timestamp":"2026-09-21T07:08:21.912Z"}
{"code":"ECONNREFUSED","level":"error","message":"Redis connection error:","service":"order-service","stack":"AggregateError [ECONNREFUSED]: \n    at internalConnectMultiple (node:net:1139:18)\n    at afterConnectMultiple (node:net:1714:7)","timestamp":"2026-09-21T07:08:22.769Z"}
{"code":"ECONNREFUSED","level":"error","message":"Redis connection error:","service":"order-service","stack":"AggregateError [ECONNREFUSED]: \n    at internalConnectMultiple (node:net:1139:18)\n    at afterConnectMultiple (node:net:1714:7)","timestamp":"2026-09-21T07:08:23.677Z"}
{"code":"ECONNREFUSED","level":"error","message":"Redis connection error:","service":"order-service","stack":"AggregateError [ECONNREFUSED]: \n    at internalConnectMultiple (node:net:1139:18)\n    at afterConnectMultiple (node:net:1714:7)","timestamp":"2026-09-21T07:08:24.630Z"}
{"code":"ECONNREFUSED","level":"error","message":"Redis connection error:","service":"order-service","stack":"AggregateError [ECONNREFUSED]: \n    at internalConnectMultiple (node:net:1139:18)\n    at afterConnectMultiple (node:net:1714:7)","timestamp":"2026-09-21T07:08:25.636Z"}
{"level":"info","message":"Redis connected successfully","service":"order-service","timestamp":"2026-09-21T07:08:26.703Z"}
{"level":"info","message":"Redis connected successfully","service":"order-service","timestamp":"2026-09-21T07:09:17.231Z"}
{"code":"ECONNRESET","errno":-4077,"level":"error","message":"Redis connection error: read ECONNRESET","service":"order-service","stack":"Error: read ECONNRESET\n    at TCP.onStreamRead (node:internal/stream_base_commons:216:20)","syscall":"read","timestamp":"2026-09-21T07:09:17.238Z"}
{"level":"info","message":"Redis connected successfully","service":"order-service","timestamp":"2026-09-21T07:09:17.354Z"}
{"level":"info","message":"Redis connected successfully","service":"order-service","timestamp":"2026-09-21T07:09:17.512Z"}
{"level":"error","message":"Redis connection error: Reached the max retries per request limit (which is 3). Refer to \"maxRetriesPerRequest\" option for details.","service":"order-service","stack":"MaxRetriesPerRequestError: Reached the max retries per request limit (which is 3). Refer to \"maxRetriesPerRequest\" option for details.\n    at Socket.<anonymous> (D:\\ecommerce-microservices-platform\\services\\order-service\\node_modules\\ioredis\\built\\redis\\event_handler.js:207:37)\n    at Object.onceWrapper (node:events:633:26)\n    at Socket.emit (node:events:518:28)\n    at TCP.<anonymous> (node:net:351:12)","timestamp":"2026-09-21T07:09:17.513Z"}
{"code":"ECONNREFUSED","level":"error","message":"Redis connection error:","service":"order-service","stack":"AggregateError [ECONNREFUSED]: \n    at internalConnectMultiple (node:net:1139:18)\n    at afterConnectMultiple (node:net:1714:7)","timestamp":"2026-09-21T07:09:17.715Z"}
{"code":"ECONNREFUSED","level":"error","message":"Redis connection error:","service":"order-service","stack":"AggregateError [ECONNREFUSED]: \n    at internalConnectMultiple (node:net:1139:18)\n    at afterConnectMultiple (node:net:1714:7)","timestamp":"2026-09-21T07:09:17.982Z"}
{"code":"ECONNREFUSED","level":"error","message":"Redis connection error:","service":"order-service","stack":"AggregateError [ECONNREFUSED]: \n    at internalConnectMultiple (node:net:1139:18)\n    at afterConnectMultiple (node:net:1714:7)","timestamp":"2026-09-21T07:09:18.294Z"}
{"code":"ECONNREFUSED","level":"error","message":"Redis connection error:","service":"order-service","stack":"AggregateError [ECONNREFUSED]: \n    at internalConnectMultiple (node:net:1139:18)\n    at afterConnectMultiple (node:net:1714:7)","timestamp":"2026-09-21T07:09:18.656Z"}
{"code":"ECONNREFUSED","level":"error","message":"Redis connection error:","service":"order-service","stack":"AggregateError [ECONNREFUSED]: \n    at internalConnectMultiple (node:net:1139:18)\n    at afterConnectMultiple (node:net:1714:7)","timestamp":"2026-09-21T07:09:19.072Z"}
{"code":"ECONNREFUSED","level":"error","message":"Redis connection error:","service":"order-service","stack":"AggregateError [ECONNREFUSED]: \n    at internalConnectMultiple (node:net:1139:18)\n    at afterConnectMultiple (node:net:1714:7)","timestamp":"2026-09-21T07:09:19.525Z"}
{"code":"ECONNREFUSED","level":"error","message":"Redis connection error:","service":"order-service","stack":"AggregateError [ECONNREFUSED]: \n    at internalConnectMultiple (node:net:1139:18)\n    at afterConnectMultiple (node:net:1714:7)","timestamp":"2026-09-21T07:09:20.032Z"}
{"code":"ECONNREFUSED","level":"error","message":"Redis connection error:","service":"order-service","stack":"AggregateError [ECONNREFUSED]: \n    at internalConnectMultiple (node:net:1139:18)\n    at afterConnectMultiple (node:net:1714:7)","timestamp":"2026-09-21T07:09:20.588Z"}
{"code":"ECONNREFUSED","level":"error","message":"Redis connection error:","service":"order-service","stack":"AggregateError [ECONNREFUSED]: \n    at internalConnectMultiple (node:net:1139:18)\n    at afterConnectMultiple (node:net:1714:7)","timestamp":"2026-09-21T07:09:21.204Z"}
{"code":"ECONNREFUSED","level":"error","message":"Redis connection error:","service":"order-service","stack":"AggregateError [ECONNREFUSED]: \n    at internalConnectMultiple (node:net:1139:18)\n    at afterConnectMultiple (node:net:1714:7)","timestamp":"2026-09-21T07:09:21.871Z"}
{"code":"ECONNREFUSED","level":"error","message":"Redis connection error:","service":"order-service","stack":"AggregateError [ECONNREFUSED]: \n    at internalConnectMultiple (node:net:1139:18)\n    at afterConnectMultiple (node:net:1714:7)","timestamp":"2026-09-21T07:09:22.574Z"}
{"code":"ECONNREFUSED","level":"error","message":"Redis connection error:","service":"order-service","stack":"AggregateError [ECONNREFUSED]: \n    at internalConnectMultiple (node:net:1139:18)\n    at afterConnectMultiple (node:net:1714:7)","timestamp":"2026-09-21T07:09:23.336Z"}
{"code":"ECONNREFUSED","level":"error","message":"Redis connection error:","service":"order-service","stack":"AggregateError [ECONNREFUSED]: \n    at internalConnectMultiple (node:net:1139:18)\n    at afterConnectMultiple (node:net:1714:7)","timestamp":"2026-09-21T07:09:24.143Z"}
{"code":"ECONNREFUSED","level":"error","message":"Redis connection error:","service":"order-service","stack":"AggregateError [ECONNREFUSED]: \n    at internalConnectMultiple (node:net:1139:18)\n    at afterConnectMultiple (node:net:1714:7)","timestamp":"2026-09-21T07:09:25.000Z"}
{"code":"ECONNREFUSED","level":"error","message":"Redis connection error:","service":"order-service","stack":"AggregateError [ECONNREFUSED]: \n    at internalConnectMultiple (node:net:1139:18)\n    at afterConnectMultiple (node:net:1714:7)","timestamp":"2026-09-21T07:09:25.902Z"}
{"code":"ECONNREFUSED","level":"error","message":"Redis connection error:","service":"order-service","stack":"AggregateError [ECONNREFUSED]: \n    at internalConnectMultiple (node:net:1139:18)\n    at afterConnectMultiple (node:net:1714:7)","timestamp":"2026-09-21T07:09:26.858Z"}
{"code":"ECONNREFUSED","level":"error","message":"Redis connection error:","service":"order-service","stack":"AggregateError [ECONNREFUSED]: \n    at internalConnectMultiple (node:net:1139:18)\n    at afterConnectMultiple (node:net:1714:7)","timestamp":"2026-09-21T07:09:27.867Z"}
{"code":"ECONNREFUSED","level":"error","message":"Redis connection error:","service":"order-service","stack":"AggregateError [ECONNREFUSED]: \n    at internalConnectMultiple (node:net:1139:18)\n    at afterConnectMultiple (node:net:1714:7)","timestamp":"2026-09-21T07:09:28.932Z"}
{"code":"ECONNREFUSED","level":"error","message":"Redis connection error:","service":"order-service","stack":"AggregateError [ECONNREFUSED]: \n    at internalConnectMultiple (node:net:1139:18)\n    at afterConnectMultiple (node:net:1714:7)","timestamp":"2026-09-21T07:09:30.041Z"}
{"code":"ECONNREFUSED","level":"error","message":"Redis connection error:","service":"order-service","stack":"AggregateError [ECONNREFUSED]: \n    at internalConnectMultiple (node:net:1139:18)\n    at afterConnectMultiple (node:net:1714:7)","timestamp":"2026-09-21T07:09:31.206Z"}
{"code":"ECONNREFUSED","level":"error","message":"Redis connection error:","service":"order-service","stack":"AggregateError [ECONNREFUSED]: \n    at internalConnectMultiple (node:net:1139:18)\n    at afterConnectMultiple (node:net:1714:7)","timestamp":"2026-09-21T07:09:32.408Z"}
{"code":"ECONNREFUSED","level":"error","message":"Redis connection error:","service":"order-service","stack":"AggregateError [ECONNREFUSED]: \n    at internalConnectMultiple (node:net:1139:18)\n    at afterConnectMultiple (node:net:1714:7)","timestamp":"2026-09-21T07:09:33.666Z"}
{"level":"info","message":"Redis connected successfully","service":"order-service","timestamp":"2026-09-21T07:09:34.973Z"}
{"level":"info","message":"MongoDB Connected: cluster0-shard-00-02.ldi5y.mongodb.net","service":"order-service","timestamp":"2026-09-22T06:45:02.572Z"}
{"level":"info","message":"Order indexes created successfully","service":"order-service","timestamp":"2026-09-22T06:45:06.500Z"}
{"code":"ECONNREFUSED","level":"error","message":"Redis connection error:","service":"order-service","stack":"AggregateError [ECONNREFUSED]: \n    at internalConnectMultiple (node:net:1139:18)\n    at afterConnectMultiple (node:net:1714:7)","timestamp":"2026-09-22T06:45:06.504Z"}
{"level":"error","message":"Redis initialization error: Connection is closed.","service":"order-service","stack":"Error: Connection is closed.\n    at EventEmitter.connectionCloseHandler (D:\\ecommerce-microservices-platform\\services\\order-service\\node_modules\\ioredis\\built\\Redis.js:208:28)\n    at Object.onceWrapper (node:events:633:26)\n    at EventEmitter.emit (node:events:518:28)\n    at process.processTicksAndRejections (node:internal/process/task_queues:85:11)","timestamp":"2026-09-22T06:45:06.504Z"}
{"environment":"development","level":"info","message":"Order Service started successfully","port":"3004","service":"order-service","timestamp":"2026-09-22T06:45:06.507Z"}
{"code":"ECONNREFUSED","level":"error","message":"Redis connection error:","service":"order-service","stack":"AggregateError [ECONNREFUSED]: \n    at internalConnectMultiple (node:net:1139:18)\n    at afterConnectMultiple (node:net:1714:7)","timestamp":"2026-09-22T06:45:06.560Z"}
{"code":"ECONNREFUSED","level":"error","message":"Redis connection error:","service":"order-service","stack":"AggregateError [ECONNREFUSED]: \n    at internalConnectMultiple (node:net:1139:18)\n    at afterConnectMultiple (node:net:1714:7)","timestamp":"2026-09-22T06:45:06.670Z"}
{"code":"ECONNREFUSED","level":"error","message":"Redis connection error:","service":"order-service","stack":"AggregateError [ECONNREFUSED]: \n    at internalConnectMultiple (node:net:1139:18)\n    at afterConnectMultiple (node:net:1714:7)","timestamp":"2026-09-22T06:45:06.828Z"}
{"code":"ECONNREFUSED","level":"error","message":"Redis connection error:","service":"order-service","stack":"AggregateError [ECONNREFUSED]: \n    at internalConnectMultiple (node:net:1139:18)\n    at afterConnectMultiple (node:net:1714:7)","timestamp":"2026-09-22T06:45:07.033Z"}
{"code":"ECONNREFUSED","level":"error","message":"Redis connection error:","service":"order-service","stack":"AggregateError [ECONNREFUSED]: \n    at internalConnectMultiple (node:net:1139:18)\n    at afterConnectMultiple (node:net:1714:7)","timestamp":"2026-09-22T06:45:07.285Z"}
{"code":"ECONNREFUSED","level":"error","message":"Redis connection error:","service":"order-service","stack":"AggregateError [ECONNREFUSED]: \n    at internalConnectMultiple (node:net:1139:18)\n    at afterConnectMultiple (node:net:1714:7)","timestamp":"2026-09-22T06:45:07.587Z"}
{"code":"ECONNREFUSED","level":"error","message":"Redis connection error:","service":"order-service","stack":"AggregateError [ECONNREFUSED]: \n    at internalConnectMultiple (node:net:1139:18)\n    at afterConnectMultiple (node:net:1714:7)","timestamp":"2026-09-22T06:45:07.952Z"}
{"code":"ECONNREFUSED","level":"error","message":"Redis connection error:","service":"order-service","stack":"AggregateError [ECONNREFUSED]: \n    at internalConnectMultiple (node:net:1139:18)\n    at afterConnectMultiple (node:net:1714:7)","timestamp":"2026-09-22T06:45:08.361Z"}
{"code":"ECONNREFUSED","level":"error","message":"Redis connection error:","service":"order-service","stack":"AggregateError [ECONNREFUSED]: \n    at internalConnectMultiple (node:net:1139:18)\n    at afterConnectMultiple (node:net:1714:7)","timestamp":"2026-09-22T06:45:08.819Z"}
{"code":"ECONNREFUSED","level":"error","message":"Redis connection error:","service":"order-service","stack":"AggregateError [ECONNREFUSED]: \n    at internalConnectMultiple (node:net:1139:18)\n    at afterConnectMultiple (node:net:1714:7)","timestamp":"2026-09-22T06:45:09.324Z"}
{"code":"ECONNREFUSED","level":"error","message":"Redis connection error:","service":"order-service","stack":"AggregateError [ECONNREFUSED]: \n    at internalConnectMultiple (node:net:1139:18)\n    at afterConnectMultiple (node:net:1714:7)","timestamp":"2026-09-22T06:45:09.891Z"}
{"code":"ECONNREFUSED","level":"error","message":"Redis connection error:","service":"order-service","stack":"AggregateError [ECONNREFUSED]: \n    at internalConnectMultiple (node:net:1139:18)\n    at afterConnectMultiple (node:net:1714:7)","timestamp":"2026-09-22T06:45:10.507Z"}
{"code":"ECONNREFUSED","level":"error","message":"Redis connection error:","service":"order-service","stack":"AggregateError [ECONNREFUSED]: \n    at internalConnectMultiple (node:net:1139:18)\n    at afterConnectMultiple (node:net:1714:7)","timestamp":"2026-09-22T06:45:11.173Z"}
{"code":"ECONNREFUSED","level":"error","message":"Redis connection error:","service":"order-service","stack":"AggregateError [ECONNREFUSED]: \n    at internalConnectMultiple (node:net:1139:18)\n    at afterConnectMultiple (node:net:1714:7)","timestamp":"2026-09-22T06:45:11.875Z"}
{"code":"ECONNREFUSED","level":"error","message":"Redis connection error:","service":"order-service","stack":"AggregateError [ECONNREFUSED]: \n    at internalConnectMultiple (node:net:1139:18)\n    at afterConnectMultiple (node:net:1714:7)","timestamp":"2026-09-22T06:45:12.627Z"}
{"code":"ECONNREFUSED","level":"error","message":"Redis connection error:","service":"order-service","stack":"AggregateError [ECONNREFUSED]: \n    at internalConnectMultiple (node:net:1139:18)\n    at afterConnectMultiple (node:net:1714:7)","timestamp":"2026-09-22T06:45:13.435Z"}
{"code":"ECONNREFUSED","level":"error","message":"Redis connection error:","service":"order-service","stack":"AggregateError [ECONNREFUSED]: \n    at internalConnectMultiple (node:net:1139:18)\n    at afterConnectMultiple (node:net:1714:7)","timestamp":"2026-09-22T06:45:14.289Z"}
{"code":"ECONNREFUSED","level":"error","message":"Redis connection error:","service":"order-service","stack":"AggregateError [ECONNREFUSED]: \n    at internalConnectMultiple (node:net:1139:18)\n    at afterConnectMultiple (node:net:1714:7)","timestamp":"2026-09-22T06:45:15.195Z"}
{"code":"ECONNREFUSED","level":"error","message":"Redis connection error:","service":"order-service","stack":"AggregateError [ECONNREFUSED]: \n    at internalConnectMultiple (node:net:1139:18)\n    at afterConnectMultiple (node:net:1714:7)","timestamp":"2026-09-22T06:45:16.162Z"}
{"code":"ECONNREFUSED","level":"error","message":"Redis connection error:","service":"order-service","stack":"AggregateError [ECONNREFUSED]: \n    at internalConnectMultiple (node:net:1139:18)\n    at afterConnectMultiple (node:net:1714:7)","timestamp":"2026-09-22T06:45:17.172Z"}
{"code":"ECONNREFUSED","level":"error","message":"Redis connection error:","service":"order-service","stack":"AggregateError [ECONNREFUSED]: \n    at internalConnectMultiple (node:net:1139:18)\n    at afterConnectMultiple (node:net:1714:7)","timestamp":"2026-09-22T06:45:18.231Z"}
{"code":"ECONNREFUSED","level":"error","message":"Redis connection error:","service":"order-service","stack":"AggregateError [ECONNREFUSED]: \n    at internalConnectMultiple (node:net:1139:18)\n    at afterConnectMultiple (node:net:1714:7)","timestamp":"2026-09-22T06:45:19.339Z"}
{"code":"ECONNREFUSED","level":"error","message":"Redis connection error:","service":"order-service","stack":"AggregateError [ECONNREFUSED]: \n    at internalConnectMultiple (node:net:1139:18)\n    at afterConnectMultiple (node:net:1714:7)","timestamp":"2026-09-22T06:45:20.492Z"}
{"code":"ECONNREFUSED","level":"error","message":"Redis connection error:","service":"order-service","stack":"AggregateError [ECONNREFUSED]: \n    at internalConnectMultiple (node:net:1139:18)\n    at afterConnectMultiple (node:net:1714:7)","timestamp":"2026-09-22T06:45:21.703Z"}
{"code":"ECONNREFUSED","level":"error","message":"Redis connection error:","service":"order-service","stack":"AggregateError [ECONNREFUSED]: \n    at internalConnectMultiple (node:net:1139:18)\n    at afterConnectMultiple (node:net:1714:7)","timestamp":"2026-09-22T06:45:22.963Z"}
{"code":"ECONNREFUSED","level":"error","message":"Redis connection error:","service":"order-service","stack":"AggregateError [ECONNREFUSED]: \n    at internalConnectMultiple (node:net:1139:18)\n    at afterConnectMultiple (node:net:1714:7)","timestamp":"2026-09-22T06:45:24.273Z"}
{"code":"ECONNREFUSED","level":"error","message":"Redis connection error:","service":"order-service","stack":"AggregateError [ECONNREFUSED]: \n    at internalConnectMultiple (node:net:1139:18)\n    at afterConnectMultiple (node:net:1714:7)","timestamp":"2026-09-22T06:45:25.627Z"}
{"code":"ECONNREFUSED","level":"error","message":"Redis connection error:","service":"order-service","stack":"AggregateError [ECONNREFUSED]: \n    at internalConnectMultiple (node:net:1139:18)\n    at afterConnectMultiple (node:net:1714:7)","timestamp":"2026-09-22T06:45:27.035Z"}
{"code":"ECONNREFUSED","level":"error","message":"Redis connection error:","service":"order-service","stack":"AggregateError [ECONNREFUSED]: \n    at internalConnectMultiple (node:net:1139:18)\n    at afterConnectMultiple (node:net:1714:7)","timestamp":"2026-09-22T06:45:28.489Z"}
{"code":"ECONNREFUSED","level":"error","message":"Redis connection error:","service":"order-service","stack":"AggregateError [ECONNREFUSED]: \n    at internalConnectMultiple (node:net:1139:18)\n    at afterConnectMultiple (node:net:1714:7)","timestamp":"2026-09-22T06:45:30.005Z"}
{"code":"ECONNREFUSED","level":"error","message":"Redis connection error:","service":"order-service","stack":"AggregateError [ECONNREFUSED]: \n    at internalConnectMultiple (node:net:1139:18)\n    at afterConnectMultiple (node:net:1714:7)","timestamp":"2026-09-22T06:45:31.566Z"}
{"code":"ECONNREFUSED","level":"error","message":"Redis connection error:","service":"order-service","stack":"AggregateError [ECONNREFUSED]: \n    at internalConnectMultiple (node:net:1139:18)\n    at afterConnectMultiple (node:net:1714:7)","timestamp":"2026-09-22T06:45:33.175Z"}
{"code":"ECONNREFUSED","level":"error","message":"Redis connection error:","service":"order-service","stack":"AggregateError [ECONNREFUSED]: \n    at internalConnectMultiple (node:net:1139:18)\n    at afterConnectMultiple (node:net:1714:7)","timestamp":"2026-09-22T06:45:34.833Z"}
{"code":"ECONNREFUSED","level":"error","message":"Redis connection error:","service":"order-service","stack":"AggregateError [ECONNREFUSED]: \n    at internalConnectMultiple (node:net:1139:18)\n    at afterConnectMultiple (node:net:1714:7)","timestamp":"2026-09-22T06:45:36.536Z"}
{"code":"ECONNREFUSED","level":"error","message":"Redis connection error:","service":"order-service","stack":"AggregateError [ECONNREFUSED]: \n    at internalConnectMultiple (node:net:1139:18)\n    at afterConnectMultiple (node:net:1714:7)","timestamp":"2026-09-22T06:45:38.289Z"}
{"code":"ECONNREFUSED","level":"error","message":"Redis connection error:","service":"order-service","stack":"AggregateError [ECONNREFUSED]: \n    at internalConnectMultiple (node:net:1139:18)\n    at afterConnectMultiple (node:net:1714:7)","timestamp":"2026-09-22T06:45:40.099Z"}
{"code":"ECONNREFUSED","level":"error","message":"Redis connection error:","service":"order-service","stack":"AggregateError [ECONNREFUSED]: \n    at internalConnectMultiple (node:net:1139:18)\n    at afterConnectMultiple (node:net:1714:7)","timestamp":"2026-09-22T06:45:41.958Z"}
{"code":"ECONNREFUSED","level":"error","message":"Redis connection error:","service":"order-service","stack":"AggregateError [ECONNREFUSED]: \n    at internalConnectMultiple (node:net:1139:18)\n    at afterConnectMultiple (node:net:1714:7)","timestamp":"2026-09-22T06:45:43.871Z"}
{"code":"ECONNREFUSED","level":"error","message":"Redis connection error:","service":"order-service","stack":"AggregateError [ECONNREFUSED]: \n    at internalConnectMultiple (node:net:1139:18)\n    at afterConnectMultiple (node:net:1714:7)","timestamp":"2026-09-22T06:45:45.823Z"}
{"code":"ECONNREFUSED","level":"error","message":"Redis connection error:","service":"order-service","stack":"AggregateError [ECONNREFUSED]: \n    at internalConnectMultiple (node:net:1139:18)\n    at afterConnectMultiple (node:net:1714:7)","timestamp":"2026-09-22T06:45:47.837Z"}
{"code":"ECONNREFUSED","level":"error","message":"Redis connection error:","service":"order-service","stack":"AggregateError [ECONNREFUSED]: \n    at internalConnectMultiple (node:net:1139:18)\n    at afterConnectMultiple (node:net:1714:7)","timestamp":"2026-09-22T06:45:49.838Z"}
{"level":"info","message":"Redis connected successfully","service":"order-service","timestamp":"2026-09-22T06:45:51.858Z"}
{"code":"ECONNRESET","errno":-4077,"level":"error","message":"Redis connection error: read ECONNRESET","service":"order-service","stack":"Error: read ECONNRESET\n    at TCP.onStreamRead (node:internal/stream_base_commons:216:20)","syscall":"read","timestamp":"2026-09-22T12:02:01.739Z"}
{"level":"info","message":"Redis connected successfully","service":"order-service","timestamp":"2026-09-22T12:02:01.834Z"}
{"level":"info","message":"MongoDB Connected: cluster0-shard-00-00.ldi5y.mongodb.net","service":"order-service","timestamp":"2026-09-23T07:14:41.630Z"}
{"level":"info","message":"Order indexes created successfully","service":"order-service","timestamp":"2026-09-23T07:14:45.461Z"}
{"code":"ECONNREFUSED","level":"error","message":"Redis connection error:","service":"order-service","stack":"AggregateError [ECONNREFUSED]: \n    at internalConnectMultiple (node:net:1139:18)\n    at afterConnectMultiple (node:net:1714:7)","timestamp":"2026-09-23T07:14:45.466Z"}
{"level":"error","message":"Redis initialization error: Connection is closed.","service":"order-service","stack":"Error: Connection is closed.\n    at EventEmitter.connectionCloseHandler (D:\\ecommerce-microservices-platform\\services\\order-service\\node_modules\\ioredis\\built\\Redis.js:208:28)\n    at Object.onceWrapper (node:events:633:26)\n    at EventEmitter.emit (node:events:518:28)\n    at process.processTicksAndRejections (node:internal/process/task_queues:85:11)","timestamp":"2026-09-23T07:14:45.467Z"}
{"environment":"development","level":"info","message":"Order Service started successfully","port":"3004","service":"order-service","timestamp":"2026-09-23T07:14:45.469Z"}
{"code":"ECONNREFUSED","level":"error","message":"Redis connection error:","service":"order-service","stack":"AggregateError [ECONNREFUSED]: \n    at internalConnectMultiple (node:net:1139:18)\n    at afterConnectMultiple (node:net:1714:7)","timestamp":"2026-09-23T07:14:45.521Z"}
{"code":"ECONNREFUSED","level":"error","message":"Redis connection error:","service":"order-service","stack":"AggregateError [ECONNREFUSED]: \n    at internalConnectMultiple (node:net:1139:18)\n    at afterConnectMultiple (node:net:1714:7)","timestamp":"2026-09-23T07:14:45.632Z"}
{"code":"ECONNREFUSED","level":"error","message":"Redis connection error:","service":"order-service","stack":"AggregateError [ECONNREFUSED]: \n    at internalConnectMultiple (node:net:1139:18)\n    at afterConnectMultiple (node:net:1714:7)","timestamp":"2026-09-23T07:14:45.791Z"}
{"code":"ECONNREFUSED","level":"error","message":"Redis connection error:","service":"order-service","stack":"AggregateError [ECONNREFUSED]: \n    at internalConnectMultiple (node:net:1139:18)\n    at afterConnectMultiple (node:net:1714:7)","timestamp":"2026-09-23T07:14:46.003Z"}
{"code":"ECONNREFUSED","level":"error","message":"Redis connection error:","service":"order-service","stack":"AggregateError [ECONNREFUSED]: \n    at internalConnectMultiple (node:net:1139:18)\n    at afterConnectMultiple (node:net:1714:7)","timestamp":"2026-09-23T07:14:46.256Z"}
{"code":"ECONNREFUSED","level":"error","message":"Redis connection error:","service":"order-service","stack":"AggregateError [ECONNREFUSED]: \n    at internalConnectMultiple (node:net:1139:18)\n    at afterConnectMultiple (node:net:1714:7)","timestamp":"2026-09-23T07:14:46.560Z"}
{"code":"ECONNREFUSED","level":"error","message":"Redis connection error:","service":"order-service","stack":"AggregateError [ECONNREFUSED]: \n    at internalConnectMultiple (node:net:1139:18)\n    at afterConnectMultiple (node:net:1714:7)","timestamp":"2026-09-23T07:14:46.923Z"}
{"level":"info","message":"Redis connected successfully","service":"order-service","timestamp":"2026-09-23T07:14:47.343Z"}
{"level":"info","message":"MongoDB Connected: cluster0-shard-00-02.ldi5y.mongodb.net","service":"order-service","timestamp":"2026-09-24T06:10:39.318Z"}
{"level":"info","message":"Order indexes created successfully","service":"order-service","timestamp":"2026-09-24T06:10:43.136Z"}
{"code":"ECONNREFUSED","level":"error","message":"Redis connection error:","service":"order-service","stack":"AggregateError [ECONNREFUSED]: \n    at internalConnectMultiple (node:net:1139:18)\n    at afterConnectMultiple (node:net:1714:7)","timestamp":"2026-09-24T06:10:43.140Z"}
{"level":"error","message":"Redis initialization error: Connection is closed.","service":"order-service","stack":"Error: Connection is closed.\n    at EventEmitter.connectionCloseHandler (D:\\ecommerce-microservices-platform\\services\\order-service\\node_modules\\ioredis\\built\\Redis.js:208:28)\n    at Object.onceWrapper (node:events:633:26)\n    at EventEmitter.emit (node:events:518:28)\n    at process.processTicksAndRejections (node:internal/process/task_queues:85:11)","timestamp":"2026-09-24T06:10:43.141Z"}
{"environment":"development","level":"info","message":"Order Service started successfully","port":"3004","service":"order-service","timestamp":"2026-09-24T06:10:43.144Z"}
{"code":"ECONNREFUSED","level":"error","message":"Redis connection error:","service":"order-service","stack":"AggregateError [ECONNREFUSED]: \n    at internalConnectMultiple (node:net:1139:18)\n    at afterConnectMultiple (node:net:1714:7)","timestamp":"2026-09-24T06:10:43.206Z"}
{"code":"ECONNREFUSED","level":"error","message":"Redis connection error:","service":"order-service","stack":"AggregateError [ECONNREFUSED]: \n    at internalConnectMultiple (node:net:1139:18)\n    at afterConnectMultiple (node:net:1714:7)","timestamp":"2026-09-24T06:10:43.314Z"}
{"code":"ECONNREFUSED","level":"error","message":"Redis connection error:","service":"order-service","stack":"AggregateError [ECONNREFUSED]: \n    at internalConnectMultiple (node:net:1139:18)\n    at afterConnectMultiple (node:net:1714:7)","timestamp":"2026-09-24T06:10:43.469Z"}
{"code":"ECONNREFUSED","level":"error","message":"Redis connection error:","service":"order-service","stack":"AggregateError [ECONNREFUSED]: \n    at internalConnectMultiple (node:net:1139:18)\n    at afterConnectMultiple (node:net:1714:7)","timestamp":"2026-09-24T06:10:43.682Z"}
{"code":"ECONNREFUSED","level":"error","message":"Redis connection error:","service":"order-service","stack":"AggregateError [ECONNREFUSED]: \n    at internalConnectMultiple (node:net:1139:18)\n    at afterConnectMultiple (node:net:1714:7)","timestamp":"2026-09-24T06:10:43.966Z"}
{"code":"ECONNREFUSED","level":"error","message":"Redis connection error:","service":"order-service","stack":"AggregateError [ECONNREFUSED]: \n    at internalConnectMultiple (node:net:1139:18)\n    at afterConnectMultiple (node:net:1714:7)","timestamp":"2026-09-24T06:10:44.283Z"}
{"code":"ECONNREFUSED","level":"error","message":"Redis connection error:","service":"order-service","stack":"AggregateError [ECONNREFUSED]: \n    at internalConnectMultiple (node:net:1139:18)\n    at afterConnectMultiple (node:net:1714:7)","timestamp":"2026-09-24T06:10:44.646Z"}
{"code":"ECONNREFUSED","level":"error","message":"Redis connection error:","service":"order-service","stack":"AggregateError [ECONNREFUSED]: \n    at internalConnectMultiple (node:net:1139:18)\n    at afterConnectMultiple (node:net:1714:7)","timestamp":"2026-09-24T06:10:45.051Z"}
{"code":"ECONNREFUSED","level":"error","message":"Redis connection error:","service":"order-service","stack":"AggregateError [ECONNREFUSED]: \n    at internalConnectMultiple (node:net:1139:18)\n    at afterConnectMultiple (node:net:1714:7)","timestamp":"2026-09-24T06:10:45.518Z"}
{"code":"ECONNREFUSED","level":"error","message":"Redis connection error:","service":"order-service","stack":"AggregateError [ECONNREFUSED]: \n    at internalConnectMultiple (node:net:1139:18)\n    at afterConnectMultiple (node:net:1714:7)","timestamp":"2026-09-24T06:10:46.020Z"}
{"code":"ECONNREFUSED","level":"error","message":"Redis connection error:","service":"order-service","stack":"AggregateError [ECONNREFUSED]: \n    at internalConnectMultiple (node:net:1139:18)\n    at afterConnectMultiple (node:net:1714:7)","timestamp":"2026-09-24T06:10:46.585Z"}
{"code":"ECONNREFUSED","level":"error","message":"Redis connection error:","service":"order-service","stack":"AggregateError [ECONNREFUSED]: \n    at internalConnectMultiple (node:net:1139:18)\n    at afterConnectMultiple (node:net:1714:7)","timestamp":"2026-09-24T06:10:47.187Z"}
{"code":"ECONNREFUSED","level":"error","message":"Redis connection error:","service":"order-service","stack":"AggregateError [ECONNREFUSED]: \n    at internalConnectMultiple (node:net:1139:18)\n    at afterConnectMultiple (node:net:1714:7)","timestamp":"2026-09-24T06:10:47.852Z"}
{"code":"ECONNREFUSED","level":"error","message":"Redis connection error:","service":"order-service","stack":"AggregateError [ECONNREFUSED]: \n    at internalConnectMultiple (node:net:1139:18)\n    at afterConnectMultiple (node:net:1714:7)","timestamp":"2026-09-24T06:10:48.567Z"}
{"level":"info","message":"Redis connected successfully","service":"order-service","timestamp":"2026-09-24T06:10:49.336Z"}
{"code":"ECONNRESET","errno":-4077,"level":"error","message":"Redis connection error: read ECONNRESET","service":"order-service","stack":"Error: read ECONNRESET\n    at TCP.onStreamRead (node:internal/stream_base_commons:216:20)","syscall":"read","timestamp":"2026-09-24T06:10:49.337Z"}
{"level":"error","message":"Redis connection error: Reached the max retries per request limit (which is 3). Refer to \"maxRetriesPerRequest\" option for details.","service":"order-service","stack":"MaxRetriesPerRequestError: Reached the max retries per request limit (which is 3). Refer to \"maxRetriesPerRequest\" option for details.\n    at Socket.<anonymous> (D:\\ecommerce-microservices-platform\\services\\order-service\\node_modules\\ioredis\\built\\redis\\event_handler.js:207:37)\n    at Object.onceWrapper (node:events:633:26)\n    at Socket.emit (node:events:518:28)\n    at TCP.<anonymous> (node:net:351:12)","timestamp":"2026-09-24T06:10:49.338Z"}
{"level":"info","message":"Redis connected successfully","service":"order-service","timestamp":"2026-09-24T06:10:50.141Z"}
{"level":"info","message":"MongoDB Connected: cluster0-shard-00-02.ldi5y.mongodb.net","service":"order-service","timestamp":"2026-09-26T05:52:59.449Z"}
{"level":"info","message":"Order indexes created successfully","service":"order-service","timestamp":"2026-09-26T05:53:02.702Z"}
{"code":"ECONNREFUSED","level":"error","message":"Redis connection error:","service":"order-service","stack":"AggregateError [ECONNREFUSED]: \n    at internalConnectMultiple (node:net:1139:18)\n    at afterConnectMultiple (node:net:1714:7)","timestamp":"2026-09-26T05:53:02.708Z"}
{"level":"error","message":"Redis initialization error: Connection is closed.","service":"order-service","stack":"Error: Connection is closed.\n    at EventEmitter.connectionCloseHandler (D:\\ecommerce-microservices-platform\\services\\order-service\\node_modules\\ioredis\\built\\Redis.js:208:28)\n    at Object.onceWrapper (node:events:633:26)\n    at EventEmitter.emit (node:events:518:28)\n    at process.processTicksAndRejections (node:internal/process/task_queues:85:11)","timestamp":"2026-09-26T05:53:02.710Z"}
{"environment":"development","level":"info","message":"Order Service started successfully","port":"3004","service":"order-service","timestamp":"2026-09-26T05:53:02.715Z"}
{"code":"ECONNREFUSED","level":"error","message":"Redis connection error:","service":"order-service","stack":"AggregateError [ECONNREFUSED]: \n    at internalConnectMultiple (node:net:1139:18)\n    at afterConnectMultiple (node:net:1714:7)","timestamp":"2026-09-26T05:53:02.775Z"}
{"code":"ECONNREFUSED","level":"error","message":"Redis connection error:","service":"order-service","stack":"AggregateError [ECONNREFUSED]: \n    at internalConnectMultiple (node:net:1139:18)\n    at afterConnectMultiple (node:net:1714:7)","timestamp":"2026-09-26T05:53:02.883Z"}
{"code":"ECONNREFUSED","level":"error","message":"Redis connection error:","service":"order-service","stack":"AggregateError [ECONNREFUSED]: \n    at internalConnectMultiple (node:net:1139:18)\n    at afterConnectMultiple (node:net:1714:7)","timestamp":"2026-09-26T05:53:03.041Z"}
{"code":"ECONNREFUSED","level":"error","message":"Redis connection error:","service":"order-service","stack":"AggregateError [ECONNREFUSED]: \n    at internalConnectMultiple (node:net:1139:18)\n    at afterConnectMultiple (node:net:1714:7)","timestamp":"2026-09-26T05:53:03.245Z"}
{"code":"ECONNREFUSED","level":"error","message":"Redis connection error:","service":"order-service","stack":"AggregateError [ECONNREFUSED]: \n    at internalConnectMultiple (node:net:1139:18)\n    at afterConnectMultiple (node:net:1714:7)","timestamp":"2026-09-26T05:53:03.510Z"}
{"code":"ECONNREFUSED","level":"error","message":"Redis connection error:","service":"order-service","stack":"AggregateError [ECONNREFUSED]: \n    at internalConnectMultiple (node:net:1139:18)\n    at afterConnectMultiple (node:net:1714:7)","timestamp":"2026-09-26T05:53:03.815Z"}
{"code":"ECONNREFUSED","level":"error","message":"Redis connection error:","service":"order-service","stack":"AggregateError [ECONNREFUSED]: \n    at internalConnectMultiple (node:net:1139:18)\n    at afterConnectMultiple (node:net:1714:7)","timestamp":"2026-09-26T05:53:04.167Z"}
{"code":"ECONNREFUSED","level":"error","message":"Redis connection error:","service":"order-service","stack":"AggregateError [ECONNREFUSED]: \n    at internalConnectMultiple (node:net:1139:18)\n    at afterConnectMultiple (node:net:1714:7)","timestamp":"2026-09-26T05:53:04.581Z"}
{"code":"ECONNREFUSED","level":"error","message":"Redis connection error:","service":"order-service","stack":"AggregateError [ECONNREFUSED]: \n    at internalConnectMultiple (node:net:1139:18)\n    at afterConnectMultiple (node:net:1714:7)","timestamp":"2026-09-26T05:53:05.034Z"}
{"code":"ECONNREFUSED","level":"error","message":"Redis connection error:","service":"order-service","stack":"AggregateError [ECONNREFUSED]: \n    at internalConnectMultiple (node:net:1139:18)\n    at afterConnectMultiple (node:net:1714:7)","timestamp":"2026-09-26T05:53:05.545Z"}
{"code":"ECONNREFUSED","level":"error","message":"Redis connection error:","service":"order-service","stack":"AggregateError [ECONNREFUSED]: \n    at internalConnectMultiple (node:net:1139:18)\n    at afterConnectMultiple (node:net:1714:7)","timestamp":"2026-09-26T05:53:06.103Z"}
{"code":"ECONNREFUSED","level":"error","message":"Redis connection error:","service":"order-service","stack":"AggregateError [ECONNREFUSED]: \n    at internalConnectMultiple (node:net:1139:18)\n    at afterConnectMultiple (node:net:1714:7)","timestamp":"2026-09-26T05:53:06.719Z"}
{"code":"ECONNREFUSED","level":"error","message":"Redis connection error:","service":"order-service","stack":"AggregateError [ECONNREFUSED]: \n    at internalConnectMultiple (node:net:1139:18)\n    at afterConnectMultiple (node:net:1714:7)","timestamp":"2026-09-26T05:53:07.374Z"}
{"code":"ECONNREFUSED","level":"error","message":"Redis connection error:","service":"order-service","stack":"AggregateError [ECONNREFUSED]: \n    at internalConnectMultiple (node:net:1139:18)\n    at afterConnectMultiple (node:net:1714:7)","timestamp":"2026-09-26T05:53:08.088Z"}
{"code":"ECONNREFUSED","level":"error","message":"Redis connection error:","service":"order-service","stack":"AggregateError [ECONNREFUSED]: \n    at internalConnectMultiple (node:net:1139:18)\n    at afterConnectMultiple (node:net:1714:7)","timestamp":"2026-09-26T05:53:08.850Z"}
{"code":"ECONNREFUSED","level":"error","message":"Redis connection error:","service":"order-service","stack":"AggregateError [ECONNREFUSED]: \n    at internalConnectMultiple (node:net:1139:18)\n    at afterConnectMultiple (node:net:1714:7)","timestamp":"2026-09-26T05:53:09.660Z"}
{"code":"ECONNREFUSED","level":"error","message":"Redis connection error:","service":"order-service","stack":"AggregateError [ECONNREFUSED]: \n    at internalConnectMultiple (node:net:1139:18)\n    at afterConnectMultiple (node:net:1714:7)","timestamp":"2026-09-26T05:53:10.519Z"}
{"code":"ECONNREFUSED","level":"error","message":"Redis connection error:","service":"order-service","stack":"AggregateError [ECONNREFUSED]: \n    at internalConnectMultiple (node:net:1139:18)\n    at afterConnectMultiple (node:net:1714:7)","timestamp":"2026-09-26T05:53:11.427Z"}
{"code":"ECONNREFUSED","level":"error","message":"Redis connection error:","service":"order-service","stack":"AggregateError [ECONNREFUSED]: \n    at internalConnectMultiple (node:net:1139:18)\n    at afterConnectMultiple (node:net:1714:7)","timestamp":"2026-09-26T05:53:12.387Z"}
{"code":"ECONNREFUSED","level":"error","message":"Redis connection error:","service":"order-service","stack":"AggregateError [ECONNREFUSED]: \n    at internalConnectMultiple (node:net:1139:18)\n    at afterConnectMultiple (node:net:1714:7)","timestamp":"2026-09-26T05:53:13.394Z"}
{"code":"ECONNREFUSED","level":"error","message":"Redis connection error:","service":"order-service","stack":"AggregateError [ECONNREFUSED]: \n    at internalConnectMultiple (node:net:1139:18)\n    at afterConnectMultiple (node:net:1714:7)","timestamp":"2026-09-26T05:53:14.457Z"}
{"code":"ECONNREFUSED","level":"error","message":"Redis connection error:","service":"order-service","stack":"AggregateError [ECONNREFUSED]: \n    at internalConnectMultiple (node:net:1139:18)\n    at afterConnectMultiple (node:net:1714:7)","timestamp":"2026-09-26T05:53:15.563Z"}
{"code":"ECONNREFUSED","level":"error","message":"Redis connection error:","service":"order-service","stack":"AggregateError [ECONNREFUSED]: \n    at internalConnectMultiple (node:net:1139:18)\n    at afterConnectMultiple (node:net:1714:7)","timestamp":"2026-09-26T05:53:16.727Z"}
{"level":"info","message":"Redis connected successfully","service":"order-service","timestamp":"2026-09-26T05:53:17.935Z"}
{"level":"info","message":"MongoDB Connected: cluster0-shard-00-02.ldi5y.mongodb.net","service":"order-service","timestamp":"2026-09-26T06:43:58.444Z"}
{"level":"info","message":"Order indexes created successfully","service":"order-service","timestamp":"2026-09-26T06:44:01.741Z"}
{"level":"info","message":"Redis connected successfully","service":"order-service","timestamp":"2026-09-26T06:44:01.746Z"}
{"environment":"development","level":"info","message":"Order Service started successfully","port":"3004","service":"order-service","timestamp":"2026-09-26T06:44:01.762Z"}
{"level":"info","message":"MongoDB Connected: cluster0-shard-00-00.ldi5y.mongodb.net","service":"order-service","timestamp":"2026-09-26T07:08:56.418Z"}
{"level":"info","message":"Order indexes created successfully","service":"order-service","timestamp":"2026-09-26T07:09:04.300Z"}
{"level":"info","message":"Redis connected successfully","service":"order-service","timestamp":"2026-09-26T07:09:04.306Z"}
{"environment":"development","level":"info","message":"Order Service started successfully","port":"3004","service":"order-service","timestamp":"2026-09-26T07:09:04.314Z"}
{"level":"info","message":"MongoDB Connected: cluster0-shard-00-02.ldi5y.mongodb.net","service":"order-service","timestamp":"2026-09-26T07:14:56.676Z"}
{"level":"info","message":"MongoDB Connected: cluster0-shard-00-01.ldi5y.mongodb.net","service":"order-service","timestamp":"2026-09-26T07:15:01.457Z"}
{"level":"info","message":"MongoDB Connected: cluster0-shard-00-01.ldi5y.mongodb.net","service":"order-service","timestamp":"2026-09-26T07:15:07.945Z"}
{"level":"info","message":"Order indexes created successfully","service":"order-service","timestamp":"2026-09-26T07:15:11.725Z"}
{"level":"info","message":"Redis connected successfully","service":"order-service","timestamp":"2026-09-26T07:15:11.731Z"}
{"environment":"development","level":"info","message":"Order Service started successfully","port":"3004","service":"order-service","timestamp":"2026-09-26T07:15:11.739Z"}
{"level":"info","message":"MongoDB Connected: cluster0-shard-00-00.ldi5y.mongodb.net","service":"order-service","timestamp":"2026-09-26T07:21:44.940Z"}
{"level":"info","message":"Order indexes created successfully","service":"order-service","timestamp":"2026-09-26T07:21:48.678Z"}
{"level":"info","message":"Redis connected successfully","service":"order-service","timestamp":"2026-09-26T07:21:48.685Z"}
{"environment":"development","level":"info","message":"Order Service started successfully","port":"3004","service":"order-service","timestamp":"2026-09-26T07:21:48.693Z"}
{"level":"info","message":"MongoDB Connected: cluster0-shard-00-02.ldi5y.mongodb.net","service":"order-service","timestamp":"2026-09-26T07:22:19.462Z"}
{"level":"info","message":"Order indexes created successfully","service":"order-service","timestamp":"2026-09-26T07:22:22.992Z"}
{"level":"info","message":"Redis connected successfully","service":"order-service","timestamp":"2026-09-26T07:22:23.000Z"}
{"environment":"development","level":"info","message":"Order Service started successfully","port":"3004","service":"order-service","timestamp":"2026-09-26T07:22:23.008Z"}
{"level":"info","message":"MongoDB Connected: cluster0-shard-00-01.ldi5y.mongodb.net","service":"order-service","timestamp":"2026-09-26T07:23:05.749Z"}
{"level":"info","message":"Order indexes created successfully","service":"order-service","timestamp":"2026-09-26T07:23:09.421Z"}
{"level":"info","message":"Redis connected successfully","service":"order-service","timestamp":"2026-09-26T07:23:09.427Z"}
{"environment":"development","level":"info","message":"Order Service started successfully","port":"3004","service":"order-service","timestamp":"2026-09-26T07:23:09.435Z"}
{"level":"info","message":"MongoDB Connected: cluster0-shard-00-00.ldi5y.mongodb.net","service":"order-service","timestamp":"2026-09-26T07:23:18.753Z"}
{"level":"info","message":"Order indexes created successfully","service":"order-service","timestamp":"2026-09-26T07:23:22.401Z"}
{"level":"info","message":"Redis connected successfully","service":"order-service","timestamp":"2026-09-26T07:23:22.407Z"}
{"environment":"development","level":"info","message":"Order Service started successfully","port":"3004","service":"order-service","timestamp":"2026-09-26T07:23:22.413Z"}
{"level":"info","message":"MongoDB Connected: cluster0-shard-00-02.ldi5y.mongodb.net","service":"order-service","timestamp":"2026-09-26T07:23:58.599Z"}
{"level":"info","message":"Order indexes created successfully","service":"order-service","timestamp":"2026-09-26T07:24:02.242Z"}
{"level":"info","message":"Redis connected successfully","service":"order-service","timestamp":"2026-09-26T07:24:02.248Z"}
{"environment":"development","level":"info","message":"Order Service started successfully","port":"3004","service":"order-service","timestamp":"2026-09-26T07:24:02.257Z"}
{"level":"info","message":"MongoDB Connected: cluster0-shard-00-00.ldi5y.mongodb.net","service":"order-service","timestamp":"2026-09-26T08:52:25.908Z"}
{"level":"info","message":"Order indexes created successfully","service":"order-service","timestamp":"2026-09-26T08:52:29.253Z"}
{"level":"info","message":"Redis connected successfully","service":"order-service","timestamp":"2026-09-26T08:52:29.259Z"}
{"environment":"development","level":"info","message":"Order Service started successfully","port":"3004","service":"order-service","timestamp":"2026-09-26T08:52:29.267Z"}
{"level":"info","message":"MongoDB Connected: cluster0-shard-00-01.ldi5y.mongodb.net","service":"order-service","timestamp":"2026-09-26T08:58:35.606Z"}
{"level":"info","message":"Order indexes created successfully","service":"order-service","timestamp":"2026-09-26T08:58:38.971Z"}
{"level":"info","message":"Redis connected successfully","service":"order-service","timestamp":"2026-09-26T08:58:38.977Z"}
{"environment":"development","level":"info","message":"Order Service started successfully","port":"3004","service":"order-service","timestamp":"2026-09-26T08:58:38.984Z"}
{"level":"info","message":"MongoDB Connected: cluster0-shard-00-02.ldi5y.mongodb.net","service":"order-service","timestamp":"2026-09-26T09:00:30.622Z"}
{"level":"info","message":"Order indexes created successfully","service":"order-service","timestamp":"2026-09-26T09:00:33.976Z"}
{"level":"info","message":"Redis connected successfully","service":"order-service","timestamp":"2026-09-26T09:00:33.982Z"}
{"environment":"development","level":"info","message":"Order Service started successfully","port":"3004","service":"order-service","timestamp":"2026-09-26T09:00:33.992Z"}
{"level":"info","message":"MongoDB Connected: cluster0-shard-00-00.ldi5y.mongodb.net","service":"order-service","timestamp":"2026-09-26T09:00:40.101Z"}
{"level":"info","message":"Order indexes created successfully","service":"order-service","timestamp":"2026-09-26T09:00:43.419Z"}
{"level":"info","message":"Redis connected successfully","service":"order-service","timestamp":"2026-09-26T09:00:43.424Z"}
{"environment":"development","level":"info","message":"Order Service started successfully","port":"3004","service":"order-service","timestamp":"2026-09-26T09:00:43.433Z"}
{"level":"info","message":"MongoDB Connected: cluster0-shard-00-01.ldi5y.mongodb.net","service":"order-service","timestamp":"2026-09-26T09:01:28.809Z"}
{"level":"info","message":"Order indexes created successfully","service":"order-service","timestamp":"2026-09-26T09:01:32.167Z"}
{"level":"info","message":"Redis connected successfully","service":"order-service","timestamp":"2026-09-26T09:01:32.173Z"}
{"environment":"development","level":"info","message":"Order Service started successfully","port":"3004","service":"order-service","timestamp":"2026-09-26T09:01:32.181Z"}
{"level":"info","message":"MongoDB Connected: cluster0-shard-00-00.ldi5y.mongodb.net","service":"order-service","timestamp":"2026-09-26T09:02:48.215Z"}
{"level":"info","message":"MongoDB Connected: cluster0-shard-00-02.ldi5y.mongodb.net","service":"order-service","timestamp":"2026-09-26T09:02:53.555Z"}
{"level":"info","message":"MongoDB Connected: cluster0-shard-00-00.ldi5y.mongodb.net","service":"order-service","timestamp":"2026-09-26T09:02:58.597Z"}
{"level":"info","message":"Order indexes created successfully","service":"order-service","timestamp":"2026-09-26T09:03:01.847Z"}
{"level":"info","message":"Redis connected successfully","service":"order-service","timestamp":"2026-09-26T09:03:01.854Z"}
{"environment":"development","level":"info","message":"Order Service started successfully","port":"3004","service":"order-service","timestamp":"2026-09-26T09:03:01.862Z"}
{"level":"info","message":"MongoDB Connected: cluster0-shard-00-00.ldi5y.mongodb.net","service":"order-service","timestamp":"2026-09-26T09:04:34.605Z"}
{"level":"info","message":"Order indexes created successfully","service":"order-service","timestamp":"2026-09-26T09:04:37.785Z"}
{"level":"info","message":"Redis connected successfully","service":"order-service","timestamp":"2026-09-26T09:04:37.791Z"}
{"environment":"development","level":"info","message":"Order Service started successfully","port":"3004","service":"order-service","timestamp":"2026-09-26T09:04:37.798Z"}
{"level":"info","message":"MongoDB Connected: cluster0-shard-00-02.ldi5y.mongodb.net","service":"order-service","timestamp":"2026-09-26T09:04:41.167Z"}
{"level":"info","message":"MongoDB Connected: cluster0-shard-00-00.ldi5y.mongodb.net","service":"order-service","timestamp":"2026-09-26T09:04:46.725Z"}
{"level":"info","message":"Order indexes created successfully","service":"order-service","timestamp":"2026-09-26T09:04:50.049Z"}
{"level":"info","message":"Redis connected successfully","service":"order-service","timestamp":"2026-09-26T09:04:50.054Z"}
{"environment":"development","level":"info","message":"Order Service started successfully","port":"3004","service":"order-service","timestamp":"2026-09-26T09:04:50.062Z"}
{"level":"info","message":"MongoDB Connected: cluster0-shard-00-01.ldi5y.mongodb.net","service":"order-service","timestamp":"2026-09-26T09:05:43.750Z"}
{"level":"info","message":"MongoDB Connected: cluster0-shard-00-02.ldi5y.mongodb.net","service":"order-service","timestamp":"2026-09-26T09:05:54.516Z"}
{"level":"info","message":"Order indexes created successfully","service":"order-service","timestamp":"2026-09-26T09:05:57.759Z"}
{"level":"info","message":"Redis connected successfully","service":"order-service","timestamp":"2026-09-26T09:05:57.765Z"}
{"environment":"development","level":"info","message":"Order Service started successfully","port":"3004","service":"order-service","timestamp":"2026-09-26T09:05:57.773Z"}
{"level":"info","message":"MongoDB Connected: cluster0-shard-00-02.ldi5y.mongodb.net","service":"order-service","timestamp":"2026-09-26T09:06:27.613Z"}
{"level":"info","message":"MongoDB Connected: cluster0-shard-00-00.ldi5y.mongodb.net","service":"order-service","timestamp":"2026-09-26T09:06:31.516Z"}
{"level":"info","message":"Order indexes created successfully","service":"order-service","timestamp":"2026-09-26T09:06:34.737Z"}
{"level":"info","message":"Redis connected successfully","service":"order-service","timestamp":"2026-09-26T09:06:34.743Z"}
{"environment":"development","level":"info","message":"Order Service started successfully","port":"3004","service":"order-service","timestamp":"2026-09-26T09:06:34.750Z"}
{"level":"info","message":"MongoDB Connected: cluster0-shard-00-02.ldi5y.mongodb.net","service":"order-service","timestamp":"2026-09-26T09:07:26.760Z"}
{"level":"info","message":"Order indexes created successfully","service":"order-service","timestamp":"2026-09-26T09:07:30.071Z"}
{"level":"info","message":"Redis connected successfully","service":"order-service","timestamp":"2026-09-26T09:07:30.078Z"}
{"environment":"development","level":"info","message":"Order Service started successfully","port":"3004","service":"order-service","timestamp":"2026-09-26T09:07:30.084Z"}
{"level":"info","message":"MongoDB Connected: cluster0-shard-00-00.ldi5y.mongodb.net","service":"order-service","timestamp":"2026-09-26T09:07:33.407Z"}
{"level":"info","message":"Order indexes created successfully","service":"order-service","timestamp":"2026-09-26T09:07:36.681Z"}
{"level":"info","message":"Redis connected successfully","service":"order-service","timestamp":"2026-09-26T09:07:36.687Z"}
{"environment":"development","level":"info","message":"Order Service started successfully","port":"3004","service":"order-service","timestamp":"2026-09-26T09:07:36.695Z"}
{"level":"info","message":"MongoDB Connected: cluster0-shard-00-01.ldi5y.mongodb.net","service":"order-service","timestamp":"2026-09-26T09:57:54.579Z"}
{"level":"info","message":"Order indexes created successfully","service":"order-service","timestamp":"2026-09-26T09:57:57.913Z"}
{"level":"info","message":"Redis connected successfully","service":"order-service","timestamp":"2026-09-26T09:57:57.919Z"}
{"environment":"development","level":"info","message":"Order Service started successfully","port":"3004","service":"order-service","timestamp":"2026-09-26T09:57:57.927Z"}
{"kind":"ObjectId","level":"error","message":"Cancel order error: Cast to ObjectId failed for value \"<ref *1> ServerResponse {\n  _events: [Object: null prototype] { finish: [Function: bound resOnFinish] },\n  _eventsCount: 1,\n  _maxListeners: undefined,\n  outputData: [],\n  outputSize: 0,\n  writable: true,\n  destroyed: false,\n  _last: false,\n  chunkedEncoding: false,\n  shouldKeepAlive: false,\n  maxRequestsOnConnectionReached: false,\n  _defaultKeepAlive: true,\n  useChunkedEncodingByDefault: true,\n  sendDate: true,\n  _removedConnection: false,\n  _removedContLen: false,\n  _removedTE: false,\n  strictContentLength: false,\n  _contentLength: null,\n  _hasBody: true,\n  _trailer: '',\n  finished: false,\n  _headerSent: false,\n  _closed: false,\n  _header: null,\n  _keepAliveTimeout: 5000,\n  _onPendingData: [Function: bound updateOutgoingData],\n  req: IncomingMessage {\n    _events: {\n      close: undefined,\n      error: undefined,\n      data: undefined,\n      end: undefined,\n      readable: undefined,\n      aborted: undefined\n    },\n    _readableState: ReadableState {\n      highWaterMark: 16384,\n      buffer: [],\n      bufferIndex: 0,\n      length: 0,\n      pipes: [],\n      awaitDrainWriters: null,\n      [Symbol(kState)]: 60295036\n    },\n    _maxListeners: undefined,\n    socket: Socket {\n      connecting: false,\n      _hadError: false,\n      _parent: null,\n      _host: null,\n      _closeAfterHandlingError: false,\n      _events: [Object],\n      _readableState: [ReadableState],\n      _writableState: [WritableState],\n      allowHalfOpen: true,\n      _maxListeners: undefined,\n      _eventsCount: 8,\n      _sockname: null,\n      _pendingData: null,\n      _pendingEncoding: '',\n      server: [Server],\n      _server: [Server],\n      parser: [HTTPParser],\n      on: [Function: socketListenerWrap],\n      addListener: [Function: socketListenerWrap],\n      prependListener: [Function: socketListenerWrap],\n      setEncoding: [Function: socketSetEncoding],\n      _paused: false,\n      _httpMessage: [Circular *1],\n      _peername: [Object],\n      [Symbol(async_id_symbol)]: 1308,\n      [Symbol(kHandle)]: [TCP],\n      [Symbol(lastWriteQueueSize)]: 0,\n      [Symbol(timeout)]: null,\n      [Symbol(kBuffer)]: null,\n      [Symbol(kBufferCb)]: null,\n      [Symbol(kBufferGen)]: null,\n      [Symbol(shapeMode)]: true,\n      [Symbol(kCapture)]: false,\n      [Symbol(kSetNoDelay)]: true,\n      [Symbol(kSetKeepAlive)]: false,\n      [Symbol(kSetKeepAliveInitialDelay)]: 0,\n      [Symbol(kBytesRead)]: 0,\n      [Symbol(kBytesWritten)]: 0\n    },\n    httpVersionMajor: 1,\n    httpVersionMinor: 1,\n    httpVersion: '1.1',\n    complete: true,\n    rawHeaders: [\n      'cookie',\n      '__next_hmr_refresh_hash__=128',\n      'accept-language',\n      'en-US,en;q=0.9',\n      'accept-encoding',\n      'gzip, deflate, br, zstd',\n      'referer',\n      'http://localhost:3006/',\n      'sec-fetch-dest',\n      'empty',\n      'sec-fetch-mode',\n      'cors',\n      'sec-fetch-site',\n      'same-site',\n      'origin',\n      'http://localhost:3006',\n      'content-type',\n      'application/json',\n      'dnt',\n      '1',\n      'accept',\n      'application/json, text/plain, */*',\n      'user-agent',\n      'Mozilla/5.0 (Windows NT 10.0; Win64; x64) AppleWebKit/537.36 (KHTML, like Gecko) Chrome/153.0.0.0 Safari/537.36',\n      'sec-ch-ua-mobile',\n      '?0',\n      'sec-ch-ua',\n      '\"Google Chrome\";v=\"153\", \"Not_A Brand\";v=\"8\", \"Chromium\";v=\"153\"',\n      'authorization',\n      'Bearer eyJhbGciOiJIUzI1NiIsInR5cCI6IkpXVCJ9.eyJ1c2VySWQiOiI2YTcwMmUwNTQ0YzQ2YzdiYjAwMzk4MTYiLCJ0eXBlIjoiYWNjZXNzIiwiaWF0IjoxNzkwNDE2NjgwLCJleHAiOjE3OTEwMjE0ODAsImlzcyI6InVzZXItc2VydmljZXMifQ.uD16zbZTYeLDq-NO5m0Pv2obfg504gj1lCNwl9uqvpw',\n      'sec-ch-ua-platform',\n      '\"Windows\"',\n      'content-length',\n      '23',\n      'connection',\n      'close',\n      'host',\n      'localhost:3004',\n      'X-User-Id',\n      '6a702e0544c46c7bb0039816',\n      'X-User-Email',\n      'ankits1027@gmail.com',\n      'X-User-Role',\n      'customer'\n    ],\n    rawTrailers: [],\n    joinDuplicateHeaders: null,\n    aborted: false,\n    upgrade: false,\n    url: '/6a92b5b920ce726ea71c9a0b/cancel',\n    method: 'POST',\n    statusCode: null,\n    statusMessage: null,\n    client: Socket {\n      connecting: false,\n      _hadError: false,\n      _parent: null,\n      _host: null,\n      _closeAfterHandlingError: false,\n      _events: [Object],\n      _readableState: [ReadableState],\n      _writableState: [WritableState],\n      allowHalfOpen: true,\n      _maxListeners: undefined,\n      _eventsCount: 8,\n      _sockname: null,\n      _pendingData: null,\n      _pendingEncoding: '',\n      server: [Server],\n      _server: [Server],\n      parser: [HTTPParser],\n      on: [Function: socketListenerWrap],\n      addListener: [Function: socketListenerWrap],\n      prependListener: [Function: socketListenerWrap],\n      setEncoding: [Function: socketSetEncoding],\n      _paused: false,\n      _httpMessage: [Circular *1],\n      _peername: [Object],\n      [Symbol(async_id_symbol)]: 1308,\n      [Symbol(kHandle)]: [TCP],\n      [Symbol(lastWriteQueueSize)]: 0,\n      [Symbol(timeout)]: null,\n      [Symbol(kBuffer)]: null,\n      [Symbol(kBufferCb)]: null,\n      [Symbol(kBufferGen)]: null,\n      [Symbol(shapeMode)]: true,\n      [Symbol(kCapture)]: false,\n      [Symbol(kSetNoDelay)]: true,\n      [Symbol(kSetKeepAlive)]: false,\n      [Symbol(kSetKeepAliveInitialDelay)]: 0,\n      [Symbol(kBytesRead)]: 0,\n      [Symbol(kBytesWritten)]: 0\n    },\n    _consuming: true,\n    _dumped: false,\n    res: [Circular *1],\n    next: [Function: next],\n    baseUrl: '/api/orders',\n    originalUrl: '/api/orders/6a92b5b920ce726ea71c9a0b/cancel',\n    _parsedUrl: Url {\n      protocol: null,\n      slashes: null,\n      auth: null,\n      host: null,\n      port: null,\n      hostname: null,\n      hash: null,\n      search: null,\n      query: null,\n      pathname: '/6a92b5b920ce726ea71c9a0b/cancel',\n      path: '/6a92b5b920ce726ea71c9a0b/cancel',\n      href: '/6a92b5b920ce726ea71c9a0b/cancel',\n      _raw: '/6a92b5b920ce726ea71c9a0b/cancel'\n    },\n    params: [Object: null prototype] { orderId: '6a92b5b920ce726ea71c9a0b' },\n    body: { reason: 'Size issue' },\n    length: undefined,\n    _eventsCount: 0,\n    rateLimit: {\n      limit: 500,\n      used: 4,\n      remaining: 496,\n      resetTime: 2026-09-26T10:13:00.893Z,\n      key: '::/56'\n    },\n    user: {\n      userId: '6a702e0544c46c7bb0039816',\n      email: 'ankits1027@gmail.com',\n      role: 'customer'\n    },\n    route: Route {\n      path: '/:orderId/cancel',\n      stack: [Array],\n      methods: [Object: null prototype]\n    },\n    [Symbol(shapeMode)]: true,\n    [Symbol(kCapture)]: false,\n    [Symbol(kHeaders)]: {\n      cookie: '__next_hmr_refresh_hash__=128',\n      'accept-language': 'en-US,en;q=0.9',\n      'accept-encoding': 'gzip, deflate, br, zstd',\n      referer: 'http://localhost:3006/',\n      'sec-fetch-dest': 'empty',\n      'sec-fetch-mode': 'cors',\n      'sec-fetch-site': 'same-site',\n      origin: 'http://localhost:3006',\n      'content-type': 'application/json',\n      dnt: '1',\n      accept: 'application/json, text/plain, */*',\n      'user-agent': 'Mozilla/5.0 (Windows NT 10.0; Win64; x64) AppleWebKit/537.36 (KHTML, like Gecko) Chrome/153.0.0.0 Safari/537.36',\n      'sec-ch-ua-mobile': '?0',\n      'sec-ch-ua': '\"Google Chrome\";v=\"153\", \"Not_A Brand\";v=\"8\", \"Chromium\";v=\"153\"',\n      authorization: 'Bearer eyJhbGciOiJIUzI1NiIsInR5cCI6IkpXVCJ9.eyJ1c2VySWQiOiI2YTcwMmUwNTQ0YzQ2YzdiYjAwMzk4MTYiLCJ0eXBlIjoiYWNjZXNzIiwiaWF0IjoxNzkwNDE2NjgwLCJleHAiOjE3OTEwMjE0ODAsImlzcyI6InVzZXItc2VydmljZXMifQ.uD16zbZTYeLDq-NO5m0Pv2obfg504gj1lCNwl9uqvpw',\n      'sec-ch-ua-platform': '\"Windows\"',\n      'content-length': '23',\n      connection: 'close',\n      host: 'localhost:3004',\n      'x-user-id': '6a702e0544c46c7bb0039816',\n      'x-user-email': 'ankits1027@gmail.com',\n      'x-user-role': 'customer'\n    },\n    [Symbol(kHeadersCount)]: 44,\n    [Symbol(kTrailers)]: null,\n    [Symbol(kTrailersCount)]: 0\n  },\n  _sent100: false,\n  _expect_continue: false,\n  _maxRequestsPerSocket: 0,\n  locals: [Object: null prototype] {},\n  flush: [Function: flush],\n  write: [Function: write],\n  end: [Function: end],\n  on: [Function: on],\n  writeHead: [Function: writeHead],\n  [Symbol(shapeMode)]: false,\n  [Symbol(kCapture)]: false,\n  [Symbol(kBytesWritten)]: 0,\n  [Symbol(kNeedDrain)]: false,\n  [Symbol(corked)]: 0,\n  [Symbol(kChunkedBuffer)]: [],\n  [Symbol(kChunkedLength)]: 0,\n  [Symbol(kSocket)]: <ref *2> Socket {\n    connecting: false,\n    _hadError: false,\n    _parent: null,\n    _host: null,\n    _closeAfterHandlingError: false,\n    _events: {\n      close: [Array],\n      error: [Function: socketOnError],\n      prefinish: undefined,\n      finish: undefined,\n      drain: [Function: bound socketOnDrain],\n      data: [Function: bound socketOnData],\n      end: [Array],\n      readable: undefined,\n      timeout: [Function: socketOnTimeout],\n      resume: [Function: onSocketResume],\n      pause: [Function: onSocketPause]\n    },\n    _readableState: ReadableState {\n      highWaterMark: 16384,\n      buffer: [],\n      bufferIndex: 0,\n      length: 0,\n      pipes: [],\n      awaitDrainWriters: null,\n      [Symbol(kState)]: 193997060\n    },\n    _writableState: WritableState {\n      highWaterMark: 16384,\n      length: 0,\n      corked: 0,\n      onwrite: [Function: bound onwrite],\n      writelen: 0,\n      bufferedIndex: 0,\n      pendingcb: 0,\n      [Symbol(kState)]: 17564420,\n      [Symbol(kBufferedValue)]: null\n    },\n    allowHalfOpen: true,\n    _maxListeners: undefined,\n    _eventsCount: 8,\n    _sockname: null,\n    _pendingData: null,\n    _pendingEncoding: '',\n    server: Server {\n      maxHeaderSize: undefined,\n      insecureHTTPParser: undefined,\n      requestTimeout: 300000,\n      headersTimeout: 60000,\n      keepAliveTimeout: 5000,\n      connectionsCheckingInterval: 30000,\n      requireHostHeader: true,\n      joinDuplicateHeaders: undefined,\n      rejectNonStandardBodyWrites: false,\n      _events: [Object: null prototype],\n      _eventsCount: 4,\n      _maxListeners: undefined,\n      _connections: 1,\n      _handle: [TCP],\n      _usingWorkers: false,\n      _workers: [],\n      _unref: false,\n      _listeningId: 2,\n      allowHalfOpen: true,\n      pauseOnConnect: false,\n      noDelay: true,\n      keepAlive: false,\n      keepAliveInitialDelay: 0,\n      highWaterMark: 16384,\n      httpAllowHalfOpen: false,\n      timeout: 0,\n      maxHeadersCount: null,\n      maxRequestsPerSocket: 0,\n      _connectionKey: '6::::3004',\n      [Symbol(IncomingMessage)]: [Function: IncomingMessage],\n      [Symbol(ServerResponse)]: [Function: ServerResponse],\n      [Symbol(shapeMode)]: false,\n      [Symbol(kCapture)]: false,\n      [Symbol(async_id_symbol)]: 435,\n      [Symbol(kUniqueHeaders)]: null,\n      [Symbol(http.server.connections)]: ConnectionsList {},\n      [Symbol(http.server.connectionsCheckingInterval)]: Timeout {\n        _idleTimeout: 30000,\n        _idlePrev: [TimersList],\n        _idleNext: [TimersList],\n        _idleStart: 6350,\n        _onTimeout: [Function: bound checkConnections],\n        _timerArgs: undefined,\n        _repeat: 30000,\n        _destroyed: false,\n        [Symbol(refed)]: false,\n        [Symbol(kHasPrimitive)]: false,\n        [Symbol(asyncId)]: 441,\n        [Symbol(triggerId)]: 436,\n        [Symbol(kAsyncContextFrame)]: undefined\n      }\n    },\n    _server: Server {\n      maxHeaderSize: undefined,\n      insecureHTTPParser: undefined,\n      requestTimeout: 300000,\n      headersTimeout: 60000,\n      keepAliveTimeout: 5000,\n      connectionsCheckingInterval: 30000,\n      requireHostHeader: true,\n      joinDuplicateHeaders: undefined,\n      rejectNonStandardBodyWrites: false,\n      _events: [Object: null prototype],\n      _eventsCount: 4,\n      _maxListeners: undefined,\n      _connections: 1,\n      _handle: [TCP],\n      _usingWorkers: false,\n      _workers: [],\n      _unref: false,\n      _listeningId: 2,\n      allowHalfOpen: true,\n      pauseOnConnect: false,\n      noDelay: true,\n      keepAlive: false,\n      keepAliveInitialDelay: 0,\n      highWaterMark: 16384,\n      httpAllowHalfOpen: false,\n      timeout: 0,\n      maxHeadersCount: null,\n      maxRequestsPerSocket: 0,\n      _connectionKey: '6::::3004',\n      [Symbol(IncomingMessage)]: [Function: IncomingMessage],\n      [Symbol(ServerResponse)]: [Function: ServerResponse],\n      [Symbol(shapeMode)]: false,\n      [Symbol(kCapture)]: false,\n      [Symbol(async_id_symbol)]: 435,\n      [Symbol(kUniqueHeaders)]: null,\n      [Symbol(http.server.connections)]: ConnectionsList {},\n      [Symbol(http.server.connectionsCheckingInterval)]: Timeout {\n        _idleTimeout: 30000,\n        _idlePrev: [TimersList],\n        _idleNext: [TimersList],\n        _idleStart: 6350,\n        _onTimeout: [Function: bound checkConnections],\n        _timerArgs: undefined,\n        _repeat: 30000,\n        _destroyed: false,\n        [Symbol(refed)]: false,\n        [Symbol(kHasPrimitive)]: false,\n        [Symbol(asyncId)]: 441,\n        [Symbol(triggerId)]: 436,\n        [Symbol(kAsyncContextFrame)]: undefined\n      }\n    },\n    parser: HTTPParser {\n      '0': null,\n      '1': [Function: parserOnHeaders],\n      '2': [Function: parserOnHeadersComplete],\n      '3': [Function: parserOnBody],\n      '4': [Function: parserOnMessageComplete],\n      '5': [Function: bound onParserExecute],\n      '6': [Function: bound onParserTimeout],\n      _headers: [],\n      _url: '',\n      socket: [Circular *2],\n      incoming: [IncomingMessage],\n      outgoing: null,\n      maxHeaderPairs: 2000,\n      _consumed: true,\n      onIncoming: [Function: bound parserOnIncoming],\n      joinDuplicateHeaders: null,\n      [Symbol(resource_symbol)]: [HTTPServerAsyncResource]\n    },\n    on: [Function: socketListenerWrap],\n    addListener: [Function: socketListenerWrap],\n    prependListener: [Function: socketListenerWrap],\n    setEncoding: [Function: socketSetEncoding],\n    _paused: false,\n    _httpMessage: [Circular *1],\n    _peername: { address: '::1', family: 'IPv6', port: 56510 },\n    [Symbol(async_id_symbol)]: 1308,\n    [Symbol(kHandle)]: TCP {\n      reading: true,\n      onconnection: null,\n      _consumed: true,\n      [Symbol(owner_symbol)]: [Circular *2]\n    },\n    [Symbol(lastWriteQueueSize)]: 0,\n    [Symbol(timeout)]: null,\n    [Symbol(kBuffer)]: null,\n    [Symbol(kBufferCb)]: null,\n    [Symbol(kBufferGen)]: null,\n    [Symbol(shapeMode)]: true,\n    [Symbol(kCapture)]: false,\n    [Symbol(kSetNoDelay)]: true,\n    [Symbol(kSetKeepAlive)]: false,\n    [Symbol(kSetKeepAliveInitialDelay)]: 0,\n    [Symbol(kBytesRead)]: 0,\n    [Symbol(kBytesWritten)]: 0\n  },\n  [Symbol(kOutHeaders)]: [Object: null prototype] {\n    'content-security-policy': [\n      'Content-Security-Policy',\n      \"default-src 'self';base-uri 'self';font-src 'self' https: data:;form-action 'self';frame-ancestors 'self';img-src 'self' data:;object-src 'none';script-src 'self';script-src-attr 'none';style-src 'self' https: 'unsafe-inline';upgrade-insecure-requests\"\n    ],\n    'cross-origin-opener-policy': [ 'Cross-Origin-Opener-Policy', 'same-origin' ],\n    'cross-origin-resource-policy': [ 'Cross-Origin-Resource-Policy', 'same-origin' ],\n    'origin-agent-cluster': [ 'Origin-Agent-Cluster', '?1' ],\n    'referrer-policy': [ 'Referrer-Policy', 'no-referrer' ],\n    'strict-transport-security': [\n      'Strict-Transport-Security',\n      'max-age=31536000; includeSubDomains'\n    ],\n    'x-content-type-options': [ 'X-Content-Type-Options', 'nosniff' ],\n    'x-dns-prefetch-control': [ 'X-DNS-Prefetch-Control', 'off' ],\n    'x-download-options': [ 'X-Download-Options', 'noopen' ],\n    'x-frame-options': [ 'X-Frame-Options', 'SAMEORIGIN' ],\n    'x-permitted-cross-domain-policies': [ 'X-Permitted-Cross-Domain-Policies', 'none' ],\n    'x-xss-protection': [ 'X-XSS-Protection', '0' ],\n    'access-control-allow-origin': [ 'Access-Control-Allow-Origin', 'http://localhost:3006' ],\n    vary: [ 'Vary', 'Origin' ],\n    'access-control-allow-credentials': [ 'Access-Control-Allow-Credentials', 'true' ],\n    'ratelimit-policy': [ 'RateLimit-Policy', '500;w=900' ],\n    'ratelimit-limit': [ 'RateLimit-Limit', '500' ],\n    'ratelimit-remaining': [ 'RateLimit-Remaining', '496' ],\n    'ratelimit-reset': [ 'RateLimit-Reset', '878' ]\n  },\n  [Symbol(errored)]: null,\n  [Symbol(kHighWaterMark)]: 16384,\n  [Symbol(kRejectNonStandardBodyWrites)]: false,\n  [Symbol(kUniqueHeaders)]: null\n}\" (type ServerResponse) at path \"userId\" for model \"Order\"","path":"userId","reason":{},"service":"order-service","stack":"CastError: Cast to ObjectId failed for value \"<ref *1> ServerResponse {\n  _events: [Object: null prototype] { finish: [Function: bound resOnFinish] },\n  _eventsCount: 1,\n  _maxListeners: undefined,\n  outputData: [],\n  outputSize: 0,\n  writable: true,\n  destroyed: false,\n  _last: false,\n  chunkedEncoding: false,\n  shouldKeepAlive: false,\n  maxRequestsOnConnectionReached: false,\n  _defaultKeepAlive: true,\n  useChunkedEncodingByDefault: true,\n  sendDate: true,\n  _removedConnection: false,\n  _removedContLen: false,\n  _removedTE: false,\n  strictContentLength: false,\n  _contentLength: null,\n  _hasBody: true,\n  _trailer: '',\n  finished: false,\n  _headerSent: false,\n  _closed: false,\n  _header: null,\n  _keepAliveTimeout: 5000,\n  _onPendingData: [Function: bound updateOutgoingData],\n  req: IncomingMessage {\n    _events: {\n      close: undefined,\n      error: undefined,\n      data: undefined,\n      end: undefined,\n      readable: undefined,\n      aborted: undefined\n    },\n    _readableState: ReadableState {\n      highWaterMark: 16384,\n      buffer: [],\n      bufferIndex: 0,\n      length: 0,\n      pipes: [],\n      awaitDrainWriters: null,\n      [Symbol(kState)]: 60295036\n    },\n    _maxListeners: undefined,\n    socket: Socket {\n      connecting: false,\n      _hadError: false,\n      _parent: null,\n      _host: null,\n      _closeAfterHandlingError: false,\n      _events: [Object],\n      _readableState: [ReadableState],\n      _writableState: [WritableState],\n      allowHalfOpen: true,\n      _maxListeners: undefined,\n      _eventsCount: 8,\n      _sockname: null,\n      _pendingData: null,\n      _pendingEncoding: '',\n      server: [Server],\n      _server: [Server],\n      parser: [HTTPParser],\n      on: [Function: socketListenerWrap],\n      addListener: [Function: socketListenerWrap],\n      prependListener: [Function: socketListenerWrap],\n      setEncoding: [Function: socketSetEncoding],\n      _paused: false,\n      _httpMessage: [Circular *1],\n      _peername: [Object],\n      [Symbol(async_id_symbol)]: 1308,\n      [Symbol(kHandle)]: [TCP],\n      [Symbol(lastWriteQueueSize)]: 0,\n      [Symbol(timeout)]: null,\n      [Symbol(kBuffer)]: null,\n      [Symbol(kBufferCb)]: null,\n      [Symbol(kBufferGen)]: null,\n      [Symbol(shapeMode)]: true,\n      [Symbol(kCapture)]: false,\n      [Symbol(kSetNoDelay)]: true,\n      [Symbol(kSetKeepAlive)]: false,\n      [Symbol(kSetKeepAliveInitialDelay)]: 0,\n      [Symbol(kBytesRead)]: 0,\n      [Symbol(kBytesWritten)]: 0\n    },\n    httpVersionMajor: 1,\n    httpVersionMinor: 1,\n    httpVersion: '1.1',\n    complete: true,\n    rawHeaders: [\n      'cookie',\n      '__next_hmr_refresh_hash__=128',\n      'accept-language',\n      'en-US,en;q=0.9',\n      'accept-encoding',\n      'gzip, deflate, br, zstd',\n      'referer',\n      'http://localhost:3006/',\n      'sec-fetch-dest',\n      'empty',\n      'sec-fetch-mode',\n      'cors',\n      'sec-fetch-site',\n      'same-site',\n      'origin',\n      'http://localhost:3006',\n      'content-type',\n      'application/json',\n      'dnt',\n      '1',\n      'accept',\n      'application/json, text/plain, */*',\n      'user-agent',\n      'Mozilla/5.0 (Windows NT 10.0; Win64; x64) AppleWebKit/537.36 (KHTML, like Gecko) Chrome/153.0.0.0 Safari/537.36',\n      'sec-ch-ua-mobile',\n      '?0',\n      'sec-ch-ua',\n      '\"Google Chrome\";v=\"153\", \"Not_A Brand\";v=\"8\", \"Chromium\";v=\"153\"',\n      'authorization',\n      'Bearer eyJhbGciOiJIUzI1NiIsInR5cCI6IkpXVCJ9.eyJ1c2VySWQiOiI2YTcwMmUwNTQ0YzQ2YzdiYjAwMzk4MTYiLCJ0eXBlIjoiYWNjZXNzIiwiaWF0IjoxNzkwNDE2NjgwLCJleHAiOjE3OTEwMjE0ODAsImlzcyI6InVzZXItc2VydmljZXMifQ.uD16zbZTYeLDq-NO5m0Pv2obfg504gj1lCNwl9uqvpw',\n      'sec-ch-ua-platform',\n      '\"Windows\"',\n      'content-length',\n      '23',\n      'connection',\n      'close',\n      'host',\n      'localhost:3004',\n      'X-User-Id',\n      '6a702e0544c46c7bb0039816',\n      'X-User-Email',\n      'ankits1027@gmail.com',\n      'X-User-Role',\n      'customer'\n    ],\n    rawTrailers: [],\n    joinDuplicateHeaders: null,\n    aborted: false,\n    upgrade: false,\n    url: '/6a92b5b920ce726ea71c9a0b/cancel',\n    method: 'POST',\n    statusCode: null,\n    statusMessage: null,\n    client: Socket {\n      connecting: false,\n      _hadError: false,\n      _parent: null,\n      _host: null,\n      _closeAfterHandlingError: false,\n      _events: [Object],\n      _readableState: [ReadableState],\n      _writableState: [WritableState],\n      allowHalfOpen: true,\n      _maxListeners: undefined,\n      _eventsCount: 8,\n      _sockname: null,\n      _pendingData: null,\n      _pendingEncoding: '',\n      server: [Server],\n      _server: [Server],\n      parser: [HTTPParser],\n      on: [Function: socketListenerWrap],\n      addListener: [Function: socketListenerWrap],\n      prependListener: [Function: socketListenerWrap],\n      setEncoding: [Function: socketSetEncoding],\n      _paused: false,\n      _httpMessage: [Circular *1],\n      _peername: [Object],\n      [Symbol(async_id_symbol)]: 1308,\n      [Symbol(kHandle)]: [TCP],\n      [Symbol(lastWriteQueueSize)]: 0,\n      [Symbol(timeout)]: null,\n      [Symbol(kBuffer)]: null,\n      [Symbol(kBufferCb)]: null,\n      [Symbol(kBufferGen)]: null,\n      [Symbol(shapeMode)]: true,\n      [Symbol(kCapture)]: false,\n      [Symbol(kSetNoDelay)]: true,\n      [Symbol(kSetKeepAlive)]: false,\n      [Symbol(kSetKeepAliveInitialDelay)]: 0,\n      [Symbol(kBytesRead)]: 0,\n      [Symbol(kBytesWritten)]: 0\n    },\n    _consuming: true,\n    _dumped: false,\n    res: [Circular *1],\n    next: [Function: next],\n    baseUrl: '/api/orders',\n    originalUrl: '/api/orders/6a92b5b920ce726ea71c9a0b/cancel',\n    _parsedUrl: Url {\n      protocol: null,\n      slashes: null,\n      auth: null,\n      host: null,\n      port: null,\n      hostname: null,\n      hash: null,\n      search: null,\n      query: null,\n      pathname: '/6a92b5b920ce726ea71c9a0b/cancel',\n      path: '/6a92b5b920ce726ea71c9a0b/cancel',\n      href: '/6a92b5b920ce726ea71c9a0b/cancel',\n      _raw: '/6a92b5b920ce726ea71c9a0b/cancel'\n    },\n    params: [Object: null prototype] { orderId: '6a92b5b920ce726ea71c9a0b' },\n    body: { reason: 'Size issue' },\n    length: undefined,\n    _eventsCount: 0,\n    rateLimit: {\n      limit: 500,\n      used: 4,\n      remaining: 496,\n      resetTime: 2026-09-26T10:13:00.893Z,\n      key: '::/56'\n    },\n    user: {\n      userId: '6a702e0544c46c7bb0039816',\n      email: 'ankits1027@gmail.com',\n      role: 'customer'\n    },\n    route: Route {\n      path: '/:orderId/cancel',\n      stack: [Array],\n      methods: [Object: null prototype]\n    },\n    [Symbol(shapeMode)]: true,\n    [Symbol(kCapture)]: false,\n    [Symbol(kHeaders)]: {\n      cookie: '__next_hmr_refresh_hash__=128',\n      'accept-language': 'en-US,en;q=0.9',\n      'accept-encoding': 'gzip, deflate, br, zstd',\n      referer: 'http://localhost:3006/',\n      'sec-fetch-dest': 'empty',\n      'sec-fetch-mode': 'cors',\n      'sec-fetch-site': 'same-site',\n      origin: 'http://localhost:3006',\n      'content-type': 'application/json',\n      dnt: '1',\n      accept: 'application/json, text/plain, */*',\n      'user-agent': 'Mozilla/5.0 (Windows NT 10.0; Win64; x64) AppleWebKit/537.36 (KHTML, like Gecko) Chrome/153.0.0.0 Safari/537.36',\n      'sec-ch-ua-mobile': '?0',\n      'sec-ch-ua': '\"Google Chrome\";v=\"153\", \"Not_A Brand\";v=\"8\", \"Chromium\";v=\"153\"',\n      authorization: 'Bearer eyJhbGciOiJIUzI1NiIsInR5cCI6IkpXVCJ9.eyJ1c2VySWQiOiI2YTcwMmUwNTQ0YzQ2YzdiYjAwMzk4MTYiLCJ0eXBlIjoiYWNjZXNzIiwiaWF0IjoxNzkwNDE2NjgwLCJleHAiOjE3OTEwMjE0ODAsImlzcyI6InVzZXItc2VydmljZXMifQ.uD16zbZTYeLDq-NO5m0Pv2obfg504gj1lCNwl9uqvpw',\n      'sec-ch-ua-platform': '\"Windows\"',\n      'content-length': '23',\n      connection: 'close',\n      host: 'localhost:3004',\n      'x-user-id': '6a702e0544c46c7bb0039816',\n      'x-user-email': 'ankits1027@gmail.com',\n      'x-user-role': 'customer'\n    },\n    [Symbol(kHeadersCount)]: 44,\n    [Symbol(kTrailers)]: null,\n    [Symbol(kTrailersCount)]: 0\n  },\n  _sent100: false,\n  _expect_continue: false,\n  _maxRequestsPerSocket: 0,\n  locals: [Object: null prototype] {},\n  flush: [Function: flush],\n  write: [Function: write],\n  end: [Function: end],\n  on: [Function: on],\n  writeHead: [Function: writeHead],\n  [Symbol(shapeMode)]: false,\n  [Symbol(kCapture)]: false,\n  [Symbol(kBytesWritten)]: 0,\n  [Symbol(kNeedDrain)]: false,\n  [Symbol(corked)]: 0,\n  [Symbol(kChunkedBuffer)]: [],\n  [Symbol(kChunkedLength)]: 0,\n  [Symbol(kSocket)]: <ref *2> Socket {\n    connecting: false,\n    _hadError: false,\n    _parent: null,\n    _host: null,\n    _closeAfterHandlingError: false,\n    _events: {\n      close: [Array],\n      error: [Function: socketOnError],\n      prefinish: undefined,\n      finish: undefined,\n      drain: [Function: bound socketOnDrain],\n      data: [Function: bound socketOnData],\n      end: [Array],\n      readable: undefined,\n      timeout: [Function: socketOnTimeout],\n      resume: [Function: onSocketResume],\n      pause: [Function: onSocketPause]\n    },\n    _readableState: ReadableState {\n      highWaterMark: 16384,\n      buffer: [],\n      bufferIndex: 0,\n      length: 0,\n      pipes: [],\n      awaitDrainWriters: null,\n      [Symbol(kState)]: 193997060\n    },\n    _writableState: WritableState {\n      highWaterMark: 16384,\n      length: 0,\n      corked: 0,\n      onwrite: [Function: bound onwrite],\n      writelen: 0,\n      bufferedIndex: 0,\n      pendingcb: 0,\n      [Symbol(kState)]: 17564420,\n      [Symbol(kBufferedValue)]: null\n    },\n    allowHalfOpen: true,\n    _maxListeners: undefined,\n    _eventsCount: 8,\n    _sockname: null,\n    _pendingData: null,\n    _pendingEncoding: '',\n    server: Server {\n      maxHeaderSize: undefined,\n      insecureHTTPParser: undefined,\n      requestTimeout: 300000,\n      headersTimeout: 60000,\n      keepAliveTimeout: 5000,\n      connectionsCheckingInterval: 30000,\n      requireHostHeader: true,\n      joinDuplicateHeaders: undefined,\n      rejectNonStandardBodyWrites: false,\n      _events: [Object: null prototype],\n      _eventsCount: 4,\n      _maxListeners: undefined,\n      _connections: 1,\n      _handle: [TCP],\n      _usingWorkers: false,\n      _workers: [],\n      _unref: false,\n      _listeningId: 2,\n      allowHalfOpen: true,\n      pauseOnConnect: false,\n      noDelay: true,\n      keepAlive: false,\n      keepAliveInitialDelay: 0,\n      highWaterMark: 16384,\n      httpAllowHalfOpen: false,\n      timeout: 0,\n      maxHeadersCount: null,\n      maxRequestsPerSocket: 0,\n      _connectionKey: '6::::3004',\n      [Symbol(IncomingMessage)]: [Function: IncomingMessage],\n      [Symbol(ServerResponse)]: [Function: ServerResponse],\n      [Symbol(shapeMode)]: false,\n      [Symbol(kCapture)]: false,\n      [Symbol(async_id_symbol)]: 435,\n      [Symbol(kUniqueHeaders)]: null,\n      [Symbol(http.server.connections)]: ConnectionsList {},\n      [Symbol(http.server.connectionsCheckingInterval)]: Timeout {\n        _idleTimeout: 30000,\n        _idlePrev: [TimersList],\n        _idleNext: [TimersList],\n        _idleStart: 6350,\n        _onTimeout: [Function: bound checkConnections],\n        _timerArgs: undefined,\n        _repeat: 30000,\n        _destroyed: false,\n        [Symbol(refed)]: false,\n        [Symbol(kHasPrimitive)]: false,\n        [Symbol(asyncId)]: 441,\n        [Symbol(triggerId)]: 436,\n        [Symbol(kAsyncContextFrame)]: undefined\n      }\n    },\n    _server: Server {\n      maxHeaderSize: undefined,\n      insecureHTTPParser: undefined,\n      requestTimeout: 300000,\n      headersTimeout: 60000,\n      keepAliveTimeout: 5000,\n      connectionsCheckingInterval: 30000,\n      requireHostHeader: true,\n      joinDuplicateHeaders: undefined,\n      rejectNonStandardBodyWrites: false,\n      _events: [Object: null prototype],\n      _eventsCount: 4,\n      _maxListeners: undefined,\n      _connections: 1,\n      _handle: [TCP],\n      _usingWorkers: false,\n      _workers: [],\n      _unref: false,\n      _listeningId: 2,\n      allowHalfOpen: true,\n      pauseOnConnect: false,\n      noDelay: true,\n      keepAlive: false,\n      keepAliveInitialDelay: 0,\n      highWaterMark: 16384,\n      httpAllowHalfOpen: false,\n      timeout: 0,\n      maxHeadersCount: null,\n      maxRequestsPerSocket: 0,\n      _connectionKey: '6::::3004',\n      [Symbol(IncomingMessage)]: [Function: IncomingMessage],\n      [Symbol(ServerResponse)]: [Function: ServerResponse],\n      [Symbol(shapeMode)]: false,\n      [Symbol(kCapture)]: false,\n      [Symbol(async_id_symbol)]: 435,\n      [Symbol(kUniqueHeaders)]: null,\n      [Symbol(http.server.connections)]: ConnectionsList {},\n      [Symbol(http.server.connectionsCheckingInterval)]: Timeout {\n        _idleTimeout: 30000,\n        _idlePrev: [TimersList],\n        _idleNext: [TimersList],\n        _idleStart: 6350,\n        _onTimeout: [Function: bound checkConnections],\n        _timerArgs: undefined,\n        _repeat: 30000,\n        _destroyed: false,\n        [Symbol(refed)]: false,\n        [Symbol(kHasPrimitive)]: false,\n        [Symbol(asyncId)]: 441,\n        [Symbol(triggerId)]: 436,\n        [Symbol(kAsyncContextFrame)]: undefined\n      }\n    },\n    parser: HTTPParser {\n      '0': null,\n      '1': [Function: parserOnHeaders],\n      '2': [Function: parserOnHeadersComplete],\n      '3': [Function: parserOnBody],\n      '4': [Function: parserOnMessageComplete],\n      '5': [Function: bound onParserExecute],\n      '6': [Function: bound onParserTimeout],\n      _headers: [],\n      _url: '',\n      socket: [Circular *2],\n      incoming: [IncomingMessage],\n      outgoing: null,\n      maxHeaderPairs: 2000,\n      _consumed: true,\n      onIncoming: [Function: bound parserOnIncoming],\n      joinDuplicateHeaders: null,\n      [Symbol(resource_symbol)]: [HTTPServerAsyncResource]\n    },\n    on: [Function: socketListenerWrap],\n    addListener: [Function: socketListenerWrap],\n    prependListener: [Function: socketListenerWrap],\n    setEncoding: [Function: socketSetEncoding],\n    _paused: false,\n    _httpMessage: [Circular *1],\n    _peername: { address: '::1', family: 'IPv6', port: 56510 },\n    [Symbol(async_id_symbol)]: 1308,\n    [Symbol(kHandle)]: TCP {\n      reading: true,\n      onconnection: null,\n      _consumed: true,\n      [Symbol(owner_symbol)]: [Circular *2]\n    },\n    [Symbol(lastWriteQueueSize)]: 0,\n    [Symbol(timeout)]: null,\n    [Symbol(kBuffer)]: null,\n    [Symbol(kBufferCb)]: null,\n    [Symbol(kBufferGen)]: null,\n    [Symbol(shapeMode)]: true,\n    [Symbol(kCapture)]: false,\n    [Symbol(kSetNoDelay)]: true,\n    [Symbol(kSetKeepAlive)]: false,\n    [Symbol(kSetKeepAliveInitialDelay)]: 0,\n    [Symbol(kBytesRead)]: 0,\n    [Symbol(kBytesWritten)]: 0\n  },\n  [Symbol(kOutHeaders)]: [Object: null prototype] {\n    'content-security-policy': [\n      'Content-Security-Policy',\n      \"default-src 'self';base-uri 'self';font-src 'self' https: data:;form-action 'self';frame-ancestors 'self';img-src 'self' data:;object-src 'none';script-src 'self';script-src-attr 'none';style-src 'self' https: 'unsafe-inline';upgrade-insecure-requests\"\n    ],\n    'cross-origin-opener-policy': [ 'Cross-Origin-Opener-Policy', 'same-origin' ],\n    'cross-origin-resource-policy': [ 'Cross-Origin-Resource-Policy', 'same-origin' ],\n    'origin-agent-cluster': [ 'Origin-Agent-Cluster', '?1' ],\n    'referrer-policy': [ 'Referrer-Policy', 'no-referrer' ],\n    'strict-transport-security': [\n      'Strict-Transport-Security',\n      'max-age=31536000; includeSubDomains'\n    ],\n    'x-content-type-options': [ 'X-Content-Type-Options', 'nosniff' ],\n    'x-dns-prefetch-control': [ 'X-DNS-Prefetch-Control', 'off' ],\n    'x-download-options': [ 'X-Download-Options', 'noopen' ],\n    'x-frame-options': [ 'X-Frame-Options', 'SAMEORIGIN' ],\n    'x-permitted-cross-domain-policies': [ 'X-Permitted-Cross-Domain-Policies', 'none' ],\n    'x-xss-protection': [ 'X-XSS-Protection', '0' ],\n    'access-control-allow-origin': [ 'Access-Control-Allow-Origin', 'http://localhost:3006' ],\n    vary: [ 'Vary', 'Origin' ],\n    'access-control-allow-credentials': [ 'Access-Control-Allow-Credentials', 'true' ],\n    'ratelimit-policy': [ 'RateLimit-Policy', '500;w=900' ],\n    'ratelimit-limit': [ 'RateLimit-Limit', '500' ],\n    'ratelimit-remaining': [ 'RateLimit-Remaining', '496' ],\n    'ratelimit-reset': [ 'RateLimit-Reset', '878' ]\n  },\n  [Symbol(errored)]: null,\n  [Symbol(kHighWaterMark)]: 16384,\n  [Symbol(kRejectNonStandardBodyWrites)]: false,\n  [Symbol(kUniqueHeaders)]: null\n}\" (type ServerResponse) at path \"userId\" for model \"Order\"\n    at SchemaObjectId.cast (D:\\ecommerce-microservices-platform\\services\\order-service\\node_modules\\mongoose\\lib\\schema\\objectId.js:253:11)\n    at SchemaType.applySetters (D:\\ecommerce-microservices-platform\\services\\order-service\\node_modules\\mongoose\\lib\\schemaType.js:1280:12)\n    at SchemaType.castForQuery (D:\\ecommerce-microservices-platform\\services\\order-service\\node_modules\\mongoose\\lib\\schemaType.js:1706:17)\n    at cast (D:\\ecommerce-microservices-platform\\services\\order-service\\node_modules\\mongoose\\lib\\cast.js:386:32)\n    at Query.cast (D:\\ecommerce-microservices-platform\\services\\order-service\\node_modules\\mongoose\\lib\\query.js:5040:12)\n    at Query._castConditions (D:\\ecommerce-microservices-platform\\services\\order-service\\node_modules\\mongoose\\lib\\query.js:2374:10)\n    at model.Query._findOne (D:\\ecommerce-microservices-platform\\services\\order-service\\node_modules\\mongoose\\lib\\query.js:2704:8)\n    at model.Query.exec (D:\\ecommerce-microservices-platform\\services\\order-service\\node_modules\\mongoose\\lib\\query.js:4652:80)\n    at process.processTicksAndRejections (node:internal/process/task_queues:105:5)\n    at async cancelOrder (D:\\ecommerce-microservices-platform\\services\\order-service\\src\\services\\orderService.js:268:21)","stringValue":"\"<ref *1> ServerResponse {\n  _events: [Object: null prototype] { finish: [Function: bound resOnFinish] },\n  _eventsCount: 1,\n  _maxListeners: undefined,\n  outputData: [],\n  outputSize: 0,\n  writable: true,\n  destroyed: false,\n  _last: false,\n  chunkedEncoding: false,\n  shouldKeepAlive: false,\n  maxRequestsOnConnectionReached: false,\n  _defaultKeepAlive: true,\n  useChunkedEncodingByDefault: true,\n  sendDate: true,\n  _removedConnection: false,\n  _removedContLen: false,\n  _removedTE: false,\n  strictContentLength: false,\n  _contentLength: null,\n  _hasBody: true,\n  _trailer: '',\n  finished: false,\n  _headerSent: false,\n  _closed: false,\n  _header: null,\n  _keepAliveTimeout: 5000,\n  _onPendingData: [Function: bound updateOutgoingData],\n  req: IncomingMessage {\n    _events: {\n      close: undefined,\n      error: undefined,\n      data: undefined,\n      end: undefined,\n      readable: undefined,\n      aborted: undefined\n    },\n    _readableState: ReadableState {\n      highWaterMark: 16384,\n      buffer: [],\n      bufferIndex: 0,\n      length: 0,\n      pipes: [],\n      awaitDrainWriters: null,\n      [Symbol(kState)]: 60295036\n    },\n    _maxListeners: undefined,\n    socket: Socket {\n      connecting: false,\n      _hadError: false,\n      _parent: null,\n      _host: null,\n      _closeAfterHandlingError: false,\n      _events: [Object],\n      _readableState: [ReadableState],\n      _writableState: [WritableState],\n      allowHalfOpen: true,\n      _maxListeners: undefined,\n      _eventsCount: 8,\n      _sockname: null,\n      _pendingData: null,\n      _pendingEncoding: '',\n      server: [Server],\n      _server: [Server],\n      parser: [HTTPParser],\n      on: [Function: socketListenerWrap],\n      addListener: [Function: socketListenerWrap],\n      prependListener: [Function: socketListenerWrap],\n      setEncoding: [Function: socketSetEncoding],\n      _paused: false,\n      _httpMessage: [Circular *1],\n      _peername: [Object],\n      [Symbol(async_id_symbol)]: 1308,\n      [Symbol(kHandle)]: [TCP],\n      [Symbol(lastWriteQueueSize)]: 0,\n      [Symbol(timeout)]: null,\n      [Symbol(kBuffer)]: null,\n      [Symbol(kBufferCb)]: null,\n      [Symbol(kBufferGen)]: null,\n      [Symbol(shapeMode)]: true,\n      [Symbol(kCapture)]: false,\n      [Symbol(kSetNoDelay)]: true,\n      [Symbol(kSetKeepAlive)]: false,\n      [Symbol(kSetKeepAliveInitialDelay)]: 0,\n      [Symbol(kBytesRead)]: 0,\n      [Symbol(kBytesWritten)]: 0\n    },\n    httpVersionMajor: 1,\n    httpVersionMinor: 1,\n    httpVersion: '1.1',\n    complete: true,\n    rawHeaders: [\n      'cookie',\n      '__next_hmr_refresh_hash__=128',\n      'accept-language',\n      'en-US,en;q=0.9',\n      'accept-encoding',\n      'gzip, deflate, br, zstd',\n      'referer',\n      'http://localhost:3006/',\n      'sec-fetch-dest',\n      'empty',\n      'sec-fetch-mode',\n      'cors',\n      'sec-fetch-site',\n      'same-site',\n      'origin',\n      'http://localhost:3006',\n      'content-type',\n      'application/json',\n      'dnt',\n      '1',\n      'accept',\n      'application/json, text/plain, */*',\n      'user-agent',\n      'Mozilla/5.0 (Windows NT 10.0; Win64; x64) AppleWebKit/537.36 (KHTML, like Gecko) Chrome/153.0.0.0 Safari/537.36',\n      'sec-ch-ua-mobile',\n      '?0',\n      'sec-ch-ua',\n      '\"Google Chrome\";v=\"153\", \"Not_A Brand\";v=\"8\", \"Chromium\";v=\"153\"',\n      'authorization',\n      'Bearer eyJhbGciOiJIUzI1NiIsInR5cCI6IkpXVCJ9.eyJ1c2VySWQiOiI2YTcwMmUwNTQ0YzQ2YzdiYjAwMzk4MTYiLCJ0eXBlIjoiYWNjZXNzIiwiaWF0IjoxNzkwNDE2NjgwLCJleHAiOjE3OTEwMjE0ODAsImlzcyI6InVzZXItc2VydmljZXMifQ.uD16zbZTYeLDq-NO5m0Pv2obfg504gj1lCNwl9uqvpw',\n      'sec-ch-ua-platform',\n      '\"Windows\"',\n      'content-length',\n      '23',\n      'connection',\n      'close',\n      'host',\n      'localhost:3004',\n      'X-User-Id',\n      '6a702e0544c46c7bb0039816',\n      'X-User-Email',\n      'ankits1027@gmail.com',\n      'X-User-Role',\n      'customer'\n    ],\n    rawTrailers: [],\n    joinDuplicateHeaders: null,\n    aborted: false,\n    upgrade: false,\n    url: '/6a92b5b920ce726ea71c9a0b/cancel',\n    method: 'POST',\n    statusCode: null,\n    statusMessage: null,\n    client: Socket {\n      connecting: false,\n      _hadError: false,\n      _parent: null,\n      _host: null,\n      _closeAfterHandlingError: false,\n      _events: [Object],\n      _readableState: [ReadableState],\n      _writableState: [WritableState],\n      allowHalfOpen: true,\n      _maxListeners: undefined,\n      _eventsCount: 8,\n      _sockname: null,\n      _pendingData: null,\n      _pendingEncoding: '',\n      server: [Server],\n      _server: [Server],\n      parser: [HTTPParser],\n      on: [Function: socketListenerWrap],\n      addListener: [Function: socketListenerWrap],\n      prependListener: [Function: socketListenerWrap],\n      setEncoding: [Function: socketSetEncoding],\n      _paused: false,\n      _httpMessage: [Circular *1],\n      _peername: [Object],\n      [Symbol(async_id_symbol)]: 1308,\n      [Symbol(kHandle)]: [TCP],\n      [Symbol(lastWriteQueueSize)]: 0,\n      [Symbol(timeout)]: null,\n      [Symbol(kBuffer)]: null,\n      [Symbol(kBufferCb)]: null,\n      [Symbol(kBufferGen)]: null,\n      [Symbol(shapeMode)]: true,\n      [Symbol(kCapture)]: false,\n      [Symbol(kSetNoDelay)]: true,\n      [Symbol(kSetKeepAlive)]: false,\n      [Symbol(kSetKeepAliveInitialDelay)]: 0,\n      [Symbol(kBytesRead)]: 0,\n      [Symbol(kBytesWritten)]: 0\n    },\n    _consuming: true,\n    _dumped: false,\n    res: [Circular *1],\n    next: [Function: next],\n    baseUrl: '/api/orders',\n    originalUrl: '/api/orders/6a92b5b920ce726ea71c9a0b/cancel',\n    _parsedUrl: Url {\n      protocol: null,\n      slashes: null,\n      auth: null,\n      host: null,\n      port: null,\n      hostname: null,\n      hash: null,\n      search: null,\n      query: null,\n      pathname: '/6a92b5b920ce726ea71c9a0b/cancel',\n      path: '/6a92b5b920ce726ea71c9a0b/cancel',\n      href: '/6a92b5b920ce726ea71c9a0b/cancel',\n      _raw: '/6a92b5b920ce726ea71c9a0b/cancel'\n    },\n    params: [Object: null prototype] { orderId: '6a92b5b920ce726ea71c9a0b' },\n    body: { reason: 'Size issue' },\n    length: undefined,\n    _eventsCount: 0,\n    rateLimit: {\n      limit: 500,\n      used: 4,\n      remaining: 496,\n      resetTime: 2026-09-26T10:13:00.893Z,\n      key: '::/56'\n    },\n    user: {\n      userId: '6a702e0544c46c7bb0039816',\n      email: 'ankits1027@gmail.com',\n      role: 'customer'\n    },\n    route: Route {\n      path: '/:orderId/cancel',\n      stack: [Array],\n      methods: [Object: null prototype]\n    },\n    [Symbol(shapeMode)]: true,\n    [Symbol(kCapture)]: false,\n    [Symbol(kHeaders)]: {\n      cookie: '__next_hmr_refresh_hash__=128',\n      'accept-language': 'en-US,en;q=0.9',\n      'accept-encoding': 'gzip, deflate, br, zstd',\n      referer: 'http://localhost:3006/',\n      'sec-fetch-dest': 'empty',\n      'sec-fetch-mode': 'cors',\n      'sec-fetch-site': 'same-site',\n      origin: 'http://localhost:3006',\n      'content-type': 'application/json',\n      dnt: '1',\n      accept: 'application/json, text/plain, */*',\n      'user-agent': 'Mozilla/5.0 (Windows NT 10.0; Win64; x64) AppleWebKit/537.36 (KHTML, like Gecko) Chrome/153.0.0.0 Safari/537.36',\n      'sec-ch-ua-mobile': '?0',\n      'sec-ch-ua': '\"Google Chrome\";v=\"153\", \"Not_A Brand\";v=\"8\", \"Chromium\";v=\"153\"',\n      authorization: 'Bearer eyJhbGciOiJIUzI1NiIsInR5cCI6IkpXVCJ9.eyJ1c2VySWQiOiI2YTcwMmUwNTQ0YzQ2YzdiYjAwMzk4MTYiLCJ0eXBlIjoiYWNjZXNzIiwiaWF0IjoxNzkwNDE2NjgwLCJleHAiOjE3OTEwMjE0ODAsImlzcyI6InVzZXItc2VydmljZXMifQ.uD16zbZTYeLDq-NO5m0Pv2obfg504gj1lCNwl9uqvpw',\n      'sec-ch-ua-platform': '\"Windows\"',\n      'content-length': '23',\n      connection: 'close',\n      host: 'localhost:3004',\n      'x-user-id': '6a702e0544c46c7bb0039816',\n      'x-user-email': 'ankits1027@gmail.com',\n      'x-user-role': 'customer'\n    },\n    [Symbol(kHeadersCount)]: 44,\n    [Symbol(kTrailers)]: null,\n    [Symbol(kTrailersCount)]: 0\n  },\n  _sent100: false,\n  _expect_continue: false,\n  _maxRequestsPerSocket: 0,\n  locals: [Object: null prototype] {},\n  flush: [Function: flush],\n  write: [Function: write],\n  end: [Function: end],\n  on: [Function: on],\n  writeHead: [Function: writeHead],\n  [Symbol(shapeMode)]: false,\n  [Symbol(kCapture)]: false,\n  [Symbol(kBytesWritten)]: 0,\n  [Symbol(kNeedDrain)]: false,\n  [Symbol(corked)]: 0,\n  [Symbol(kChunkedBuffer)]: [],\n  [Symbol(kChunkedLength)]: 0,\n  [Symbol(kSocket)]: <ref *2> Socket {\n    connecting: false,\n    _hadError: false,\n    _parent: null,\n    _host: null,\n    _closeAfterHandlingError: false,\n    _events: {\n      close: [Array],\n      error: [Function: socketOnError],\n      prefinish: undefined,\n      finish: undefined,\n      drain: [Function: bound socketOnDrain],\n      data: [Function: bound socketOnData],\n      end: [Array],\n      readable: undefined,\n      timeout: [Function: socketOnTimeout],\n      resume: [Function: onSocketResume],\n      pause: [Function: onSocketPause]\n    },\n    _readableState: ReadableState {\n      highWaterMark: 16384,\n      buffer: [],\n      bufferIndex: 0,\n      length: 0,\n      pipes: [],\n      awaitDrainWriters: null,\n      [Symbol(kState)]: 193997060\n    },\n    _writableState: WritableState {\n      highWaterMark: 16384,\n      length: 0,\n      corked: 0,\n      onwrite: [Function: bound onwrite],\n      writelen: 0,\n      bufferedIndex: 0,\n      pendingcb: 0,\n      [Symbol(kState)]: 17564420,\n      [Symbol(kBufferedValue)]: null\n    },\n    allowHalfOpen: true,\n    _maxListeners: undefined,\n    _eventsCount: 8,\n    _sockname: null,\n    _pendingData: null,\n    _pendingEncoding: '',\n    server: Server {\n      maxHeaderSize: undefined,\n      insecureHTTPParser: undefined,\n      requestTimeout: 300000,\n      headersTimeout: 60000,\n      keepAliveTimeout: 5000,\n      connectionsCheckingInterval: 30000,\n      requireHostHeader: true,\n      joinDuplicateHeaders: undefined,\n      rejectNonStandardBodyWrites: false,\n      _events: [Object: null prototype],\n      _eventsCount: 4,\n      _maxListeners: undefined,\n      _connections: 1,\n      _handle: [TCP],\n      _usingWorkers: false,\n      _workers: [],\n      _unref: false,\n      _listeningId: 2,\n      allowHalfOpen: true,\n      pauseOnConnect: false,\n      noDelay: true,\n      keepAlive: false,\n      keepAliveInitialDelay: 0,\n      highWaterMark: 16384,\n      httpAllowHalfOpen: false,\n      timeout: 0,\n      maxHeadersCount: null,\n      maxRequestsPerSocket: 0,\n      _connectionKey: '6::::3004',\n      [Symbol(IncomingMessage)]: [Function: IncomingMessage],\n      [Symbol(ServerResponse)]: [Function: ServerResponse],\n      [Symbol(shapeMode)]: false,\n      [Symbol(kCapture)]: false,\n      [Symbol(async_id_symbol)]: 435,\n      [Symbol(kUniqueHeaders)]: null,\n      [Symbol(http.server.connections)]: ConnectionsList {},\n      [Symbol(http.server.connectionsCheckingInterval)]: Timeout {\n        _idleTimeout: 30000,\n        _idlePrev: [TimersList],\n        _idleNext: [TimersList],\n        _idleStart: 6350,\n        _onTimeout: [Function: bound checkConnections],\n        _timerArgs: undefined,\n        _repeat: 30000,\n        _destroyed: false,\n        [Symbol(refed)]: false,\n        [Symbol(kHasPrimitive)]: false,\n        [Symbol(asyncId)]: 441,\n        [Symbol(triggerId)]: 436,\n        [Symbol(kAsyncContextFrame)]: undefined\n      }\n    },\n    _server: Server {\n      maxHeaderSize: undefined,\n      insecureHTTPParser: undefined,\n      requestTimeout: 300000,\n      headersTimeout: 60000,\n      keepAliveTimeout: 5000,\n      connectionsCheckingInterval: 30000,\n      requireHostHeader: true,\n      joinDuplicateHeaders: undefined,\n      rejectNonStandardBodyWrites: false,\n      _events: [Object: null prototype],\n      _eventsCount: 4,\n      _maxListeners: undefined,\n      _connections: 1,\n      _handle: [TCP],\n      _usingWorkers: false,\n      _workers: [],\n      _unref: false,\n      _listeningId: 2,\n      allowHalfOpen: true,\n      pauseOnConnect: false,\n      noDelay: true,\n      keepAlive: false,\n      keepAliveInitialDelay: 0,\n      highWaterMark: 16384,\n      httpAllowHalfOpen: false,\n      timeout: 0,\n      maxHeadersCount: null,\n      maxRequestsPerSocket: 0,\n      _connectionKey: '6::::3004',\n      [Symbol(IncomingMessage)]: [Function: IncomingMessage],\n      [Symbol(ServerResponse)]: [Function: ServerResponse],\n      [Symbol(shapeMode)]: false,\n      [Symbol(kCapture)]: false,\n      [Symbol(async_id_symbol)]: 435,\n      [Symbol(kUniqueHeaders)]: null,\n      [Symbol(http.server.connections)]: ConnectionsList {},\n      [Symbol(http.server.connectionsCheckingInterval)]: Timeout {\n        _idleTimeout: 30000,\n        _idlePrev: [TimersList],\n        _idleNext: [TimersList],\n        _idleStart: 6350,\n        _onTimeout: [Function: bound checkConnections],\n        _timerArgs: undefined,\n        _repeat: 30000,\n        _destroyed: false,\n        [Symbol(refed)]: false,\n        [Symbol(kHasPrimitive)]: false,\n        [Symbol(asyncId)]: 441,\n        [Symbol(triggerId)]: 436,\n        [Symbol(kAsyncContextFrame)]: undefined\n      }\n    },\n    parser: HTTPParser {\n      '0': null,\n      '1': [Function: parserOnHeaders],\n      '2': [Function: parserOnHeadersComplete],\n      '3': [Function: parserOnBody],\n      '4': [Function: parserOnMessageComplete],\n      '5': [Function: bound onParserExecute],\n      '6': [Function: bound onParserTimeout],\n      _headers: [],\n      _url: '',\n      socket: [Circular *2],\n      incoming: [IncomingMessage],\n      outgoing: null,\n      maxHeaderPairs: 2000,\n      _consumed: true,\n      onIncoming: [Function: bound parserOnIncoming],\n      joinDuplicateHeaders: null,\n      [Symbol(resource_symbol)]: [HTTPServerAsyncResource]\n    },\n    on: [Function: socketListenerWrap],\n    addListener: [Function: socketListenerWrap],\n    prependListener: [Function: socketListenerWrap],\n    setEncoding: [Function: socketSetEncoding],\n    _paused: false,\n    _httpMessage: [Circular *1],\n    _peername: { address: '::1', family: 'IPv6', port: 56510 },\n    [Symbol(async_id_symbol)]: 1308,\n    [Symbol(kHandle)]: TCP {\n      reading: true,\n      onconnection: null,\n      _consumed: true,\n      [Symbol(owner_symbol)]: [Circular *2]\n    },\n    [Symbol(lastWriteQueueSize)]: 0,\n    [Symbol(timeout)]: null,\n    [Symbol(kBuffer)]: null,\n    [Symbol(kBufferCb)]: null,\n    [Symbol(kBufferGen)]: null,\n    [Symbol(shapeMode)]: true,\n    [Symbol(kCapture)]: false,\n    [Symbol(kSetNoDelay)]: true,\n    [Symbol(kSetKeepAlive)]: false,\n    [Symbol(kSetKeepAliveInitialDelay)]: 0,\n    [Symbol(kBytesRead)]: 0,\n    [Symbol(kBytesWritten)]: 0\n  },\n  [Symbol(kOutHeaders)]: [Object: null prototype] {\n    'content-security-policy': [\n      'Content-Security-Policy',\n      \"default-src 'self';base-uri 'self';font-src 'self' https: data:;form-action 'self';frame-ancestors 'self';img-src 'self' data:;object-src 'none';script-src 'self';script-src-attr 'none';style-src 'self' https: 'unsafe-inline';upgrade-insecure-requests\"\n    ],\n    'cross-origin-opener-policy': [ 'Cross-Origin-Opener-Policy', 'same-origin' ],\n    'cross-origin-resource-policy': [ 'Cross-Origin-Resource-Policy', 'same-origin' ],\n    'origin-agent-cluster': [ 'Origin-Agent-Cluster', '?1' ],\n    'referrer-policy': [ 'Referrer-Policy', 'no-referrer' ],\n    'strict-transport-security': [\n      'Strict-Transport-Security',\n      'max-age=31536000; includeSubDomains'\n    ],\n    'x-content-type-options': [ 'X-Content-Type-Options', 'nosniff' ],\n    'x-dns-prefetch-control': [ 'X-DNS-Prefetch-Control', 'off' ],\n    'x-download-options': [ 'X-Download-Options', 'noopen' ],\n    'x-frame-options': [ 'X-Frame-Options', 'SAMEORIGIN' ],\n    'x-permitted-cross-domain-policies': [ 'X-Permitted-Cross-Domain-Policies', 'none' ],\n    'x-xss-protection': [ 'X-XSS-Protection', '0' ],\n    'access-control-allow-origin': [ 'Access-Control-Allow-Origin', 'http://localhost:3006' ],\n    vary: [ 'Vary', 'Origin' ],\n    'access-control-allow-credentials': [ 'Access-Control-Allow-Credentials', 'true' ],\n    'ratelimit-policy': [ 'RateLimit-Policy', '500;w=900' ],\n    'ratelimit-limit': [ 'RateLimit-Limit', '500' ],\n    'ratelimit-remaining': [ 'RateLimit-Remaining', '496' ],\n    'ratelimit-reset': [ 'RateLimit-Reset', '878' ]\n  },\n  [Symbol(errored)]: null,\n  [Symbol(kHighWaterMark)]: 16384,\n  [Symbol(kRejectNonStandardBodyWrites)]: false,\n  [Symbol(kUniqueHeaders)]: null\n}\"","timestamp":"2026-09-26T09:58:23.346Z","value":{"_closed":false,"_contentLength":null,"_defaultKeepAlive":true,"_events":{},"_eventsCount":1,"_expect_continue":false,"_hasBody":true,"_header":null,"_headerSent":false,"_keepAliveTimeout":5000,"_last":false,"_maxRequestsPerSocket":0,"_removedConnection":false,"_removedContLen":false,"_removedTE":false,"_sent100":false,"_trailer":"","chunkedEncoding":false,"destroyed":false,"finished":false,"locals":{},"maxRequestsOnConnectionReached":false,"outputData":[],"outputSize":0,"req":{"_consuming":true,"_dumped":false,"_events":{},"_eventsCount":0,"_parsedUrl":{"_raw":"/6a92b5b920ce726ea71c9a0b/cancel","auth":null,"hash":null,"host":null,"hostname":null,"href":"/6a92b5b920ce726ea71c9a0b/cancel","path":"/6a92b5b920ce726ea71c9a0b/cancel","pathname":"/6a92b5b920ce726ea71c9a0b/cancel","port":null,"protocol":null,"query":null,"search":null,"slashes":null},"_readableState":{"awaitDrainWriters":null,"buffer":[],"bufferIndex":0,"highWaterMark":16384,"length":0,"pipes":[]},"aborted":false,"baseUrl":"/api/orders","body":{"reason":"Size issue"},"client":{"_closeAfterHandlingError":false,"_events":{"close":[null,null],"end":[null,null]},"_eventsCount":8,"_hadError":false,"_host":null,"_httpMessage":"[Circular]","_parent":null,"_paused":false,"_peername":{"address":"::1","family":"IPv6","port":56510},"_pendingData":null,"_pendingEncoding":"","_readableState":{"awaitDrainWriters":null,"buffer":[],"bufferIndex":0,"highWaterMark":16384,"length":0,"pipes":[]},"_server":{"_connectionKey":"6::::3004","_connections":1,"_events":{},"_eventsCount":4,"_handle":{"reading":false},"_listeningId":2,"_unref":false,"_usingWorkers":false,"_workers":[],"allowHalfOpen":true,"connectionsCheckingInterval":30000,"headersTimeout":60000,"highWaterMark":16384,"httpAllowHalfOpen":false,"keepAlive":false,"keepAliveInitialDelay":0,"keepAliveTimeout":5000,"maxHeadersCount":null,"maxRequestsPerSocket":0,"noDelay":true,"pauseOnConnect":false,"rejectNonStandardBodyWrites":false,"requestTimeout":300000,"requireHostHeader":true,"timeout":0},"_sockname":null,"_writableState":{"bufferedIndex":0,"corked":0,"highWaterMark":16384,"length":0,"pendingcb":0,"writelen":0},"allowHalfOpen":true,"connecting":false,"parser":{"0":null,"_consumed":true,"_headers":[],"_url":"","incoming":"[Circular]","joinDuplicateHeaders":null,"maxHeaderPairs":2000,"outgoing":null,"socket":"[Circular]"},"server":{"_connectionKey":"6::::3004","_connections":1,"_events":{},"_eventsCount":4,"_handle":{"reading":false},"_listeningId":2,"_unref":false,"_usingWorkers":false,"_workers":[],"allowHalfOpen":true,"connectionsCheckingInterval":30000,"headersTimeout":60000,"highWaterMark":16384,"httpAllowHalfOpen":false,"keepAlive":false,"keepAliveInitialDelay":0,"keepAliveTimeout":5000,"maxHeadersCount":null,"maxRequestsPerSocket":0,"noDelay":true,"pauseOnConnect":false,"rejectNonStandardBodyWrites":false,"requestTimeout":300000,"requireHostHeader":true,"timeout":0}},"complete":true,"httpVersion":"1.1","httpVersionMajor":1,"httpVersionMinor":1,"joinDuplicateHeaders":null,"method":"POST","originalUrl":"/api/orders/6a92b5b920ce726ea71c9a0b/cancel","params":{"orderId":"6a92b5b920ce726ea71c9a0b"},"rateLimit":{"key":"::/56","limit":500,"remaining":496,"resetTime":"2026-09-26T10:13:00.893Z","used":4},"rawHeaders":["cookie","__next_hmr_refresh_hash__=128","accept-language","en-US,en;q=0.9","accept-encoding","gzip, deflate, br, zstd","referer","http://localhost:3006/","sec-fetch-dest","empty","sec-fetch-mode","cors","sec-fetch-site","same-site","origin","http://localhost:3006","content-type","application/json","dnt","1","accept","application/json, text/plain, */*","user-agent","Mozilla/5.0 (Windows NT 10.0; Win64; x64) AppleWebKit/537.36 (KHTML, like Gecko) Chrome/153.0.0.0 Safari/537.36","sec-ch-ua-mobile","?0","sec-ch-ua","\"Google Chrome\";v=\"153\", \"Not_A Brand\";v=\"8\", \"Chromium\";v=\"153\"","authorization","Bearer eyJhbGciOiJIUzI1NiIsInR5cCI6IkpXVCJ9.eyJ1c2VySWQiOiI2YTcwMmUwNTQ0YzQ2YzdiYjAwMzk4MTYiLCJ0eXBlIjoiYWNjZXNzIiwiaWF0IjoxNzkwNDE2NjgwLCJleHAiOjE3OTEwMjE0ODAsImlzcyI6InVzZXItc2VydmljZXMifQ.uD16zbZTYeLDq-NO5m0Pv2obfg504gj1lCNwl9uqvpw","sec-ch-ua-platform","\"Windows\"","content-length","23","connection","close","host","localhost:3004","X-User-Id","6a702e0544c46c7bb0039816","X-User-Email","ankits1027@gmail.com","X-User-Role","customer"],"rawTrailers":[],"res":"[Circular]","route":{"methods":{"post":true},"path":"/:orderId/cancel","stack":[{"keys":[],"matchers":[null],"method":"post","name":"<anonymous>","slash":false},{"keys":[],"matchers":[null],"method":"post","name":"<anonymous>","slash":false},{"keys":[],"matchers":[null],"method":"post","name":"cancelOrder","slash":false}]},"socket":{"_closeAfterHandlingError":false,"_events":{"close":[null,null],"end":[null,null]},"_eventsCount":8,"_hadError":false,"_host":null,"_httpMessage":"[Circular]","_parent":null,"_paused":false,"_peername":{"address":"::1","family":"IPv6","port":56510},"_pendingData":null,"_pendingEncoding":"","_readableState":{"awaitDrainWriters":null,"buffer":[],"bufferIndex":0,"highWaterMark":16384,"length":0,"pipes":[]},"_server":{"_connectionKey":"6::::3004","_connections":1,"_events":{},"_eventsCount":4,"_handle":{"reading":false},"_listeningId":2,"_unref":false,"_usingWorkers":false,"_workers":[],"allowHalfOpen":true,"connectionsCheckingInterval":30000,"headersTimeout":60000,"highWaterMark":16384,"httpAllowHalfOpen":false,"keepAlive":false,"keepAliveInitialDelay":0,"keepAliveTimeout":5000,"maxHeadersCount":null,"maxRequestsPerSocket":0,"noDelay":true,"pauseOnConnect":false,"rejectNonStandardBodyWrites":false,"requestTimeout":300000,"requireHostHeader":true,"timeout":0},"_sockname":null,"_writableState":{"bufferedIndex":0,"corked":0,"highWaterMark":16384,"length":0,"pendingcb":0,"writelen":0},"allowHalfOpen":true,"connecting":false,"parser":{"0":null,"_consumed":true,"_headers":[],"_url":"","incoming":"[Circular]","joinDuplicateHeaders":null,"maxHeaderPairs":2000,"outgoing":null,"socket":"[Circular]"},"server":{"_connectionKey":"6::::3004","_connections":1,"_events":{},"_eventsCount":4,"_handle":{"reading":false},"_listeningId":2,"_unref":false,"_usingWorkers":false,"_workers":[],"allowHalfOpen":true,"connectionsCheckingInterval":30000,"headersTimeout":60000,"highWaterMark":16384,"httpAllowHalfOpen":false,"keepAlive":false,"keepAliveInitialDelay":0,"keepAliveTimeout":5000,"maxHeadersCount":null,"maxRequestsPerSocket":0,"noDelay":true,"pauseOnConnect":false,"rejectNonStandardBodyWrites":false,"requestTimeout":300000,"requireHostHeader":true,"timeout":0}},"statusCode":null,"statusMessage":null,"upgrade":false,"url":"/6a92b5b920ce726ea71c9a0b/cancel","user":{"email":"ankits1027@gmail.com","role":"customer","userId":"6a702e0544c46c7bb0039816"}},"sendDate":true,"shouldKeepAlive":false,"strictContentLength":false,"useChunkedEncodingByDefault":true,"writable":true},"valueType":"ServerResponse"}
{"body":{"reason":"Size issue"},"error":"Cast to ObjectId failed for value \"<ref *1> ServerResponse {\n  _events: [Object: null prototype] { finish: [Function: bound resOnFinish] },\n  _eventsCount: 1,\n  _maxListeners: undefined,\n  outputData: [],\n  outputSize: 0,\n  writable: true,\n  destroyed: false,\n  _last: false,\n  chunkedEncoding: false,\n  shouldKeepAlive: false,\n  maxRequestsOnConnectionReached: false,\n  _defaultKeepAlive: true,\n  useChunkedEncodingByDefault: true,\n  sendDate: true,\n  _removedConnection: false,\n  _removedContLen: false,\n  _removedTE: false,\n  strictContentLength: false,\n  _contentLength: null,\n  _hasBody: true,\n  _trailer: '',\n  finished: false,\n  _headerSent: false,\n  _closed: false,\n  _header: null,\n  _keepAliveTimeout: 5000,\n  _onPendingData: [Function: bound updateOutgoingData],\n  req: IncomingMessage {\n    _events: {\n      close: undefined,\n      error: undefined,\n      data: undefined,\n      end: undefined,\n      readable: undefined,\n      aborted: undefined\n    },\n    _readableState: ReadableState {\n      highWaterMark: 16384,\n      buffer: [],\n      bufferIndex: 0,\n      length: 0,\n      pipes: [],\n      awaitDrainWriters: null,\n      [Symbol(kState)]: 60295036\n    },\n    _maxListeners: undefined,\n    socket: Socket {\n      connecting: false,\n      _hadError: false,\n      _parent: null,\n      _host: null,\n      _closeAfterHandlingError: false,\n      _events: [Object],\n      _readableState: [ReadableState],\n      _writableState: [WritableState],\n      allowHalfOpen: true,\n      _maxListeners: undefined,\n      _eventsCount: 8,\n      _sockname: null,\n      _pendingData: null,\n      _pendingEncoding: '',\n      server: [Server],\n      _server: [Server],\n      parser: [HTTPParser],\n      on: [Function: socketListenerWrap],\n      addListener: [Function: socketListenerWrap],\n      prependListener: [Function: socketListenerWrap],\n      setEncoding: [Function: socketSetEncoding],\n      _paused: false,\n      _httpMessage: [Circular *1],\n      _peername: [Object],\n      [Symbol(async_id_symbol)]: 1308,\n      [Symbol(kHandle)]: [TCP],\n      [Symbol(lastWriteQueueSize)]: 0,\n      [Symbol(timeout)]: null,\n      [Symbol(kBuffer)]: null,\n      [Symbol(kBufferCb)]: null,\n      [Symbol(kBufferGen)]: null,\n      [Symbol(shapeMode)]: true,\n      [Symbol(kCapture)]: false,\n      [Symbol(kSetNoDelay)]: true,\n      [Symbol(kSetKeepAlive)]: false,\n      [Symbol(kSetKeepAliveInitialDelay)]: 0,\n      [Symbol(kBytesRead)]: 0,\n      [Symbol(kBytesWritten)]: 0\n    },\n    httpVersionMajor: 1,\n    httpVersionMinor: 1,\n    httpVersion: '1.1',\n    complete: true,\n    rawHeaders: [\n      'cookie',\n      '__next_hmr_refresh_hash__=128',\n      'accept-language',\n      'en-US,en;q=0.9',\n      'accept-encoding',\n      'gzip, deflate, br, zstd',\n      'referer',\n      'http://localhost:3006/',\n      'sec-fetch-dest',\n      'empty',\n      'sec-fetch-mode',\n      'cors',\n      'sec-fetch-site',\n      'same-site',\n      'origin',\n      'http://localhost:3006',\n      'content-type',\n      'application/json',\n      'dnt',\n      '1',\n      'accept',\n      'application/json, text/plain, */*',\n      'user-agent',\n      'Mozilla/5.0 (Windows NT 10.0; Win64; x64) AppleWebKit/537.36 (KHTML, like Gecko) Chrome/153.0.0.0 Safari/537.36',\n      'sec-ch-ua-mobile',\n      '?0',\n      'sec-ch-ua',\n      '\"Google Chrome\";v=\"153\", \"Not_A Brand\";v=\"8\", \"Chromium\";v=\"153\"',\n      'authorization',\n      'Bearer eyJhbGciOiJIUzI1NiIsInR5cCI6IkpXVCJ9.eyJ1c2VySWQiOiI2YTcwMmUwNTQ0YzQ2YzdiYjAwMzk4MTYiLCJ0eXBlIjoiYWNjZXNzIiwiaWF0IjoxNzkwNDE2NjgwLCJleHAiOjE3OTEwMjE0ODAsImlzcyI6InVzZXItc2VydmljZXMifQ.uD16zbZTYeLDq-NO5m0Pv2obfg504gj1lCNwl9uqvpw',\n      'sec-ch-ua-platform',\n      '\"Windows\"',\n      'content-length',\n      '23',\n      'connection',\n      'close',\n      'host',\n      'localhost:3004',\n      'X-User-Id',\n      '6a702e0544c46c7bb0039816',\n      'X-User-Email',\n      'ankits1027@gmail.com',\n      'X-User-Role',\n      'customer'\n    ],\n    rawTrailers: [],\n    joinDuplicateHeaders: null,\n    aborted: false,\n    upgrade: false,\n    url: '/6a92b5b920ce726ea71c9a0b/cancel',\n    method: 'POST',\n    statusCode: null,\n    statusMessage: null,\n    client: Socket {\n      connecting: false,\n      _hadError: false,\n      _parent: null,\n      _host: null,\n      _closeAfterHandlingError: false,\n      _events: [Object],\n      _readableState: [ReadableState],\n      _writableState: [WritableState],\n      allowHalfOpen: true,\n      _maxListeners: undefined,\n      _eventsCount: 8,\n      _sockname: null,\n      _pendingData: null,\n      _pendingEncoding: '',\n      server: [Server],\n      _server: [Server],\n      parser: [HTTPParser],\n      on: [Function: socketListenerWrap],\n      addListener: [Function: socketListenerWrap],\n      prependListener: [Function: socketListenerWrap],\n      setEncoding: [Function: socketSetEncoding],\n      _paused: false,\n      _httpMessage: [Circular *1],\n      _peername: [Object],\n      [Symbol(async_id_symbol)]: 1308,\n      [Symbol(kHandle)]: [TCP],\n      [Symbol(lastWriteQueueSize)]: 0,\n      [Symbol(timeout)]: null,\n      [Symbol(kBuffer)]: null,\n      [Symbol(kBufferCb)]: null,\n      [Symbol(kBufferGen)]: null,\n      [Symbol(shapeMode)]: true,\n      [Symbol(kCapture)]: false,\n      [Symbol(kSetNoDelay)]: true,\n      [Symbol(kSetKeepAlive)]: false,\n      [Symbol(kSetKeepAliveInitialDelay)]: 0,\n      [Symbol(kBytesRead)]: 0,\n      [Symbol(kBytesWritten)]: 0\n    },\n    _consuming: true,\n    _dumped: false,\n    res: [Circular *1],\n    next: [Function: next],\n    baseUrl: '/api/orders',\n    originalUrl: '/api/orders/6a92b5b920ce726ea71c9a0b/cancel',\n    _parsedUrl: Url {\n      protocol: null,\n      slashes: null,\n      auth: null,\n      host: null,\n      port: null,\n      hostname: null,\n      hash: null,\n      search: null,\n      query: null,\n      pathname: '/6a92b5b920ce726ea71c9a0b/cancel',\n      path: '/6a92b5b920ce726ea71c9a0b/cancel',\n      href: '/6a92b5b920ce726ea71c9a0b/cancel',\n      _raw: '/6a92b5b920ce726ea71c9a0b/cancel'\n    },\n    params: [Object: null prototype] { orderId: '6a92b5b920ce726ea71c9a0b' },\n    body: { reason: 'Size issue' },\n    length: undefined,\n    _eventsCount: 0,\n    rateLimit: {\n      limit: 500,\n      used: 4,\n      remaining: 496,\n      resetTime: 2026-09-26T10:13:00.893Z,\n      key: '::/56'\n    },\n    user: {\n      userId: '6a702e0544c46c7bb0039816',\n      email: 'ankits1027@gmail.com',\n      role: 'customer'\n    },\n    route: Route {\n      path: '/:orderId/cancel',\n      stack: [Array],\n      methods: [Object: null prototype]\n    },\n    [Symbol(shapeMode)]: true,\n    [Symbol(kCapture)]: false,\n    [Symbol(kHeaders)]: {\n      cookie: '__next_hmr_refresh_hash__=128',\n      'accept-language': 'en-US,en;q=0.9',\n      'accept-encoding': 'gzip, deflate, br, zstd',\n      referer: 'http://localhost:3006/',\n      'sec-fetch-dest': 'empty',\n      'sec-fetch-mode': 'cors',\n      'sec-fetch-site': 'same-site',\n      origin: 'http://localhost:3006',\n      'content-type': 'application/json',\n      dnt: '1',\n      accept: 'application/json, text/plain, */*',\n      'user-agent': 'Mozilla/5.0 (Windows NT 10.0; Win64; x64) AppleWebKit/537.36 (KHTML, like Gecko) Chrome/153.0.0.0 Safari/537.36',\n      'sec-ch-ua-mobile': '?0',\n      'sec-ch-ua': '\"Google Chrome\";v=\"153\", \"Not_A Brand\";v=\"8\", \"Chromium\";v=\"153\"',\n      authorization: 'Bearer eyJhbGciOiJIUzI1NiIsInR5cCI6IkpXVCJ9.eyJ1c2VySWQiOiI2YTcwMmUwNTQ0YzQ2YzdiYjAwMzk4MTYiLCJ0eXBlIjoiYWNjZXNzIiwiaWF0IjoxNzkwNDE2NjgwLCJleHAiOjE3OTEwMjE0ODAsImlzcyI6InVzZXItc2VydmljZXMifQ.uD16zbZTYeLDq-NO5m0Pv2obfg504gj1lCNwl9uqvpw',\n      'sec-ch-ua-platform': '\"Windows\"',\n      'content-length': '23',\n      connection: 'close',\n      host: 'localhost:3004',\n      'x-user-id': '6a702e0544c46c7bb0039816',\n      'x-user-email': 'ankits1027@gmail.com',\n      'x-user-role': 'customer'\n    },\n    [Symbol(kHeadersCount)]: 44,\n    [Symbol(kTrailers)]: null,\n    [Symbol(kTrailersCount)]: 0\n  },\n  _sent100: false,\n  _expect_continue: false,\n  _maxRequestsPerSocket: 0,\n  locals: [Object: null prototype] {},\n  flush: [Function: flush],\n  write: [Function: write],\n  end: [Function: end],\n  on: [Function: on],\n  writeHead: [Function: writeHead],\n  [Symbol(shapeMode)]: false,\n  [Symbol(kCapture)]: false,\n  [Symbol(kBytesWritten)]: 0,\n  [Symbol(kNeedDrain)]: false,\n  [Symbol(corked)]: 0,\n  [Symbol(kChunkedBuffer)]: [],\n  [Symbol(kChunkedLength)]: 0,\n  [Symbol(kSocket)]: <ref *2> Socket {\n    connecting: false,\n    _hadError: false,\n    _parent: null,\n    _host: null,\n    _closeAfterHandlingError: false,\n    _events: {\n      close: [Array],\n      error: [Function: socketOnError],\n      prefinish: undefined,\n      finish: undefined,\n      drain: [Function: bound socketOnDrain],\n      data: [Function: bound socketOnData],\n      end: [Array],\n      readable: undefined,\n      timeout: [Function: socketOnTimeout],\n      resume: [Function: onSocketResume],\n      pause: [Function: onSocketPause]\n    },\n    _readableState: ReadableState {\n      highWaterMark: 16384,\n      buffer: [],\n      bufferIndex: 0,\n      length: 0,\n      pipes: [],\n      awaitDrainWriters: null,\n      [Symbol(kState)]: 193997060\n    },\n    _writableState: WritableState {\n      highWaterMark: 16384,\n      length: 0,\n      corked: 0,\n      onwrite: [Function: bound onwrite],\n      writelen: 0,\n      bufferedIndex: 0,\n      pendingcb: 0,\n      [Symbol(kState)]: 17564420,\n      [Symbol(kBufferedValue)]: null\n    },\n    allowHalfOpen: true,\n    _maxListeners: undefined,\n    _eventsCount: 8,\n    _sockname: null,\n    _pendingData: null,\n    _pendingEncoding: '',\n    server: Server {\n      maxHeaderSize: undefined,\n      insecureHTTPParser: undefined,\n      requestTimeout: 300000,\n      headersTimeout: 60000,\n      keepAliveTimeout: 5000,\n      connectionsCheckingInterval: 30000,\n      requireHostHeader: true,\n      joinDuplicateHeaders: undefined,\n      rejectNonStandardBodyWrites: false,\n      _events: [Object: null prototype],\n      _eventsCount: 4,\n      _maxListeners: undefined,\n      _connections: 1,\n      _handle: [TCP],\n      _usingWorkers: false,\n      _workers: [],\n      _unref: false,\n      _listeningId: 2,\n      allowHalfOpen: true,\n      pauseOnConnect: false,\n      noDelay: true,\n      keepAlive: false,\n      keepAliveInitialDelay: 0,\n      highWaterMark: 16384,\n      httpAllowHalfOpen: false,\n      timeout: 0,\n      maxHeadersCount: null,\n      maxRequestsPerSocket: 0,\n      _connectionKey: '6::::3004',\n      [Symbol(IncomingMessage)]: [Function: IncomingMessage],\n      [Symbol(ServerResponse)]: [Function: ServerResponse],\n      [Symbol(shapeMode)]: false,\n      [Symbol(kCapture)]: false,\n      [Symbol(async_id_symbol)]: 435,\n      [Symbol(kUniqueHeaders)]: null,\n      [Symbol(http.server.connections)]: ConnectionsList {},\n      [Symbol(http.server.connectionsCheckingInterval)]: Timeout {\n        _idleTimeout: 30000,\n        _idlePrev: [TimersList],\n        _idleNext: [TimersList],\n        _idleStart: 6350,\n        _onTimeout: [Function: bound checkConnections],\n        _timerArgs: undefined,\n        _repeat: 30000,\n        _destroyed: false,\n        [Symbol(refed)]: false,\n        [Symbol(kHasPrimitive)]: false,\n        [Symbol(asyncId)]: 441,\n        [Symbol(triggerId)]: 436,\n        [Symbol(kAsyncContextFrame)]: undefined\n      }\n    },\n    _server: Server {\n      maxHeaderSize: undefined,\n      insecureHTTPParser: undefined,\n      requestTimeout: 300000,\n      headersTimeout: 60000,\n      keepAliveTimeout: 5000,\n      connectionsCheckingInterval: 30000,\n      requireHostHeader: true,\n      joinDuplicateHeaders: undefined,\n      rejectNonStandardBodyWrites: false,\n      _events: [Object: null prototype],\n      _eventsCount: 4,\n      _maxListeners: undefined,\n      _connections: 1,\n      _handle: [TCP],\n      _usingWorkers: false,\n      _workers: [],\n      _unref: false,\n      _listeningId: 2,\n      allowHalfOpen: true,\n      pauseOnConnect: false,\n      noDelay: true,\n      keepAlive: false,\n      keepAliveInitialDelay: 0,\n      highWaterMark: 16384,\n      httpAllowHalfOpen: false,\n      timeout: 0,\n      maxHeadersCount: null,\n      maxRequestsPerSocket: 0,\n      _connectionKey: '6::::3004',\n      [Symbol(IncomingMessage)]: [Function: IncomingMessage],\n      [Symbol(ServerResponse)]: [Function: ServerResponse],\n      [Symbol(shapeMode)]: false,\n      [Symbol(kCapture)]: false,\n      [Symbol(async_id_symbol)]: 435,\n      [Symbol(kUniqueHeaders)]: null,\n      [Symbol(http.server.connections)]: ConnectionsList {},\n      [Symbol(http.server.connectionsCheckingInterval)]: Timeout {\n        _idleTimeout: 30000,\n        _idlePrev: [TimersList],\n        _idleNext: [TimersList],\n        _idleStart: 6350,\n        _onTimeout: [Function: bound checkConnections],\n        _timerArgs: undefined,\n        _repeat: 30000,\n        _destroyed: false,\n        [Symbol(refed)]: false,\n        [Symbol(kHasPrimitive)]: false,\n        [Symbol(asyncId)]: 441,\n        [Symbol(triggerId)]: 436,\n        [Symbol(kAsyncContextFrame)]: undefined\n      }\n    },\n    parser: HTTPParser {\n      '0': null,\n      '1': [Function: parserOnHeaders],\n      '2': [Function: parserOnHeadersComplete],\n      '3': [Function: parserOnBody],\n      '4': [Function: parserOnMessageComplete],\n      '5': [Function: bound onParserExecute],\n      '6': [Function: bound onParserTimeout],\n      _headers: [],\n      _url: '',\n      socket: [Circular *2],\n      incoming: [IncomingMessage],\n      outgoing: null,\n      maxHeaderPairs: 2000,\n      _consumed: true,\n      onIncoming: [Function: bound parserOnIncoming],\n      joinDuplicateHeaders: null,\n      [Symbol(resource_symbol)]: [HTTPServerAsyncResource]\n    },\n    on: [Function: socketListenerWrap],\n    addListener: [Function: socketListenerWrap],\n    prependListener: [Function: socketListenerWrap],\n    setEncoding: [Function: socketSetEncoding],\n    _paused: false,\n    _httpMessage: [Circular *1],\n    _peername: { address: '::1', family: 'IPv6', port: 56510 },\n    [Symbol(async_id_symbol)]: 1308,\n    [Symbol(kHandle)]: TCP {\n      reading: true,\n      onconnection: null,\n      _consumed: true,\n      [Symbol(owner_symbol)]: [Circular *2]\n    },\n    [Symbol(lastWriteQueueSize)]: 0,\n    [Symbol(timeout)]: null,\n    [Symbol(kBuffer)]: null,\n    [Symbol(kBufferCb)]: null,\n    [Symbol(kBufferGen)]: null,\n    [Symbol(shapeMode)]: true,\n    [Symbol(kCapture)]: false,\n    [Symbol(kSetNoDelay)]: true,\n    [Symbol(kSetKeepAlive)]: false,\n    [Symbol(kSetKeepAliveInitialDelay)]: 0,\n    [Symbol(kBytesRead)]: 0,\n    [Symbol(kBytesWritten)]: 0\n  },\n  [Symbol(kOutHeaders)]: [Object: null prototype] {\n    'content-security-policy': [\n      'Content-Security-Policy',\n      \"default-src 'self';base-uri 'self';font-src 'self' https: data:;form-action 'self';frame-ancestors 'self';img-src 'self' data:;object-src 'none';script-src 'self';script-src-attr 'none';style-src 'self' https: 'unsafe-inline';upgrade-insecure-requests\"\n    ],\n    'cross-origin-opener-policy': [ 'Cross-Origin-Opener-Policy', 'same-origin' ],\n    'cross-origin-resource-policy': [ 'Cross-Origin-Resource-Policy', 'same-origin' ],\n    'origin-agent-cluster': [ 'Origin-Agent-Cluster', '?1' ],\n    'referrer-policy': [ 'Referrer-Policy', 'no-referrer' ],\n    'strict-transport-security': [\n      'Strict-Transport-Security',\n      'max-age=31536000; includeSubDomains'\n    ],\n    'x-content-type-options': [ 'X-Content-Type-Options', 'nosniff' ],\n    'x-dns-prefetch-control': [ 'X-DNS-Prefetch-Control', 'off' ],\n    'x-download-options': [ 'X-Download-Options', 'noopen' ],\n    'x-frame-options': [ 'X-Frame-Options', 'SAMEORIGIN' ],\n    'x-permitted-cross-domain-policies': [ 'X-Permitted-Cross-Domain-Policies', 'none' ],\n    'x-xss-protection': [ 'X-XSS-Protection', '0' ],\n    'access-control-allow-origin': [ 'Access-Control-Allow-Origin', 'http://localhost:3006' ],\n    vary: [ 'Vary', 'Origin' ],\n    'access-control-allow-credentials': [ 'Access-Control-Allow-Credentials', 'true' ],\n    'ratelimit-policy': [ 'RateLimit-Policy', '500;w=900' ],\n    'ratelimit-limit': [ 'RateLimit-Limit', '500' ],\n    'ratelimit-remaining': [ 'RateLimit-Remaining', '496' ],\n    'ratelimit-reset': [ 'RateLimit-Reset', '878' ]\n  },\n  [Symbol(errored)]: null,\n  [Symbol(kHighWaterMark)]: 16384,\n  [Symbol(kRejectNonStandardBodyWrites)]: false,\n  [Symbol(kUniqueHeaders)]: null\n}\" (type ServerResponse) at path \"userId\" for model \"Order\"","level":"error","message":"Order Service Error:","method":"POST","service":"order-service","stack":"CastError: Cast to ObjectId failed for value \"<ref *1> ServerResponse {\n  _events: [Object: null prototype] { finish: [Function: bound resOnFinish] },\n  _eventsCount: 1,\n  _maxListeners: undefined,\n  outputData: [],\n  outputSize: 0,\n  writable: true,\n  destroyed: false,\n  _last: false,\n  chunkedEncoding: false,\n  shouldKeepAlive: false,\n  maxRequestsOnConnectionReached: false,\n  _defaultKeepAlive: true,\n  useChunkedEncodingByDefault: true,\n  sendDate: true,\n  _removedConnection: false,\n  _removedContLen: false,\n  _removedTE: false,\n  strictContentLength: false,\n  _contentLength: null,\n  _hasBody: true,\n  _trailer: '',\n  finished: false,\n  _headerSent: false,\n  _closed: false,\n  _header: null,\n  _keepAliveTimeout: 5000,\n  _onPendingData: [Function: bound updateOutgoingData],\n  req: IncomingMessage {\n    _events: {\n      close: undefined,\n      error: undefined,\n      data: undefined,\n      end: undefined,\n      readable: undefined,\n      aborted: undefined\n    },\n    _readableState: ReadableState {\n      highWaterMark: 16384,\n      buffer: [],\n      bufferIndex: 0,\n      length: 0,\n      pipes: [],\n      awaitDrainWriters: null,\n      [Symbol(kState)]: 60295036\n    },\n    _maxListeners: undefined,\n    socket: Socket {\n      connecting: false,\n      _hadError: false,\n      _parent: null,\n      _host: null,\n      _closeAfterHandlingError: false,\n      _events: [Object],\n      _readableState: [ReadableState],\n      _writableState: [WritableState],\n      allowHalfOpen: true,\n      _maxListeners: undefined,\n      _eventsCount: 8,\n      _sockname: null,\n      _pendingData: null,\n      _pendingEncoding: '',\n      server: [Server],\n      _server: [Server],\n      parser: [HTTPParser],\n      on: [Function: socketListenerWrap],\n      addListener: [Function: socketListenerWrap],\n      prependListener: [Function: socketListenerWrap],\n      setEncoding: [Function: socketSetEncoding],\n      _paused: false,\n      _httpMessage: [Circular *1],\n      _peername: [Object],\n      [Symbol(async_id_symbol)]: 1308,\n      [Symbol(kHandle)]: [TCP],\n      [Symbol(lastWriteQueueSize)]: 0,\n      [Symbol(timeout)]: null,\n      [Symbol(kBuffer)]: null,\n      [Symbol(kBufferCb)]: null,\n      [Symbol(kBufferGen)]: null,\n      [Symbol(shapeMode)]: true,\n      [Symbol(kCapture)]: false,\n      [Symbol(kSetNoDelay)]: true,\n      [Symbol(kSetKeepAlive)]: false,\n      [Symbol(kSetKeepAliveInitialDelay)]: 0,\n      [Symbol(kBytesRead)]: 0,\n      [Symbol(kBytesWritten)]: 0\n    },\n    httpVersionMajor: 1,\n    httpVersionMinor: 1,\n    httpVersion: '1.1',\n    complete: true,\n    rawHeaders: [\n      'cookie',\n      '__next_hmr_refresh_hash__=128',\n      'accept-language',\n      'en-US,en;q=0.9',\n      'accept-encoding',\n      'gzip, deflate, br, zstd',\n      'referer',\n      'http://localhost:3006/',\n      'sec-fetch-dest',\n      'empty',\n      'sec-fetch-mode',\n      'cors',\n      'sec-fetch-site',\n      'same-site',\n      'origin',\n      'http://localhost:3006',\n      'content-type',\n      'application/json',\n      'dnt',\n      '1',\n      'accept',\n      'application/json, text/plain, */*',\n      'user-agent',\n      'Mozilla/5.0 (Windows NT 10.0; Win64; x64) AppleWebKit/537.36 (KHTML, like Gecko) Chrome/153.0.0.0 Safari/537.36',\n      'sec-ch-ua-mobile',\n      '?0',\n      'sec-ch-ua',\n      '\"Google Chrome\";v=\"153\", \"Not_A Brand\";v=\"8\", \"Chromium\";v=\"153\"',\n      'authorization',\n      'Bearer eyJhbGciOiJIUzI1NiIsInR5cCI6IkpXVCJ9.eyJ1c2VySWQiOiI2YTcwMmUwNTQ0YzQ2YzdiYjAwMzk4MTYiLCJ0eXBlIjoiYWNjZXNzIiwiaWF0IjoxNzkwNDE2NjgwLCJleHAiOjE3OTEwMjE0ODAsImlzcyI6InVzZXItc2VydmljZXMifQ.uD16zbZTYeLDq-NO5m0Pv2obfg504gj1lCNwl9uqvpw',\n      'sec-ch-ua-platform',\n      '\"Windows\"',\n      'content-length',\n      '23',\n      'connection',\n      'close',\n      'host',\n      'localhost:3004',\n      'X-User-Id',\n      '6a702e0544c46c7bb0039816',\n      'X-User-Email',\n      'ankits1027@gmail.com',\n      'X-User-Role',\n      'customer'\n    ],\n    rawTrailers: [],\n    joinDuplicateHeaders: null,\n    aborted: false,\n    upgrade: false,\n    url: '/6a92b5b920ce726ea71c9a0b/cancel',\n    method: 'POST',\n    statusCode: null,\n    statusMessage: null,\n    client: Socket {\n      connecting: false,\n      _hadError: false,\n      _parent: null,\n      _host: null,\n      _closeAfterHandlingError: false,\n      _events: [Object],\n      _readableState: [ReadableState],\n      _writableState: [WritableState],\n      allowHalfOpen: true,\n      _maxListeners: undefined,\n      _eventsCount: 8,\n      _sockname: null,\n      _pendingData: null,\n      _pendingEncoding: '',\n      server: [Server],\n      _server: [Server],\n      parser: [HTTPParser],\n      on: [Function: socketListenerWrap],\n      addListener: [Function: socketListenerWrap],\n      prependListener: [Function: socketListenerWrap],\n      setEncoding: [Function: socketSetEncoding],\n      _paused: false,\n      _httpMessage: [Circular *1],\n      _peername: [Object],\n      [Symbol(async_id_symbol)]: 1308,\n      [Symbol(kHandle)]: [TCP],\n      [Symbol(lastWriteQueueSize)]: 0,\n      [Symbol(timeout)]: null,\n      [Symbol(kBuffer)]: null,\n      [Symbol(kBufferCb)]: null,\n      [Symbol(kBufferGen)]: null,\n      [Symbol(shapeMode)]: true,\n      [Symbol(kCapture)]: false,\n      [Symbol(kSetNoDelay)]: true,\n      [Symbol(kSetKeepAlive)]: false,\n      [Symbol(kSetKeepAliveInitialDelay)]: 0,\n      [Symbol(kBytesRead)]: 0,\n      [Symbol(kBytesWritten)]: 0\n    },\n    _consuming: true,\n    _dumped: false,\n    res: [Circular *1],\n    next: [Function: next],\n    baseUrl: '/api/orders',\n    originalUrl: '/api/orders/6a92b5b920ce726ea71c9a0b/cancel',\n    _parsedUrl: Url {\n      protocol: null,\n      slashes: null,\n      auth: null,\n      host: null,\n      port: null,\n      hostname: null,\n      hash: null,\n      search: null,\n      query: null,\n      pathname: '/6a92b5b920ce726ea71c9a0b/cancel',\n      path: '/6a92b5b920ce726ea71c9a0b/cancel',\n      href: '/6a92b5b920ce726ea71c9a0b/cancel',\n      _raw: '/6a92b5b920ce726ea71c9a0b/cancel'\n    },\n    params: [Object: null prototype] { orderId: '6a92b5b920ce726ea71c9a0b' },\n    body: { reason: 'Size issue' },\n    length: undefined,\n    _eventsCount: 0,\n    rateLimit: {\n      limit: 500,\n      used: 4,\n      remaining: 496,\n      resetTime: 2026-09-26T10:13:00.893Z,\n      key: '::/56'\n    },\n    user: {\n      userId: '6a702e0544c46c7bb0039816',\n      email: 'ankits1027@gmail.com',\n      role: 'customer'\n    },\n    route: Route {\n      path: '/:orderId/cancel',\n      stack: [Array],\n      methods: [Object: null prototype]\n    },\n    [Symbol(shapeMode)]: true,\n    [Symbol(kCapture)]: false,\n    [Symbol(kHeaders)]: {\n      cookie: '__next_hmr_refresh_hash__=128',\n      'accept-language': 'en-US,en;q=0.9',\n      'accept-encoding': 'gzip, deflate, br, zstd',\n      referer: 'http://localhost:3006/',\n      'sec-fetch-dest': 'empty',\n      'sec-fetch-mode': 'cors',\n      'sec-fetch-site': 'same-site',\n      origin: 'http://localhost:3006',\n      'content-type': 'application/json',\n      dnt: '1',\n      accept: 'application/json, text/plain, */*',\n      'user-agent': 'Mozilla/5.0 (Windows NT 10.0; Win64; x64) AppleWebKit/537.36 (KHTML, like Gecko) Chrome/153.0.0.0 Safari/537.36',\n      'sec-ch-ua-mobile': '?0',\n      'sec-ch-ua': '\"Google Chrome\";v=\"153\", \"Not_A Brand\";v=\"8\", \"Chromium\";v=\"153\"',\n      authorization: 'Bearer eyJhbGciOiJIUzI1NiIsInR5cCI6IkpXVCJ9.eyJ1c2VySWQiOiI2YTcwMmUwNTQ0YzQ2YzdiYjAwMzk4MTYiLCJ0eXBlIjoiYWNjZXNzIiwiaWF0IjoxNzkwNDE2NjgwLCJleHAiOjE3OTEwMjE0ODAsImlzcyI6InVzZXItc2VydmljZXMifQ.uD16zbZTYeLDq-NO5m0Pv2obfg504gj1lCNwl9uqvpw',\n      'sec-ch-ua-platform': '\"Windows\"',\n      'content-length': '23',\n      connection: 'close',\n      host: 'localhost:3004',\n      'x-user-id': '6a702e0544c46c7bb0039816',\n      'x-user-email': 'ankits1027@gmail.com',\n      'x-user-role': 'customer'\n    },\n    [Symbol(kHeadersCount)]: 44,\n    [Symbol(kTrailers)]: null,\n    [Symbol(kTrailersCount)]: 0\n  },\n  _sent100: false,\n  _expect_continue: false,\n  _maxRequestsPerSocket: 0,\n  locals: [Object: null prototype] {},\n  flush: [Function: flush],\n  write: [Function: write],\n  end: [Function: end],\n  on: [Function: on],\n  writeHead: [Function: writeHead],\n  [Symbol(shapeMode)]: false,\n  [Symbol(kCapture)]: false,\n  [Symbol(kBytesWritten)]: 0,\n  [Symbol(kNeedDrain)]: false,\n  [Symbol(corked)]: 0,\n  [Symbol(kChunkedBuffer)]: [],\n  [Symbol(kChunkedLength)]: 0,\n  [Symbol(kSocket)]: <ref *2> Socket {\n    connecting: false,\n    _hadError: false,\n    _parent: null,\n    _host: null,\n    _closeAfterHandlingError: false,\n    _events: {\n      close: [Array],\n      error: [Function: socketOnError],\n      prefinish: undefined,\n      finish: undefined,\n      drain: [Function: bound socketOnDrain],\n      data: [Function: bound socketOnData],\n      end: [Array],\n      readable: undefined,\n      timeout: [Function: socketOnTimeout],\n      resume: [Function: onSocketResume],\n      pause: [Function: onSocketPause]\n    },\n    _readableState: ReadableState {\n      highWaterMark: 16384,\n      buffer: [],\n      bufferIndex: 0,\n      length: 0,\n      pipes: [],\n      awaitDrainWriters: null,\n      [Symbol(kState)]: 193997060\n    },\n    _writableState: WritableState {\n      highWaterMark: 16384,\n      length: 0,\n      corked: 0,\n      onwrite: [Function: bound onwrite],\n      writelen: 0,\n      bufferedIndex: 0,\n      pendingcb: 0,\n      [Symbol(kState)]: 17564420,\n      [Symbol(kBufferedValue)]: null\n    },\n    allowHalfOpen: true,\n    _maxListeners: undefined,\n    _eventsCount: 8,\n    _sockname: null,\n    _pendingData: null,\n    _pendingEncoding: '',\n    server: Server {\n      maxHeaderSize: undefined,\n      insecureHTTPParser: undefined,\n      requestTimeout: 300000,\n      headersTimeout: 60000,\n      keepAliveTimeout: 5000,\n      connectionsCheckingInterval: 30000,\n      requireHostHeader: true,\n      joinDuplicateHeaders: undefined,\n      rejectNonStandardBodyWrites: false,\n      _events: [Object: null prototype],\n      _eventsCount: 4,\n      _maxListeners: undefined,\n      _connections: 1,\n      _handle: [TCP],\n      _usingWorkers: false,\n      _workers: [],\n      _unref: false,\n      _listeningId: 2,\n      allowHalfOpen: true,\n      pauseOnConnect: false,\n      noDelay: true,\n      keepAlive: false,\n      keepAliveInitialDelay: 0,\n      highWaterMark: 16384,\n      httpAllowHalfOpen: false,\n      timeout: 0,\n      maxHeadersCount: null,\n      maxRequestsPerSocket: 0,\n      _connectionKey: '6::::3004',\n      [Symbol(IncomingMessage)]: [Function: IncomingMessage],\n      [Symbol(ServerResponse)]: [Function: ServerResponse],\n      [Symbol(shapeMode)]: false,\n      [Symbol(kCapture)]: false,\n      [Symbol(async_id_symbol)]: 435,\n      [Symbol(kUniqueHeaders)]: null,\n      [Symbol(http.server.connections)]: ConnectionsList {},\n      [Symbol(http.server.connectionsCheckingInterval)]: Timeout {\n        _idleTimeout: 30000,\n        _idlePrev: [TimersList],\n        _idleNext: [TimersList],\n        _idleStart: 6350,\n        _onTimeout: [Function: bound checkConnections],\n        _timerArgs: undefined,\n        _repeat: 30000,\n        _destroyed: false,\n        [Symbol(refed)]: false,\n        [Symbol(kHasPrimitive)]: false,\n        [Symbol(asyncId)]: 441,\n        [Symbol(triggerId)]: 436,\n        [Symbol(kAsyncContextFrame)]: undefined\n      }\n    },\n    _server: Server {\n      maxHeaderSize: undefined,\n      insecureHTTPParser: undefined,\n      requestTimeout: 300000,\n      headersTimeout: 60000,\n      keepAliveTimeout: 5000,\n      connectionsCheckingInterval: 30000,\n      requireHostHeader: true,\n      joinDuplicateHeaders: undefined,\n      rejectNonStandardBodyWrites: false,\n      _events: [Object: null prototype],\n      _eventsCount: 4,\n      _maxListeners: undefined,\n      _connections: 1,\n      _handle: [TCP],\n      _usingWorkers: false,\n      _workers: [],\n      _unref: false,\n      _listeningId: 2,\n      allowHalfOpen: true,\n      pauseOnConnect: false,\n      noDelay: true,\n      keepAlive: false,\n      keepAliveInitialDelay: 0,\n      highWaterMark: 16384,\n      httpAllowHalfOpen: false,\n      timeout: 0,\n      maxHeadersCount: null,\n      maxRequestsPerSocket: 0,\n      _connectionKey: '6::::3004',\n      [Symbol(IncomingMessage)]: [Function: IncomingMessage],\n      [Symbol(ServerResponse)]: [Function: ServerResponse],\n      [Symbol(shapeMode)]: false,\n      [Symbol(kCapture)]: false,\n      [Symbol(async_id_symbol)]: 435,\n      [Symbol(kUniqueHeaders)]: null,\n      [Symbol(http.server.connections)]: ConnectionsList {},\n      [Symbol(http.server.connectionsCheckingInterval)]: Timeout {\n        _idleTimeout: 30000,\n        _idlePrev: [TimersList],\n        _idleNext: [TimersList],\n        _idleStart: 6350,\n        _onTimeout: [Function: bound checkConnections],\n        _timerArgs: undefined,\n        _repeat: 30000,\n        _destroyed: false,\n        [Symbol(refed)]: false,\n        [Symbol(kHasPrimitive)]: false,\n        [Symbol(asyncId)]: 441,\n        [Symbol(triggerId)]: 436,\n        [Symbol(kAsyncContextFrame)]: undefined\n      }\n    },\n    parser: HTTPParser {\n      '0': null,\n      '1': [Function: parserOnHeaders],\n      '2': [Function: parserOnHeadersComplete],\n      '3': [Function: parserOnBody],\n      '4': [Function: parserOnMessageComplete],\n      '5': [Function: bound onParserExecute],\n      '6': [Function: bound onParserTimeout],\n      _headers: [],\n      _url: '',\n      socket: [Circular *2],\n      incoming: [IncomingMessage],\n      outgoing: null,\n      maxHeaderPairs: 2000,\n      _consumed: true,\n      onIncoming: [Function: bound parserOnIncoming],\n      joinDuplicateHeaders: null,\n      [Symbol(resource_symbol)]: [HTTPServerAsyncResource]\n    },\n    on: [Function: socketListenerWrap],\n    addListener: [Function: socketListenerWrap],\n    prependListener: [Function: socketListenerWrap],\n    setEncoding: [Function: socketSetEncoding],\n    _paused: false,\n    _httpMessage: [Circular *1],\n    _peername: { address: '::1', family: 'IPv6', port: 56510 },\n    [Symbol(async_id_symbol)]: 1308,\n    [Symbol(kHandle)]: TCP {\n      reading: true,\n      onconnection: null,\n      _consumed: true,\n      [Symbol(owner_symbol)]: [Circular *2]\n    },\n    [Symbol(lastWriteQueueSize)]: 0,\n    [Symbol(timeout)]: null,\n    [Symbol(kBuffer)]: null,\n    [Symbol(kBufferCb)]: null,\n    [Symbol(kBufferGen)]: null,\n    [Symbol(shapeMode)]: true,\n    [Symbol(kCapture)]: false,\n    [Symbol(kSetNoDelay)]: true,\n    [Symbol(kSetKeepAlive)]: false,\n    [Symbol(kSetKeepAliveInitialDelay)]: 0,\n    [Symbol(kBytesRead)]: 0,\n    [Symbol(kBytesWritten)]: 0\n  },\n  [Symbol(kOutHeaders)]: [Object: null prototype] {\n    'content-security-policy': [\n      'Content-Security-Policy',\n      \"default-src 'self';base-uri 'self';font-src 'self' https: data:;form-action 'self';frame-ancestors 'self';img-src 'self' data:;object-src 'none';script-src 'self';script-src-attr 'none';style-src 'self' https: 'unsafe-inline';upgrade-insecure-requests\"\n    ],\n    'cross-origin-opener-policy': [ 'Cross-Origin-Opener-Policy', 'same-origin' ],\n    'cross-origin-resource-policy': [ 'Cross-Origin-Resource-Policy', 'same-origin' ],\n    'origin-agent-cluster': [ 'Origin-Agent-Cluster', '?1' ],\n    'referrer-policy': [ 'Referrer-Policy', 'no-referrer' ],\n    'strict-transport-security': [\n      'Strict-Transport-Security',\n      'max-age=31536000; includeSubDomains'\n    ],\n    'x-content-type-options': [ 'X-Content-Type-Options', 'nosniff' ],\n    'x-dns-prefetch-control': [ 'X-DNS-Prefetch-Control', 'off' ],\n    'x-download-options': [ 'X-Download-Options', 'noopen' ],\n    'x-frame-options': [ 'X-Frame-Options', 'SAMEORIGIN' ],\n    'x-permitted-cross-domain-policies': [ 'X-Permitted-Cross-Domain-Policies', 'none' ],\n    'x-xss-protection': [ 'X-XSS-Protection', '0' ],\n    'access-control-allow-origin': [ 'Access-Control-Allow-Origin', 'http://localhost:3006' ],\n    vary: [ 'Vary', 'Origin' ],\n    'access-control-allow-credentials': [ 'Access-Control-Allow-Credentials', 'true' ],\n    'ratelimit-policy': [ 'RateLimit-Policy', '500;w=900' ],\n    'ratelimit-limit': [ 'RateLimit-Limit', '500' ],\n    'ratelimit-remaining': [ 'RateLimit-Remaining', '496' ],\n    'ratelimit-reset': [ 'RateLimit-Reset', '878' ]\n  },\n  [Symbol(errored)]: null,\n  [Symbol(kHighWaterMark)]: 16384,\n  [Symbol(kRejectNonStandardBodyWrites)]: false,\n  [Symbol(kUniqueHeaders)]: null\n}\" (type ServerResponse) at path \"userId\" for model \"Order\"\n    at SchemaObjectId.cast (D:\\ecommerce-microservices-platform\\services\\order-service\\node_modules\\mongoose\\lib\\schema\\objectId.js:253:11)\n    at SchemaType.applySetters (D:\\ecommerce-microservices-platform\\services\\order-service\\node_modules\\mongoose\\lib\\schemaType.js:1280:12)\n    at SchemaType.castForQuery (D:\\ecommerce-microservices-platform\\services\\order-service\\node_modules\\mongoose\\lib\\schemaType.js:1706:17)\n    at cast (D:\\ecommerce-microservices-platform\\services\\order-service\\node_modules\\mongoose\\lib\\cast.js:386:32)\n    at Query.cast (D:\\ecommerce-microservices-platform\\services\\order-service\\node_modules\\mongoose\\lib\\query.js:5040:12)\n    at Query._castConditions (D:\\ecommerce-microservices-platform\\services\\order-service\\node_modules\\mongoose\\lib\\query.js:2374:10)\n    at model.Query._findOne (D:\\ecommerce-microservices-platform\\services\\order-service\\node_modules\\mongoose\\lib\\query.js:2704:8)\n    at model.Query.exec (D:\\ecommerce-microservices-platform\\services\\order-service\\node_modules\\mongoose\\lib\\query.js:4652:80)\n    at process.processTicksAndRejections (node:internal/process/task_queues:105:5)\n    at async cancelOrder (D:\\ecommerce-microservices-platform\\services\\order-service\\src\\services\\orderService.js:268:21)","timestamp":"2026-09-26T09:58:23.350Z","url":"/api/orders/6a92b5b920ce726ea71c9a0b/cancel","user":{"email":"ankits1027@gmail.com","role":"customer","userId":"6a702e0544c46c7bb0039816"}}
{"kind":"ObjectId","level":"error","message":"Cancel order error: Cast to ObjectId failed for value \"<ref *1> ServerResponse {\n  _events: [Object: null prototype] { finish: [Function: bound resOnFinish] },\n  _eventsCount: 1,\n  _maxListeners: undefined,\n  outputData: [],\n  outputSize: 0,\n  writable: true,\n  destroyed: false,\n  _last: false,\n  chunkedEncoding: false,\n  shouldKeepAlive: false,\n  maxRequestsOnConnectionReached: false,\n  _defaultKeepAlive: true,\n  useChunkedEncodingByDefault: true,\n  sendDate: true,\n  _removedConnection: false,\n  _removedContLen: false,\n  _removedTE: false,\n  strictContentLength: false,\n  _contentLength: null,\n  _hasBody: true,\n  _trailer: '',\n  finished: false,\n  _headerSent: false,\n  _closed: false,\n  _header: null,\n  _keepAliveTimeout: 5000,\n  _onPendingData: [Function: bound updateOutgoingData],\n  req: IncomingMessage {\n    _events: {\n      close: undefined,\n      error: undefined,\n      data: undefined,\n      end: undefined,\n      readable: undefined,\n      aborted: undefined\n    },\n    _readableState: ReadableState {\n      highWaterMark: 16384,\n      buffer: [],\n      bufferIndex: 0,\n      length: 0,\n      pipes: [],\n      awaitDrainWriters: null,\n      [Symbol(kState)]: 60295036\n    },\n    _maxListeners: undefined,\n    socket: Socket {\n      connecting: false,\n      _hadError: false,\n      _parent: null,\n      _host: null,\n      _closeAfterHandlingError: false,\n      _events: [Object],\n      _readableState: [ReadableState],\n      _writableState: [WritableState],\n      allowHalfOpen: true,\n      _maxListeners: undefined,\n      _eventsCount: 8,\n      _sockname: null,\n      _pendingData: null,\n      _pendingEncoding: '',\n      server: [Server],\n      _server: [Server],\n      parser: [HTTPParser],\n      on: [Function: socketListenerWrap],\n      addListener: [Function: socketListenerWrap],\n      prependListener: [Function: socketListenerWrap],\n      setEncoding: [Function: socketSetEncoding],\n      _paused: false,\n      _httpMessage: [Circular *1],\n      _peername: [Object],\n      [Symbol(async_id_symbol)]: 6439,\n      [Symbol(kHandle)]: [TCP],\n      [Symbol(lastWriteQueueSize)]: 0,\n      [Symbol(timeout)]: null,\n      [Symbol(kBuffer)]: null,\n      [Symbol(kBufferCb)]: null,\n      [Symbol(kBufferGen)]: null,\n      [Symbol(shapeMode)]: true,\n      [Symbol(kCapture)]: false,\n      [Symbol(kSetNoDelay)]: true,\n      [Symbol(kSetKeepAlive)]: false,\n      [Symbol(kSetKeepAliveInitialDelay)]: 0,\n      [Symbol(kBytesRead)]: 0,\n      [Symbol(kBytesWritten)]: 0\n    },\n    httpVersionMajor: 1,\n    httpVersionMinor: 1,\n    httpVersion: '1.1',\n    complete: true,\n    rawHeaders: [\n      'cookie',\n      '__next_hmr_refresh_hash__=128',\n      'accept-language',\n      'en-US,en;q=0.9',\n      'accept-encoding',\n      'gzip, deflate, br, zstd',\n      'referer',\n      'http://localhost:3006/',\n      'sec-fetch-dest',\n      'empty',\n      'sec-fetch-mode',\n      'cors',\n      'sec-fetch-site',\n      'same-site',\n      'origin',\n      'http://localhost:3006',\n      'content-type',\n      'application/json',\n      'dnt',\n      '1',\n      'accept',\n      'application/json, text/plain, */*',\n      'user-agent',\n      'Mozilla/5.0 (Linux; Android 15; Pixel 9) AppleWebKit/537.36 (KHTML, like Gecko) Chrome/153.0.0.0 Mobile Safari/537.36',\n      'sec-ch-ua-mobile',\n      '?1',\n      'sec-ch-ua',\n      '\"Google Chrome\";v=\"153\", \"Not_A Brand\";v=\"8\", \"Chromium\";v=\"153\"',\n      'authorization',\n      'Bearer eyJhbGciOiJIUzI1NiIsInR5cCI6IkpXVCJ9.eyJ1c2VySWQiOiI2YTcwMmUwNTQ0YzQ2YzdiYjAwMzk4MTYiLCJ0eXBlIjoiYWNjZXNzIiwiaWF0IjoxNzkwNDE2ODUwLCJleHAiOjE3OTEwMjE2NTAsImlzcyI6InVzZXItc2VydmljZXMifQ.PHyrKIdMlneSLPE8ntuyHLuHnmJmHaQ0NMM1O-Nj1m4',\n      'sec-ch-ua-platform',\n      '\"Android\"',\n      'content-length',\n      '23',\n      'connection',\n      'close',\n      'host',\n      'localhost:3004',\n      'X-User-Id',\n      '6a702e0544c46c7bb0039816',\n      'X-User-Email',\n      'ankits1027@gmail.com',\n      'X-User-Role',\n      'customer'\n    ],\n    rawTrailers: [],\n    joinDuplicateHeaders: null,\n    aborted: false,\n    upgrade: false,\n    url: '/6a994be70c4a8ccc1337d82f/cancel',\n    method: 'POST',\n    statusCode: null,\n    statusMessage: null,\n    client: Socket {\n      connecting: false,\n      _hadError: false,\n      _parent: null,\n      _host: null,\n      _closeAfterHandlingError: false,\n      _events: [Object],\n      _readableState: [ReadableState],\n      _writableState: [WritableState],\n      allowHalfOpen: true,\n      _maxListeners: undefined,\n      _eventsCount: 8,\n      _sockname: null,\n      _pendingData: null,\n      _pendingEncoding: '',\n      server: [Server],\n      _server: [Server],\n      parser: [HTTPParser],\n      on: [Function: socketListenerWrap],\n      addListener: [Function: socketListenerWrap],\n      prependListener: [Function: socketListenerWrap],\n      setEncoding: [Function: socketSetEncoding],\n      _paused: false,\n      _httpMessage: [Circular *1],\n      _peername: [Object],\n      [Symbol(async_id_symbol)]: 6439,\n      [Symbol(kHandle)]: [TCP],\n      [Symbol(lastWriteQueueSize)]: 0,\n      [Symbol(timeout)]: null,\n      [Symbol(kBuffer)]: null,\n      [Symbol(kBufferCb)]: null,\n      [Symbol(kBufferGen)]: null,\n      [Symbol(shapeMode)]: true,\n      [Symbol(kCapture)]: false,\n      [Symbol(kSetNoDelay)]: true,\n      [Symbol(kSetKeepAlive)]: false,\n      [Symbol(kSetKeepAliveInitialDelay)]: 0,\n      [Symbol(kBytesRead)]: 0,\n      [Symbol(kBytesWritten)]: 0\n    },\n    _consuming: true,\n    _dumped: false,\n    res: [Circular *1],\n    next: [Function: next],\n    baseUrl: '/api/orders',\n    originalUrl: '/api/orders/6a994be70c4a8ccc1337d82f/cancel',\n    _parsedUrl: Url {\n      protocol: null,\n      slashes: null,\n      auth: null,\n      host: null,\n      port: null,\n      hostname: null,\n      hash: null,\n      search: null,\n      query: null,\n      pathname: '/6a994be70c4a8ccc1337d82f/cancel',\n      path: '/6a994be70c4a8ccc1337d82f/cancel',\n      href: '/6a994be70c4a8ccc1337d82f/cancel',\n      _raw: '/6a994be70c4a8ccc1337d82f/cancel'\n    },\n    params: [Object: null prototype] { orderId: '6a994be70c4a8ccc1337d82f' },\n    body: { reason: 'Size issue' },\n    length: undefined,\n    _eventsCount: 0,\n    rateLimit: {\n      limit: 500,\n      used: 12,\n      remaining: 488,\n      resetTime: 2026-09-26T10:13:00.893Z,\n      key: '::/56'\n    },\n    user: {\n      userId: '6a702e0544c46c7bb0039816',\n      email: 'ankits1027@gmail.com',\n      role: 'customer'\n    },\n    route: Route {\n      path: '/:orderId/cancel',\n      stack: [Array],\n      methods: [Object: null prototype]\n    },\n    [Symbol(shapeMode)]: true,\n    [Symbol(kCapture)]: false,\n    [Symbol(kHeaders)]: {\n      cookie: '__next_hmr_refresh_hash__=128',\n      'accept-language': 'en-US,en;q=0.9',\n      'accept-encoding': 'gzip, deflate, br, zstd',\n      referer: 'http://localhost:3006/',\n      'sec-fetch-dest': 'empty',\n      'sec-fetch-mode': 'cors',\n      'sec-fetch-site': 'same-site',\n      origin: 'http://localhost:3006',\n      'content-type': 'application/json',\n      dnt: '1',\n      accept: 'application/json, text/plain, */*',\n      'user-agent': 'Mozilla/5.0 (Linux; Android 15; Pixel 9) AppleWebKit/537.36 (KHTML, like Gecko) Chrome/153.0.0.0 Mobile Safari/537.36',\n      'sec-ch-ua-mobile': '?1',\n      'sec-ch-ua': '\"Google Chrome\";v=\"153\", \"Not_A Brand\";v=\"8\", \"Chromium\";v=\"153\"',\n      authorization: 'Bearer eyJhbGciOiJIUzI1NiIsInR5cCI6IkpXVCJ9.eyJ1c2VySWQiOiI2YTcwMmUwNTQ0YzQ2YzdiYjAwMzk4MTYiLCJ0eXBlIjoiYWNjZXNzIiwiaWF0IjoxNzkwNDE2ODUwLCJleHAiOjE3OTEwMjE2NTAsImlzcyI6InVzZXItc2VydmljZXMifQ.PHyrKIdMlneSLPE8ntuyHLuHnmJmHaQ0NMM1O-Nj1m4',\n      'sec-ch-ua-platform': '\"Android\"',\n      'content-length': '23',\n      connection: 'close',\n      host: 'localhost:3004',\n      'x-user-id': '6a702e0544c46c7bb0039816',\n      'x-user-email': 'ankits1027@gmail.com',\n      'x-user-role': 'customer'\n    },\n    [Symbol(kHeadersCount)]: 44,\n    [Symbol(kTrailers)]: null,\n    [Symbol(kTrailersCount)]: 0\n  },\n  _sent100: false,\n  _expect_continue: false,\n  _maxRequestsPerSocket: 0,\n  locals: [Object: null prototype] {},\n  flush: [Function: flush],\n  write: [Function: write],\n  end: [Function: end],\n  on: [Function: on],\n  writeHead: [Function: writeHead],\n  [Symbol(shapeMode)]: false,\n  [Symbol(kCapture)]: false,\n  [Symbol(kBytesWritten)]: 0,\n  [Symbol(kNeedDrain)]: false,\n  [Symbol(corked)]: 0,\n  [Symbol(kChunkedBuffer)]: [],\n  [Symbol(kChunkedLength)]: 0,\n  [Symbol(kSocket)]: <ref *2> Socket {\n    connecting: false,\n    _hadError: false,\n    _parent: null,\n    _host: null,\n    _closeAfterHandlingError: false,\n    _events: {\n      close: [Array],\n      error: [Function: socketOnError],\n      prefinish: undefined,\n      finish: undefined,\n      drain: [Function: bound socketOnDrain],\n      data: [Function: bound socketOnData],\n      end: [Array],\n      readable: undefined,\n      timeout: [Function: socketOnTimeout],\n      resume: [Function: onSocketResume],\n      pause: [Function: onSocketPause]\n    },\n    _readableState: ReadableState {\n      highWaterMark: 16384,\n      buffer: [],\n      bufferIndex: 0,\n      length: 0,\n      pipes: [],\n      awaitDrainWriters: null,\n      [Symbol(kState)]: 193997060\n    },\n    _writableState: WritableState {\n      highWaterMark: 16384,\n      length: 0,\n      corked: 0,\n      onwrite: [Function: bound onwrite],\n      writelen: 0,\n      bufferedIndex: 0,\n      pendingcb: 0,\n      [Symbol(kState)]: 17564420,\n      [Symbol(kBufferedValue)]: null\n    },\n    allowHalfOpen: true,\n    _maxListeners: undefined,\n    _eventsCount: 8,\n    _sockname: null,\n    _pendingData: null,\n    _pendingEncoding: '',\n    server: Server {\n      maxHeaderSize: undefined,\n      insecureHTTPParser: undefined,\n      requestTimeout: 300000,\n      headersTimeout: 60000,\n      keepAliveTimeout: 5000,\n      connectionsCheckingInterval: 30000,\n      requireHostHeader: true,\n      joinDuplicateHeaders: undefined,\n      rejectNonStandardBodyWrites: false,\n      _events: [Object: null prototype],\n      _eventsCount: 4,\n      _maxListeners: undefined,\n      _connections: 1,\n      _handle: [TCP],\n      _usingWorkers: false,\n      _workers: [],\n      _unref: false,\n      _listeningId: 2,\n      allowHalfOpen: true,\n      pauseOnConnect: false,\n      noDelay: true,\n      keepAlive: false,\n      keepAliveInitialDelay: 0,\n      highWaterMark: 16384,\n      httpAllowHalfOpen: false,\n      timeout: 0,\n      maxHeadersCount: null,\n      maxRequestsPerSocket: 0,\n      _connectionKey: '6::::3004',\n      [Symbol(IncomingMessage)]: [Function: IncomingMessage],\n      [Symbol(ServerResponse)]: [Function: ServerResponse],\n      [Symbol(shapeMode)]: false,\n      [Symbol(kCapture)]: false,\n      [Symbol(async_id_symbol)]: 435,\n      [Symbol(kUniqueHeaders)]: null,\n      [Symbol(http.server.connections)]: ConnectionsList {},\n      [Symbol(http.server.connectionsCheckingInterval)]: Timeout {\n        _idleTimeout: 30000,\n        _idlePrev: [TimersList],\n        _idleNext: [TimersList],\n        _idleStart: 186394,\n        _onTimeout: [Function: bound checkConnections],\n        _timerArgs: undefined,\n        _repeat: 30000,\n        _destroyed: false,\n        [Symbol(refed)]: false,\n        [Symbol(kHasPrimitive)]: false,\n        [Symbol(asyncId)]: 441,\n        [Symbol(triggerId)]: 436,\n        [Symbol(kAsyncContextFrame)]: undefined\n      }\n    },\n    _server: Server {\n      maxHeaderSize: undefined,\n      insecureHTTPParser: undefined,\n      requestTimeout: 300000,\n      headersTimeout: 60000,\n      keepAliveTimeout: 5000,\n      connectionsCheckingInterval: 30000,\n      requireHostHeader: true,\n      joinDuplicateHeaders: undefined,\n      rejectNonStandardBodyWrites: false,\n      _events: [Object: null prototype],\n      _eventsCount: 4,\n      _maxListeners: undefined,\n      _connections: 1,\n      _handle: [TCP],\n      _usingWorkers: false,\n      _workers: [],\n      _unref: false,\n      _listeningId: 2,\n      allowHalfOpen: true,\n      pauseOnConnect: false,\n      noDelay: true,\n      keepAlive: false,\n      keepAliveInitialDelay: 0,\n      highWaterMark: 16384,\n      httpAllowHalfOpen: false,\n      timeout: 0,\n      maxHeadersCount: null,\n      maxRequestsPerSocket: 0,\n      _connectionKey: '6::::3004',\n      [Symbol(IncomingMessage)]: [Function: IncomingMessage],\n      [Symbol(ServerResponse)]: [Function: ServerResponse],\n      [Symbol(shapeMode)]: false,\n      [Symbol(kCapture)]: false,\n      [Symbol(async_id_symbol)]: 435,\n      [Symbol(kUniqueHeaders)]: null,\n      [Symbol(http.server.connections)]: ConnectionsList {},\n      [Symbol(http.server.connectionsCheckingInterval)]: Timeout {\n        _idleTimeout: 30000,\n        _idlePrev: [TimersList],\n        _idleNext: [TimersList],\n        _idleStart: 186394,\n        _onTimeout: [Function: bound checkConnections],\n        _timerArgs: undefined,\n        _repeat: 30000,\n        _destroyed: false,\n        [Symbol(refed)]: false,\n        [Symbol(kHasPrimitive)]: false,\n        [Symbol(asyncId)]: 441,\n        [Symbol(triggerId)]: 436,\n        [Symbol(kAsyncContextFrame)]: undefined\n      }\n    },\n    parser: HTTPParser {\n      '0': null,\n      '1': [Function: parserOnHeaders],\n      '2': [Function: parserOnHeadersComplete],\n      '3': [Function: parserOnBody],\n      '4': [Function: parserOnMessageComplete],\n      '5': [Function: bound onParserExecute],\n      '6': [Function: bound onParserTimeout],\n      _headers: [],\n      _url: '',\n      socket: [Circular *2],\n      incoming: [IncomingMessage],\n      outgoing: null,\n      maxHeaderPairs: 2000,\n      _consumed: true,\n      onIncoming: [Function: bound parserOnIncoming],\n      joinDuplicateHeaders: null,\n      [Symbol(resource_symbol)]: [HTTPServerAsyncResource]\n    },\n    on: [Function: socketListenerWrap],\n    addListener: [Function: socketListenerWrap],\n    prependListener: [Function: socketListenerWrap],\n    setEncoding: [Function: socketSetEncoding],\n    _paused: false,\n    _httpMessage: [Circular *1],\n    _peername: { address: '::1', family: 'IPv6', port: 64653 },\n    [Symbol(async_id_symbol)]: 6439,\n    [Symbol(kHandle)]: TCP {\n      reading: true,\n      onconnection: null,\n      _consumed: true,\n      [Symbol(owner_symbol)]: [Circular *2]\n    },\n    [Symbol(lastWriteQueueSize)]: 0,\n    [Symbol(timeout)]: null,\n    [Symbol(kBuffer)]: null,\n    [Symbol(kBufferCb)]: null,\n    [Symbol(kBufferGen)]: null,\n    [Symbol(shapeMode)]: true,\n    [Symbol(kCapture)]: false,\n    [Symbol(kSetNoDelay)]: true,\n    [Symbol(kSetKeepAlive)]: false,\n    [Symbol(kSetKeepAliveInitialDelay)]: 0,\n    [Symbol(kBytesRead)]: 0,\n    [Symbol(kBytesWritten)]: 0\n  },\n  [Symbol(kOutHeaders)]: [Object: null prototype] {\n    'content-security-policy': [\n      'Content-Security-Policy',\n      \"default-src 'self';base-uri 'self';font-src 'self' https: data:;form-action 'self';frame-ancestors 'self';img-src 'self' data:;object-src 'none';script-src 'self';script-src-attr 'none';style-src 'self' https: 'unsafe-inline';upgrade-insecure-requests\"\n    ],\n    'cross-origin-opener-policy': [ 'Cross-Origin-Opener-Policy', 'same-origin' ],\n    'cross-origin-resource-policy': [ 'Cross-Origin-Resource-Policy', 'same-origin' ],\n    'origin-agent-cluster': [ 'Origin-Agent-Cluster', '?1' ],\n    'referrer-policy': [ 'Referrer-Policy', 'no-referrer' ],\n    'strict-transport-security': [\n      'Strict-Transport-Security',\n      'max-age=31536000; includeSubDomains'\n    ],\n    'x-content-type-options': [ 'X-Content-Type-Options', 'nosniff' ],\n    'x-dns-prefetch-control': [ 'X-DNS-Prefetch-Control', 'off' ],\n    'x-download-options': [ 'X-Download-Options', 'noopen' ],\n    'x-frame-options': [ 'X-Frame-Options', 'SAMEORIGIN' ],\n    'x-permitted-cross-domain-policies': [ 'X-Permitted-Cross-Domain-Policies', 'none' ],\n    'x-xss-protection': [ 'X-XSS-Protection', '0' ],\n    'access-control-allow-origin': [ 'Access-Control-Allow-Origin', 'http://localhost:3006' ],\n    vary: [ 'Vary', 'Origin' ],\n    'access-control-allow-credentials': [ 'Access-Control-Allow-Credentials', 'true' ],\n    'ratelimit-policy': [ 'RateLimit-Policy', '500;w=900' ],\n    'ratelimit-limit': [ 'RateLimit-Limit', '500' ],\n    'ratelimit-remaining': [ 'RateLimit-Remaining', '488' ],\n    'ratelimit-reset': [ 'RateLimit-Reset', '716' ]\n  },\n  [Symbol(errored)]: null,\n  [Symbol(kHighWaterMark)]: 16384,\n  [Symbol(kRejectNonStandardBodyWrites)]: false,\n  [Symbol(kUniqueHeaders)]: null\n}\" (type ServerResponse) at path \"userId\" for model \"Order\"","path":"userId","reason":{},"service":"order-service","stack":"CastError: Cast to ObjectId failed for value \"<ref *1> ServerResponse {\n  _events: [Object: null prototype] { finish: [Function: bound resOnFinish] },\n  _eventsCount: 1,\n  _maxListeners: undefined,\n  outputData: [],\n  outputSize: 0,\n  writable: true,\n  destroyed: false,\n  _last: false,\n  chunkedEncoding: false,\n  shouldKeepAlive: false,\n  maxRequestsOnConnectionReached: false,\n  _defaultKeepAlive: true,\n  useChunkedEncodingByDefault: true,\n  sendDate: true,\n  _removedConnection: false,\n  _removedContLen: false,\n  _removedTE: false,\n  strictContentLength: false,\n  _contentLength: null,\n  _hasBody: true,\n  _trailer: '',\n  finished: false,\n  _headerSent: false,\n  _closed: false,\n  _header: null,\n  _keepAliveTimeout: 5000,\n  _onPendingData: [Function: bound updateOutgoingData],\n  req: IncomingMessage {\n    _events: {\n      close: undefined,\n      error: undefined,\n      data: undefined,\n      end: undefined,\n      readable: undefined,\n      aborted: undefined\n    },\n    _readableState: ReadableState {\n      highWaterMark: 16384,\n      buffer: [],\n      bufferIndex: 0,\n      length: 0,\n      pipes: [],\n      awaitDrainWriters: null,\n      [Symbol(kState)]: 60295036\n    },\n    _maxListeners: undefined,\n    socket: Socket {\n      connecting: false,\n      _hadError: false,\n      _parent: null,\n      _host: null,\n      _closeAfterHandlingError: false,\n      _events: [Object],\n      _readableState: [ReadableState],\n      _writableState: [WritableState],\n      allowHalfOpen: true,\n      _maxListeners: undefined,\n      _eventsCount: 8,\n      _sockname: null,\n      _pendingData: null,\n      _pendingEncoding: '',\n      server: [Server],\n      _server: [Server],\n      parser: [HTTPParser],\n      on: [Function: socketListenerWrap],\n      addListener: [Function: socketListenerWrap],\n      prependListener: [Function: socketListenerWrap],\n      setEncoding: [Function: socketSetEncoding],\n      _paused: false,\n      _httpMessage: [Circular *1],\n      _peername: [Object],\n      [Symbol(async_id_symbol)]: 6439,\n      [Symbol(kHandle)]: [TCP],\n      [Symbol(lastWriteQueueSize)]: 0,\n      [Symbol(timeout)]: null,\n      [Symbol(kBuffer)]: null,\n      [Symbol(kBufferCb)]: null,\n      [Symbol(kBufferGen)]: null,\n      [Symbol(shapeMode)]: true,\n      [Symbol(kCapture)]: false,\n      [Symbol(kSetNoDelay)]: true,\n      [Symbol(kSetKeepAlive)]: false,\n      [Symbol(kSetKeepAliveInitialDelay)]: 0,\n      [Symbol(kBytesRead)]: 0,\n      [Symbol(kBytesWritten)]: 0\n    },\n    httpVersionMajor: 1,\n    httpVersionMinor: 1,\n    httpVersion: '1.1',\n    complete: true,\n    rawHeaders: [\n      'cookie',\n      '__next_hmr_refresh_hash__=128',\n      'accept-language',\n      'en-US,en;q=0.9',\n      'accept-encoding',\n      'gzip, deflate, br, zstd',\n      'referer',\n      'http://localhost:3006/',\n      'sec-fetch-dest',\n      'empty',\n      'sec-fetch-mode',\n      'cors',\n      'sec-fetch-site',\n      'same-site',\n      'origin',\n      'http://localhost:3006',\n      'content-type',\n      'application/json',\n      'dnt',\n      '1',\n      'accept',\n      'application/json, text/plain, */*',\n      'user-agent',\n      'Mozilla/5.0 (Linux; Android 15; Pixel 9) AppleWebKit/537.36 (KHTML, like Gecko) Chrome/153.0.0.0 Mobile Safari/537.36',\n      'sec-ch-ua-mobile',\n      '?1',\n      'sec-ch-ua',\n      '\"Google Chrome\";v=\"153\", \"Not_A Brand\";v=\"8\", \"Chromium\";v=\"153\"',\n      'authorization',\n      'Bearer eyJhbGciOiJIUzI1NiIsInR5cCI6IkpXVCJ9.eyJ1c2VySWQiOiI2YTcwMmUwNTQ0YzQ2YzdiYjAwMzk4MTYiLCJ0eXBlIjoiYWNjZXNzIiwiaWF0IjoxNzkwNDE2ODUwLCJleHAiOjE3OTEwMjE2NTAsImlzcyI6InVzZXItc2VydmljZXMifQ.PHyrKIdMlneSLPE8ntuyHLuHnmJmHaQ0NMM1O-Nj1m4',\n      'sec-ch-ua-platform',\n      '\"Android\"',\n      'content-length',\n      '23',\n      'connection',\n      'close',\n      'host',\n      'localhost:3004',\n      'X-User-Id',\n      '6a702e0544c46c7bb0039816',\n      'X-User-Email',\n      'ankits1027@gmail.com',\n      'X-User-Role',\n      'customer'\n    ],\n    rawTrailers: [],\n    joinDuplicateHeaders: null,\n    aborted: false,\n    upgrade: false,\n    url: '/6a994be70c4a8ccc1337d82f/cancel',\n    method: 'POST',\n    statusCode: null,\n    statusMessage: null,\n    client: Socket {\n      connecting: false,\n      _hadError: false,\n      _parent: null,\n      _host: null,\n      _closeAfterHandlingError: false,\n      _events: [Object],\n      _readableState: [ReadableState],\n      _writableState: [WritableState],\n      allowHalfOpen: true,\n      _maxListeners: undefined,\n      _eventsCount: 8,\n      _sockname: null,\n      _pendingData: null,\n      _pendingEncoding: '',\n      server: [Server],\n      _server: [Server],\n      parser: [HTTPParser],\n      on: [Function: socketListenerWrap],\n      addListener: [Function: socketListenerWrap],\n      prependListener: [Function: socketListenerWrap],\n      setEncoding: [Function: socketSetEncoding],\n      _paused: false,\n      _httpMessage: [Circular *1],\n      _peername: [Object],\n      [Symbol(async_id_symbol)]: 6439,\n      [Symbol(kHandle)]: [TCP],\n      [Symbol(lastWriteQueueSize)]: 0,\n      [Symbol(timeout)]: null,\n      [Symbol(kBuffer)]: null,\n      [Symbol(kBufferCb)]: null,\n      [Symbol(kBufferGen)]: null,\n      [Symbol(shapeMode)]: true,\n      [Symbol(kCapture)]: false,\n      [Symbol(kSetNoDelay)]: true,\n      [Symbol(kSetKeepAlive)]: false,\n      [Symbol(kSetKeepAliveInitialDelay)]: 0,\n      [Symbol(kBytesRead)]: 0,\n      [Symbol(kBytesWritten)]: 0\n    },\n    _consuming: true,\n    _dumped: false,\n    res: [Circular *1],\n    next: [Function: next],\n    baseUrl: '/api/orders',\n    originalUrl: '/api/orders/6a994be70c4a8ccc1337d82f/cancel',\n    _parsedUrl: Url {\n      protocol: null,\n      slashes: null,\n      auth: null,\n      host: null,\n      port: null,\n      hostname: null,\n      hash: null,\n      search: null,\n      query: null,\n      pathname: '/6a994be70c4a8ccc1337d82f/cancel',\n      path: '/6a994be70c4a8ccc1337d82f/cancel',\n      href: '/6a994be70c4a8ccc1337d82f/cancel',\n      _raw: '/6a994be70c4a8ccc1337d82f/cancel'\n    },\n    params: [Object: null prototype] { orderId: '6a994be70c4a8ccc1337d82f' },\n    body: { reason: 'Size issue' },\n    length: undefined,\n    _eventsCount: 0,\n    rateLimit: {\n      limit: 500,\n      used: 12,\n      remaining: 488,\n      resetTime: 2026-09-26T10:13:00.893Z,\n      key: '::/56'\n    },\n    user: {\n      userId: '6a702e0544c46c7bb0039816',\n      email: 'ankits1027@gmail.com',\n      role: 'customer'\n    },\n    route: Route {\n      path: '/:orderId/cancel',\n      stack: [Array],\n      methods: [Object: null prototype]\n    },\n    [Symbol(shapeMode)]: true,\n    [Symbol(kCapture)]: false,\n    [Symbol(kHeaders)]: {\n      cookie: '__next_hmr_refresh_hash__=128',\n      'accept-language': 'en-US,en;q=0.9',\n      'accept-encoding': 'gzip, deflate, br, zstd',\n      referer: 'http://localhost:3006/',\n      'sec-fetch-dest': 'empty',\n      'sec-fetch-mode': 'cors',\n      'sec-fetch-site': 'same-site',\n      origin: 'http://localhost:3006',\n      'content-type': 'application/json',\n      dnt: '1',\n      accept: 'application/json, text/plain, */*',\n      'user-agent': 'Mozilla/5.0 (Linux; Android 15; Pixel 9) AppleWebKit/537.36 (KHTML, like Gecko) Chrome/153.0.0.0 Mobile Safari/537.36',\n      'sec-ch-ua-mobile': '?1',\n      'sec-ch-ua': '\"Google Chrome\";v=\"153\", \"Not_A Brand\";v=\"8\", \"Chromium\";v=\"153\"',\n      authorization: 'Bearer eyJhbGciOiJIUzI1NiIsInR5cCI6IkpXVCJ9.eyJ1c2VySWQiOiI2YTcwMmUwNTQ0YzQ2YzdiYjAwMzk4MTYiLCJ0eXBlIjoiYWNjZXNzIiwiaWF0IjoxNzkwNDE2ODUwLCJleHAiOjE3OTEwMjE2NTAsImlzcyI6InVzZXItc2VydmljZXMifQ.PHyrKIdMlneSLPE8ntuyHLuHnmJmHaQ0NMM1O-Nj1m4',\n      'sec-ch-ua-platform': '\"Android\"',\n      'content-length': '23',\n      connection: 'close',\n      host: 'localhost:3004',\n      'x-user-id': '6a702e0544c46c7bb0039816',\n      'x-user-email': 'ankits1027@gmail.com',\n      'x-user-role': 'customer'\n    },\n    [Symbol(kHeadersCount)]: 44,\n    [Symbol(kTrailers)]: null,\n    [Symbol(kTrailersCount)]: 0\n  },\n  _sent100: false,\n  _expect_continue: false,\n  _maxRequestsPerSocket: 0,\n  locals: [Object: null prototype] {},\n  flush: [Function: flush],\n  write: [Function: write],\n  end: [Function: end],\n  on: [Function: on],\n  writeHead: [Function: writeHead],\n  [Symbol(shapeMode)]: false,\n  [Symbol(kCapture)]: false,\n  [Symbol(kBytesWritten)]: 0,\n  [Symbol(kNeedDrain)]: false,\n  [Symbol(corked)]: 0,\n  [Symbol(kChunkedBuffer)]: [],\n  [Symbol(kChunkedLength)]: 0,\n  [Symbol(kSocket)]: <ref *2> Socket {\n    connecting: false,\n    _hadError: false,\n    _parent: null,\n    _host: null,\n    _closeAfterHandlingError: false,\n    _events: {\n      close: [Array],\n      error: [Function: socketOnError],\n      prefinish: undefined,\n      finish: undefined,\n      drain: [Function: bound socketOnDrain],\n      data: [Function: bound socketOnData],\n      end: [Array],\n      readable: undefined,\n      timeout: [Function: socketOnTimeout],\n      resume: [Function: onSocketResume],\n      pause: [Function: onSocketPause]\n    },\n    _readableState: ReadableState {\n      highWaterMark: 16384,\n      buffer: [],\n      bufferIndex: 0,\n      length: 0,\n      pipes: [],\n      awaitDrainWriters: null,\n      [Symbol(kState)]: 193997060\n    },\n    _writableState: WritableState {\n      highWaterMark: 16384,\n      length: 0,\n      corked: 0,\n      onwrite: [Function: bound onwrite],\n      writelen: 0,\n      bufferedIndex: 0,\n      pendingcb: 0,\n      [Symbol(kState)]: 17564420,\n      [Symbol(kBufferedValue)]: null\n    },\n    allowHalfOpen: true,\n    _maxListeners: undefined,\n    _eventsCount: 8,\n    _sockname: null,\n    _pendingData: null,\n    _pendingEncoding: '',\n    server: Server {\n      maxHeaderSize: undefined,\n      insecureHTTPParser: undefined,\n      requestTimeout: 300000,\n      headersTimeout: 60000,\n      keepAliveTimeout: 5000,\n      connectionsCheckingInterval: 30000,\n      requireHostHeader: true,\n      joinDuplicateHeaders: undefined,\n      rejectNonStandardBodyWrites: false,\n      _events: [Object: null prototype],\n      _eventsCount: 4,\n      _maxListeners: undefined,\n      _connections: 1,\n      _handle: [TCP],\n      _usingWorkers: false,\n      _workers: [],\n      _unref: false,\n      _listeningId: 2,\n      allowHalfOpen: true,\n      pauseOnConnect: false,\n      noDelay: true,\n      keepAlive: false,\n      keepAliveInitialDelay: 0,\n      highWaterMark: 16384,\n      httpAllowHalfOpen: false,\n      timeout: 0,\n      maxHeadersCount: null,\n      maxRequestsPerSocket: 0,\n      _connectionKey: '6::::3004',\n      [Symbol(IncomingMessage)]: [Function: IncomingMessage],\n      [Symbol(ServerResponse)]: [Function: ServerResponse],\n      [Symbol(shapeMode)]: false,\n      [Symbol(kCapture)]: false,\n      [Symbol(async_id_symbol)]: 435,\n      [Symbol(kUniqueHeaders)]: null,\n      [Symbol(http.server.connections)]: ConnectionsList {},\n      [Symbol(http.server.connectionsCheckingInterval)]: Timeout {\n        _idleTimeout: 30000,\n        _idlePrev: [TimersList],\n        _idleNext: [TimersList],\n        _idleStart: 186394,\n        _onTimeout: [Function: bound checkConnections],\n        _timerArgs: undefined,\n        _repeat: 30000,\n        _destroyed: false,\n        [Symbol(refed)]: false,\n        [Symbol(kHasPrimitive)]: false,\n        [Symbol(asyncId)]: 441,\n        [Symbol(triggerId)]: 436,\n        [Symbol(kAsyncContextFrame)]: undefined\n      }\n    },\n    _server: Server {\n      maxHeaderSize: undefined,\n      insecureHTTPParser: undefined,\n      requestTimeout: 300000,\n      headersTimeout: 60000,\n      keepAliveTimeout: 5000,\n      connectionsCheckingInterval: 30000,\n      requireHostHeader: true,\n      joinDuplicateHeaders: undefined,\n      rejectNonStandardBodyWrites: false,\n      _events: [Object: null prototype],\n      _eventsCount: 4,\n      _maxListeners: undefined,\n      _connections: 1,\n      _handle: [TCP],\n      _usingWorkers: false,\n      _workers: [],\n      _unref: false,\n      _listeningId: 2,\n      allowHalfOpen: true,\n      pauseOnConnect: false,\n      noDelay: true,\n      keepAlive: false,\n      keepAliveInitialDelay: 0,\n      highWaterMark: 16384,\n      httpAllowHalfOpen: false,\n      timeout: 0,\n      maxHeadersCount: null,\n      maxRequestsPerSocket: 0,\n      _connectionKey: '6::::3004',\n      [Symbol(IncomingMessage)]: [Function: IncomingMessage],\n      [Symbol(ServerResponse)]: [Function: ServerResponse],\n      [Symbol(shapeMode)]: false,\n      [Symbol(kCapture)]: false,\n      [Symbol(async_id_symbol)]: 435,\n      [Symbol(kUniqueHeaders)]: null,\n      [Symbol(http.server.connections)]: ConnectionsList {},\n      [Symbol(http.server.connectionsCheckingInterval)]: Timeout {\n        _idleTimeout: 30000,\n        _idlePrev: [TimersList],\n        _idleNext: [TimersList],\n        _idleStart: 186394,\n        _onTimeout: [Function: bound checkConnections],\n        _timerArgs: undefined,\n        _repeat: 30000,\n        _destroyed: false,\n        [Symbol(refed)]: false,\n        [Symbol(kHasPrimitive)]: false,\n        [Symbol(asyncId)]: 441,\n        [Symbol(triggerId)]: 436,\n        [Symbol(kAsyncContextFrame)]: undefined\n      }\n    },\n    parser: HTTPParser {\n      '0': null,\n      '1': [Function: parserOnHeaders],\n      '2': [Function: parserOnHeadersComplete],\n      '3': [Function: parserOnBody],\n      '4': [Function: parserOnMessageComplete],\n      '5': [Function: bound onParserExecute],\n      '6': [Function: bound onParserTimeout],\n      _headers: [],\n      _url: '',\n      socket: [Circular *2],\n      incoming: [IncomingMessage],\n      outgoing: null,\n      maxHeaderPairs: 2000,\n      _consumed: true,\n      onIncoming: [Function: bound parserOnIncoming],\n      joinDuplicateHeaders: null,\n      [Symbol(resource_symbol)]: [HTTPServerAsyncResource]\n    },\n    on: [Function: socketListenerWrap],\n    addListener: [Function: socketListenerWrap],\n    prependListener: [Function: socketListenerWrap],\n    setEncoding: [Function: socketSetEncoding],\n    _paused: false,\n    _httpMessage: [Circular *1],\n    _peername: { address: '::1', family: 'IPv6', port: 64653 },\n    [Symbol(async_id_symbol)]: 6439,\n    [Symbol(kHandle)]: TCP {\n      reading: true,\n      onconnection: null,\n      _consumed: true,\n      [Symbol(owner_symbol)]: [Circular *2]\n    },\n    [Symbol(lastWriteQueueSize)]: 0,\n    [Symbol(timeout)]: null,\n    [Symbol(kBuffer)]: null,\n    [Symbol(kBufferCb)]: null,\n    [Symbol(kBufferGen)]: null,\n    [Symbol(shapeMode)]: true,\n    [Symbol(kCapture)]: false,\n    [Symbol(kSetNoDelay)]: true,\n    [Symbol(kSetKeepAlive)]: false,\n    [Symbol(kSetKeepAliveInitialDelay)]: 0,\n    [Symbol(kBytesRead)]: 0,\n    [Symbol(kBytesWritten)]: 0\n  },\n  [Symbol(kOutHeaders)]: [Object: null prototype] {\n    'content-security-policy': [\n      'Content-Security-Policy',\n      \"default-src 'self';base-uri 'self';font-src 'self' https: data:;form-action 'self';frame-ancestors 'self';img-src 'self' data:;object-src 'none';script-src 'self';script-src-attr 'none';style-src 'self' https: 'unsafe-inline';upgrade-insecure-requests\"\n    ],\n    'cross-origin-opener-policy': [ 'Cross-Origin-Opener-Policy', 'same-origin' ],\n    'cross-origin-resource-policy': [ 'Cross-Origin-Resource-Policy', 'same-origin' ],\n    'origin-agent-cluster': [ 'Origin-Agent-Cluster', '?1' ],\n    'referrer-policy': [ 'Referrer-Policy', 'no-referrer' ],\n    'strict-transport-security': [\n      'Strict-Transport-Security',\n      'max-age=31536000; includeSubDomains'\n    ],\n    'x-content-type-options': [ 'X-Content-Type-Options', 'nosniff' ],\n    'x-dns-prefetch-control': [ 'X-DNS-Prefetch-Control', 'off' ],\n    'x-download-options': [ 'X-Download-Options', 'noopen' ],\n    'x-frame-options': [ 'X-Frame-Options', 'SAMEORIGIN' ],\n    'x-permitted-cross-domain-policies': [ 'X-Permitted-Cross-Domain-Policies', 'none' ],\n    'x-xss-protection': [ 'X-XSS-Protection', '0' ],\n    'access-control-allow-origin': [ 'Access-Control-Allow-Origin', 'http://localhost:3006' ],\n    vary: [ 'Vary', 'Origin' ],\n    'access-control-allow-credentials': [ 'Access-Control-Allow-Credentials', 'true' ],\n    'ratelimit-policy': [ 'RateLimit-Policy', '500;w=900' ],\n    'ratelimit-limit': [ 'RateLimit-Limit', '500' ],\n    'ratelimit-remaining': [ 'RateLimit-Remaining', '488' ],\n    'ratelimit-reset': [ 'RateLimit-Reset', '716' ]\n  },\n  [Symbol(errored)]: null,\n  [Symbol(kHighWaterMark)]: 16384,\n  [Symbol(kRejectNonStandardBodyWrites)]: false,\n  [Symbol(kUniqueHeaders)]: null\n}\" (type ServerResponse) at path \"userId\" for model \"Order\"\n    at SchemaObjectId.cast (D:\\ecommerce-microservices-platform\\services\\order-service\\node_modules\\mongoose\\lib\\schema\\objectId.js:253:11)\n    at SchemaType.applySetters (D:\\ecommerce-microservices-platform\\services\\order-service\\node_modules\\mongoose\\lib\\schemaType.js:1280:12)\n    at SchemaType.castForQuery (D:\\ecommerce-microservices-platform\\services\\order-service\\node_modules\\mongoose\\lib\\schemaType.js:1706:17)\n    at cast (D:\\ecommerce-microservices-platform\\services\\order-service\\node_modules\\mongoose\\lib\\cast.js:386:32)\n    at Query.cast (D:\\ecommerce-microservices-platform\\services\\order-service\\node_modules\\mongoose\\lib\\query.js:5040:12)\n    at Query._castConditions (D:\\ecommerce-microservices-platform\\services\\order-service\\node_modules\\mongoose\\lib\\query.js:2374:10)\n    at model.Query._findOne (D:\\ecommerce-microservices-platform\\services\\order-service\\node_modules\\mongoose\\lib\\query.js:2704:8)\n    at model.Query.exec (D:\\ecommerce-microservices-platform\\services\\order-service\\node_modules\\mongoose\\lib\\query.js:4652:80)\n    at process.processTicksAndRejections (node:internal/process/task_queues:105:5)\n    at async cancelOrder (D:\\ecommerce-microservices-platform\\services\\order-service\\src\\services\\orderService.js:268:21)","stringValue":"\"<ref *1> ServerResponse {\n  _events: [Object: null prototype] { finish: [Function: bound resOnFinish] },\n  _eventsCount: 1,\n  _maxListeners: undefined,\n  outputData: [],\n  outputSize: 0,\n  writable: true,\n  destroyed: false,\n  _last: false,\n  chunkedEncoding: false,\n  shouldKeepAlive: false,\n  maxRequestsOnConnectionReached: false,\n  _defaultKeepAlive: true,\n  useChunkedEncodingByDefault: true,\n  sendDate: true,\n  _removedConnection: false,\n  _removedContLen: false,\n  _removedTE: false,\n  strictContentLength: false,\n  _contentLength: null,\n  _hasBody: true,\n  _trailer: '',\n  finished: false,\n  _headerSent: false,\n  _closed: false,\n  _header: null,\n  _keepAliveTimeout: 5000,\n  _onPendingData: [Function: bound updateOutgoingData],\n  req: IncomingMessage {\n    _events: {\n      close: undefined,\n      error: undefined,\n      data: undefined,\n      end: undefined,\n      readable: undefined,\n      aborted: undefined\n    },\n    _readableState: ReadableState {\n      highWaterMark: 16384,\n      buffer: [],\n      bufferIndex: 0,\n      length: 0,\n      pipes: [],\n      awaitDrainWriters: null,\n      [Symbol(kState)]: 60295036\n    },\n    _maxListeners: undefined,\n    socket: Socket {\n      connecting: false,\n      _hadError: false,\n      _parent: null,\n      _host: null,\n      _closeAfterHandlingError: false,\n      _events: [Object],\n      _readableState: [ReadableState],\n      _writableState: [WritableState],\n      allowHalfOpen: true,\n      _maxListeners: undefined,\n      _eventsCount: 8,\n      _sockname: null,\n      _pendingData: null,\n      _pendingEncoding: '',\n      server: [Server],\n      _server: [Server],\n      parser: [HTTPParser],\n      on: [Function: socketListenerWrap],\n      addListener: [Function: socketListenerWrap],\n      prependListener: [Function: socketListenerWrap],\n      setEncoding: [Function: socketSetEncoding],\n      _paused: false,\n      _httpMessage: [Circular *1],\n      _peername: [Object],\n      [Symbol(async_id_symbol)]: 6439,\n      [Symbol(kHandle)]: [TCP],\n      [Symbol(lastWriteQueueSize)]: 0,\n      [Symbol(timeout)]: null,\n      [Symbol(kBuffer)]: null,\n      [Symbol(kBufferCb)]: null,\n      [Symbol(kBufferGen)]: null,\n      [Symbol(shapeMode)]: true,\n      [Symbol(kCapture)]: false,\n      [Symbol(kSetNoDelay)]: true,\n      [Symbol(kSetKeepAlive)]: false,\n      [Symbol(kSetKeepAliveInitialDelay)]: 0,\n      [Symbol(kBytesRead)]: 0,\n      [Symbol(kBytesWritten)]: 0\n    },\n    httpVersionMajor: 1,\n    httpVersionMinor: 1,\n    httpVersion: '1.1',\n    complete: true,\n    rawHeaders: [\n      'cookie',\n      '__next_hmr_refresh_hash__=128',\n      'accept-language',\n      'en-US,en;q=0.9',\n      'accept-encoding',\n      'gzip, deflate, br, zstd',\n      'referer',\n      'http://localhost:3006/',\n      'sec-fetch-dest',\n      'empty',\n      'sec-fetch-mode',\n      'cors',\n      'sec-fetch-site',\n      'same-site',\n      'origin',\n      'http://localhost:3006',\n      'content-type',\n      'application/json',\n      'dnt',\n      '1',\n      'accept',\n      'application/json, text/plain, */*',\n      'user-agent',\n      'Mozilla/5.0 (Linux; Android 15; Pixel 9) AppleWebKit/537.36 (KHTML, like Gecko) Chrome/153.0.0.0 Mobile Safari/537.36',\n      'sec-ch-ua-mobile',\n      '?1',\n      'sec-ch-ua',\n      '\"Google Chrome\";v=\"153\", \"Not_A Brand\";v=\"8\", \"Chromium\";v=\"153\"',\n      'authorization',\n      'Bearer eyJhbGciOiJIUzI1NiIsInR5cCI6IkpXVCJ9.eyJ1c2VySWQiOiI2YTcwMmUwNTQ0YzQ2YzdiYjAwMzk4MTYiLCJ0eXBlIjoiYWNjZXNzIiwiaWF0IjoxNzkwNDE2ODUwLCJleHAiOjE3OTEwMjE2NTAsImlzcyI6InVzZXItc2VydmljZXMifQ.PHyrKIdMlneSLPE8ntuyHLuHnmJmHaQ0NMM1O-Nj1m4',\n      'sec-ch-ua-platform',\n      '\"Android\"',\n      'content-length',\n      '23',\n      'connection',\n      'close',\n      'host',\n      'localhost:3004',\n      'X-User-Id',\n      '6a702e0544c46c7bb0039816',\n      'X-User-Email',\n      'ankits1027@gmail.com',\n      'X-User-Role',\n      'customer'\n    ],\n    rawTrailers: [],\n    joinDuplicateHeaders: null,\n    aborted: false,\n    upgrade: false,\n    url: '/6a994be70c4a8ccc1337d82f/cancel',\n    method: 'POST',\n    statusCode: null,\n    statusMessage: null,\n    client: Socket {\n      connecting: false,\n      _hadError: false,\n      _parent: null,\n      _host: null,\n      _closeAfterHandlingError: false,\n      _events: [Object],\n      _readableState: [ReadableState],\n      _writableState: [WritableState],\n      allowHalfOpen: true,\n      _maxListeners: undefined,\n      _eventsCount: 8,\n      _sockname: null,\n      _pendingData: null,\n      _pendingEncoding: '',\n      server: [Server],\n      _server: [Server],\n      parser: [HTTPParser],\n      on: [Function: socketListenerWrap],\n      addListener: [Function: socketListenerWrap],\n      prependListener: [Function: socketListenerWrap],\n      setEncoding: [Function: socketSetEncoding],\n      _paused: false,\n      _httpMessage: [Circular *1],\n      _peername: [Object],\n      [Symbol(async_id_symbol)]: 6439,\n      [Symbol(kHandle)]: [TCP],\n      [Symbol(lastWriteQueueSize)]: 0,\n      [Symbol(timeout)]: null,\n      [Symbol(kBuffer)]: null,\n      [Symbol(kBufferCb)]: null,\n      [Symbol(kBufferGen)]: null,\n      [Symbol(shapeMode)]: true,\n      [Symbol(kCapture)]: false,\n      [Symbol(kSetNoDelay)]: true,\n      [Symbol(kSetKeepAlive)]: false,\n      [Symbol(kSetKeepAliveInitialDelay)]: 0,\n      [Symbol(kBytesRead)]: 0,\n      [Symbol(kBytesWritten)]: 0\n    },\n    _consuming: true,\n    _dumped: false,\n    res: [Circular *1],\n    next: [Function: next],\n    baseUrl: '/api/orders',\n    originalUrl: '/api/orders/6a994be70c4a8ccc1337d82f/cancel',\n    _parsedUrl: Url {\n      protocol: null,\n      slashes: null,\n      auth: null,\n      host: null,\n      port: null,\n      hostname: null,\n      hash: null,\n      search: null,\n      query: null,\n      pathname: '/6a994be70c4a8ccc1337d82f/cancel',\n      path: '/6a994be70c4a8ccc1337d82f/cancel',\n      href: '/6a994be70c4a8ccc1337d82f/cancel',\n      _raw: '/6a994be70c4a8ccc1337d82f/cancel'\n    },\n    params: [Object: null prototype] { orderId: '6a994be70c4a8ccc1337d82f' },\n    body: { reason: 'Size issue' },\n    length: undefined,\n    _eventsCount: 0,\n    rateLimit: {\n      limit: 500,\n      used: 12,\n      remaining: 488,\n      resetTime: 2026-09-26T10:13:00.893Z,\n      key: '::/56'\n    },\n    user: {\n      userId: '6a702e0544c46c7bb0039816',\n      email: 'ankits1027@gmail.com',\n      role: 'customer'\n    },\n    route: Route {\n      path: '/:orderId/cancel',\n      stack: [Array],\n      methods: [Object: null prototype]\n    },\n    [Symbol(shapeMode)]: true,\n    [Symbol(kCapture)]: false,\n    [Symbol(kHeaders)]: {\n      cookie: '__next_hmr_refresh_hash__=128',\n      'accept-language': 'en-US,en;q=0.9',\n      'accept-encoding': 'gzip, deflate, br, zstd',\n      referer: 'http://localhost:3006/',\n      'sec-fetch-dest': 'empty',\n      'sec-fetch-mode': 'cors',\n      'sec-fetch-site': 'same-site',\n      origin: 'http://localhost:3006',\n      'content-type': 'application/json',\n      dnt: '1',\n      accept: 'application/json, text/plain, */*',\n      'user-agent': 'Mozilla/5.0 (Linux; Android 15; Pixel 9) AppleWebKit/537.36 (KHTML, like Gecko) Chrome/153.0.0.0 Mobile Safari/537.36',\n      'sec-ch-ua-mobile': '?1',\n      'sec-ch-ua': '\"Google Chrome\";v=\"153\", \"Not_A Brand\";v=\"8\", \"Chromium\";v=\"153\"',\n      authorization: 'Bearer eyJhbGciOiJIUzI1NiIsInR5cCI6IkpXVCJ9.eyJ1c2VySWQiOiI2YTcwMmUwNTQ0YzQ2YzdiYjAwMzk4MTYiLCJ0eXBlIjoiYWNjZXNzIiwiaWF0IjoxNzkwNDE2ODUwLCJleHAiOjE3OTEwMjE2NTAsImlzcyI6InVzZXItc2VydmljZXMifQ.PHyrKIdMlneSLPE8ntuyHLuHnmJmHaQ0NMM1O-Nj1m4',\n      'sec-ch-ua-platform': '\"Android\"',\n      'content-length': '23',\n      connection: 'close',\n      host: 'localhost:3004',\n      'x-user-id': '6a702e0544c46c7bb0039816',\n      'x-user-email': 'ankits1027@gmail.com',\n      'x-user-role': 'customer'\n    },\n    [Symbol(kHeadersCount)]: 44,\n    [Symbol(kTrailers)]: null,\n    [Symbol(kTrailersCount)]: 0\n  },\n  _sent100: false,\n  _expect_continue: false,\n  _maxRequestsPerSocket: 0,\n  locals: [Object: null prototype] {},\n  flush: [Function: flush],\n  write: [Function: write],\n  end: [Function: end],\n  on: [Function: on],\n  writeHead: [Function: writeHead],\n  [Symbol(shapeMode)]: false,\n  [Symbol(kCapture)]: false,\n  [Symbol(kBytesWritten)]: 0,\n  [Symbol(kNeedDrain)]: false,\n  [Symbol(corked)]: 0,\n  [Symbol(kChunkedBuffer)]: [],\n  [Symbol(kChunkedLength)]: 0,\n  [Symbol(kSocket)]: <ref *2> Socket {\n    connecting: false,\n    _hadError: false,\n    _parent: null,\n    _host: null,\n    _closeAfterHandlingError: false,\n    _events: {\n      close: [Array],\n      error: [Function: socketOnError],\n      prefinish: undefined,\n      finish: undefined,\n      drain: [Function: bound socketOnDrain],\n      data: [Function: bound socketOnData],\n      end: [Array],\n      readable: undefined,\n      timeout: [Function: socketOnTimeout],\n      resume: [Function: onSocketResume],\n      pause: [Function: onSocketPause]\n    },\n    _readableState: ReadableState {\n      highWaterMark: 16384,\n      buffer: [],\n      bufferIndex: 0,\n      length: 0,\n      pipes: [],\n      awaitDrainWriters: null,\n      [Symbol(kState)]: 193997060\n    },\n    _writableState: WritableState {\n      highWaterMark: 16384,\n      length: 0,\n      corked: 0,\n      onwrite: [Function: bound onwrite],\n      writelen: 0,\n      bufferedIndex: 0,\n      pendingcb: 0,\n      [Symbol(kState)]: 17564420,\n      [Symbol(kBufferedValue)]: null\n    },\n    allowHalfOpen: true,\n    _maxListeners: undefined,\n    _eventsCount: 8,\n    _sockname: null,\n    _pendingData: null,\n    _pendingEncoding: '',\n    server: Server {\n      maxHeaderSize: undefined,\n      insecureHTTPParser: undefined,\n      requestTimeout: 300000,\n      headersTimeout: 60000,\n      keepAliveTimeout: 5000,\n      connectionsCheckingInterval: 30000,\n      requireHostHeader: true,\n      joinDuplicateHeaders: undefined,\n      rejectNonStandardBodyWrites: false,\n      _events: [Object: null prototype],\n      _eventsCount: 4,\n      _maxListeners: undefined,\n      _connections: 1,\n      _handle: [TCP],\n      _usingWorkers: false,\n      _workers: [],\n      _unref: false,\n      _listeningId: 2,\n      allowHalfOpen: true,\n      pauseOnConnect: false,\n      noDelay: true,\n      keepAlive: false,\n      keepAliveInitialDelay: 0,\n      highWaterMark: 16384,\n      httpAllowHalfOpen: false,\n      timeout: 0,\n      maxHeadersCount: null,\n      maxRequestsPerSocket: 0,\n      _connectionKey: '6::::3004',\n      [Symbol(IncomingMessage)]: [Function: IncomingMessage],\n      [Symbol(ServerResponse)]: [Function: ServerResponse],\n      [Symbol(shapeMode)]: false,\n      [Symbol(kCapture)]: false,\n      [Symbol(async_id_symbol)]: 435,\n      [Symbol(kUniqueHeaders)]: null,\n      [Symbol(http.server.connections)]: ConnectionsList {},\n      [Symbol(http.server.connectionsCheckingInterval)]: Timeout {\n        _idleTimeout: 30000,\n        _idlePrev: [TimersList],\n        _idleNext: [TimersList],\n        _idleStart: 186394,\n        _onTimeout: [Function: bound checkConnections],\n        _timerArgs: undefined,\n        _repeat: 30000,\n        _destroyed: false,\n        [Symbol(refed)]: false,\n        [Symbol(kHasPrimitive)]: false,\n        [Symbol(asyncId)]: 441,\n        [Symbol(triggerId)]: 436,\n        [Symbol(kAsyncContextFrame)]: undefined\n      }\n    },\n    _server: Server {\n      maxHeaderSize: undefined,\n      insecureHTTPParser: undefined,\n      requestTimeout: 300000,\n      headersTimeout: 60000,\n      keepAliveTimeout: 5000,\n      connectionsCheckingInterval: 30000,\n      requireHostHeader: true,\n      joinDuplicateHeaders: undefined,\n      rejectNonStandardBodyWrites: false,\n      _events: [Object: null prototype],\n      _eventsCount: 4,\n      _maxListeners: undefined,\n      _connections: 1,\n      _handle: [TCP],\n      _usingWorkers: false,\n      _workers: [],\n      _unref: false,\n      _listeningId: 2,\n      allowHalfOpen: true,\n      pauseOnConnect: false,\n      noDelay: true,\n      keepAlive: false,\n      keepAliveInitialDelay: 0,\n      highWaterMark: 16384,\n      httpAllowHalfOpen: false,\n      timeout: 0,\n      maxHeadersCount: null,\n      maxRequestsPerSocket: 0,\n      _connectionKey: '6::::3004',\n      [Symbol(IncomingMessage)]: [Function: IncomingMessage],\n      [Symbol(ServerResponse)]: [Function: ServerResponse],\n      [Symbol(shapeMode)]: false,\n      [Symbol(kCapture)]: false,\n      [Symbol(async_id_symbol)]: 435,\n      [Symbol(kUniqueHeaders)]: null,\n      [Symbol(http.server.connections)]: ConnectionsList {},\n      [Symbol(http.server.connectionsCheckingInterval)]: Timeout {\n        _idleTimeout: 30000,\n        _idlePrev: [TimersList],\n        _idleNext: [TimersList],\n        _idleStart: 186394,\n        _onTimeout: [Function: bound checkConnections],\n        _timerArgs: undefined,\n        _repeat: 30000,\n        _destroyed: false,\n        [Symbol(refed)]: false,\n        [Symbol(kHasPrimitive)]: false,\n        [Symbol(asyncId)]: 441,\n        [Symbol(triggerId)]: 436,\n        [Symbol(kAsyncContextFrame)]: undefined\n      }\n    },\n    parser: HTTPParser {\n      '0': null,\n      '1': [Function: parserOnHeaders],\n      '2': [Function: parserOnHeadersComplete],\n      '3': [Function: parserOnBody],\n      '4': [Function: parserOnMessageComplete],\n      '5': [Function: bound onParserExecute],\n      '6': [Function: bound onParserTimeout],\n      _headers: [],\n      _url: '',\n      socket: [Circular *2],\n      incoming: [IncomingMessage],\n      outgoing: null,\n      maxHeaderPairs: 2000,\n      _consumed: true,\n      onIncoming: [Function: bound parserOnIncoming],\n      joinDuplicateHeaders: null,\n      [Symbol(resource_symbol)]: [HTTPServerAsyncResource]\n    },\n    on: [Function: socketListenerWrap],\n    addListener: [Function: socketListenerWrap],\n    prependListener: [Function: socketListenerWrap],\n    setEncoding: [Function: socketSetEncoding],\n    _paused: false,\n    _httpMessage: [Circular *1],\n    _peername: { address: '::1', family: 'IPv6', port: 64653 },\n    [Symbol(async_id_symbol)]: 6439,\n    [Symbol(kHandle)]: TCP {\n      reading: true,\n      onconnection: null,\n      _consumed: true,\n      [Symbol(owner_symbol)]: [Circular *2]\n    },\n    [Symbol(lastWriteQueueSize)]: 0,\n    [Symbol(timeout)]: null,\n    [Symbol(kBuffer)]: null,\n    [Symbol(kBufferCb)]: null,\n    [Symbol(kBufferGen)]: null,\n    [Symbol(shapeMode)]: true,\n    [Symbol(kCapture)]: false,\n    [Symbol(kSetNoDelay)]: true,\n    [Symbol(kSetKeepAlive)]: false,\n    [Symbol(kSetKeepAliveInitialDelay)]: 0,\n    [Symbol(kBytesRead)]: 0,\n    [Symbol(kBytesWritten)]: 0\n  },\n  [Symbol(kOutHeaders)]: [Object: null prototype] {\n    'content-security-policy': [\n      'Content-Security-Policy',\n      \"default-src 'self';base-uri 'self';font-src 'self' https: data:;form-action 'self';frame-ancestors 'self';img-src 'self' data:;object-src 'none';script-src 'self';script-src-attr 'none';style-src 'self' https: 'unsafe-inline';upgrade-insecure-requests\"\n    ],\n    'cross-origin-opener-policy': [ 'Cross-Origin-Opener-Policy', 'same-origin' ],\n    'cross-origin-resource-policy': [ 'Cross-Origin-Resource-Policy', 'same-origin' ],\n    'origin-agent-cluster': [ 'Origin-Agent-Cluster', '?1' ],\n    'referrer-policy': [ 'Referrer-Policy', 'no-referrer' ],\n    'strict-transport-security': [\n      'Strict-Transport-Security',\n      'max-age=31536000; includeSubDomains'\n    ],\n    'x-content-type-options': [ 'X-Content-Type-Options', 'nosniff' ],\n    'x-dns-prefetch-control': [ 'X-DNS-Prefetch-Control', 'off' ],\n    'x-download-options': [ 'X-Download-Options', 'noopen' ],\n    'x-frame-options': [ 'X-Frame-Options', 'SAMEORIGIN' ],\n    'x-permitted-cross-domain-policies': [ 'X-Permitted-Cross-Domain-Policies', 'none' ],\n    'x-xss-protection': [ 'X-XSS-Protection', '0' ],\n    'access-control-allow-origin': [ 'Access-Control-Allow-Origin', 'http://localhost:3006' ],\n    vary: [ 'Vary', 'Origin' ],\n    'access-control-allow-credentials': [ 'Access-Control-Allow-Credentials', 'true' ],\n    'ratelimit-policy': [ 'RateLimit-Policy', '500;w=900' ],\n    'ratelimit-limit': [ 'RateLimit-Limit', '500' ],\n    'ratelimit-remaining': [ 'RateLimit-Remaining', '488' ],\n    'ratelimit-reset': [ 'RateLimit-Reset', '716' ]\n  },\n  [Symbol(errored)]: null,\n  [Symbol(kHighWaterMark)]: 16384,\n  [Symbol(kRejectNonStandardBodyWrites)]: false,\n  [Symbol(kUniqueHeaders)]: null\n}\"","timestamp":"2026-09-26T10:01:05.482Z","value":{"_closed":false,"_contentLength":null,"_defaultKeepAlive":true,"_events":{},"_eventsCount":1,"_expect_continue":false,"_hasBody":true,"_header":null,"_headerSent":false,"_keepAliveTimeout":5000,"_last":false,"_maxRequestsPerSocket":0,"_removedConnection":false,"_removedContLen":false,"_removedTE":false,"_sent100":false,"_trailer":"","chunkedEncoding":false,"destroyed":false,"finished":false,"locals":{},"maxRequestsOnConnectionReached":false,"outputData":[],"outputSize":0,"req":{"_consuming":true,"_dumped":false,"_events":{},"_eventsCount":0,"_parsedUrl":{"_raw":"/6a994be70c4a8ccc1337d82f/cancel","auth":null,"hash":null,"host":null,"hostname":null,"href":"/6a994be70c4a8ccc1337d82f/cancel","path":"/6a994be70c4a8ccc1337d82f/cancel","pathname":"/6a994be70c4a8ccc1337d82f/cancel","port":null,"protocol":null,"query":null,"search":null,"slashes":null},"_readableState":{"awaitDrainWriters":null,"buffer":[],"bufferIndex":0,"highWaterMark":16384,"length":0,"pipes":[]},"aborted":false,"baseUrl":"/api/orders","body":{"reason":"Size issue"},"client":{"_closeAfterHandlingError":false,"_events":{"close":[null,null],"end":[null,null]},"_eventsCount":8,"_hadError":false,"_host":null,"_httpMessage":"[Circular]","_parent":null,"_paused":false,"_peername":{"address":"::1","family":"IPv6","port":64653},"_pendingData":null,"_pendingEncoding":"","_readableState":{"awaitDrainWriters":null,"buffer":[],"bufferIndex":0,"highWaterMark":16384,"length":0,"pipes":[]},"_server":{"_connectionKey":"6::::3004","_connections":1,"_events":{},"_eventsCount":4,"_handle":{"reading":false},"_listeningId":2,"_unref":false,"_usingWorkers":false,"_workers":[],"allowHalfOpen":true,"connectionsCheckingInterval":30000,"headersTimeout":60000,"highWaterMark":16384,"httpAllowHalfOpen":false,"keepAlive":false,"keepAliveInitialDelay":0,"keepAliveTimeout":5000,"maxHeadersCount":null,"maxRequestsPerSocket":0,"noDelay":true,"pauseOnConnect":false,"rejectNonStandardBodyWrites":false,"requestTimeout":300000,"requireHostHeader":true,"timeout":0},"_sockname":null,"_writableState":{"bufferedIndex":0,"corked":0,"highWaterMark":16384,"length":0,"pendingcb":0,"writelen":0},"allowHalfOpen":true,"connecting":false,"parser":{"0":null,"_consumed":true,"_headers":[],"_url":"","incoming":"[Circular]","joinDuplicateHeaders":null,"maxHeaderPairs":2000,"outgoing":null,"socket":"[Circular]"},"server":{"_connectionKey":"6::::3004","_connections":1,"_events":{},"_eventsCount":4,"_handle":{"reading":false},"_listeningId":2,"_unref":false,"_usingWorkers":false,"_workers":[],"allowHalfOpen":true,"connectionsCheckingInterval":30000,"headersTimeout":60000,"highWaterMark":16384,"httpAllowHalfOpen":false,"keepAlive":false,"keepAliveInitialDelay":0,"keepAliveTimeout":5000,"maxHeadersCount":null,"maxRequestsPerSocket":0,"noDelay":true,"pauseOnConnect":false,"rejectNonStandardBodyWrites":false,"requestTimeout":300000,"requireHostHeader":true,"timeout":0}},"complete":true,"httpVersion":"1.1","httpVersionMajor":1,"httpVersionMinor":1,"joinDuplicateHeaders":null,"method":"POST","originalUrl":"/api/orders/6a994be70c4a8ccc1337d82f/cancel","params":{"orderId":"6a994be70c4a8ccc1337d82f"},"rateLimit":{"key":"::/56","limit":500,"remaining":488,"resetTime":"2026-09-26T10:13:00.893Z","used":12},"rawHeaders":["cookie","__next_hmr_refresh_hash__=128","accept-language","en-US,en;q=0.9","accept-encoding","gzip, deflate, br, zstd","referer","http://localhost:3006/","sec-fetch-dest","empty","sec-fetch-mode","cors","sec-fetch-site","same-site","origin","http://localhost:3006","content-type","application/json","dnt","1","accept","application/json, text/plain, */*","user-agent","Mozilla/5.0 (Linux; Android 15; Pixel 9) AppleWebKit/537.36 (KHTML, like Gecko) Chrome/153.0.0.0 Mobile Safari/537.36","sec-ch-ua-mobile","?1","sec-ch-ua","\"Google Chrome\";v=\"153\", \"Not_A Brand\";v=\"8\", \"Chromium\";v=\"153\"","authorization","Bearer eyJhbGciOiJIUzI1NiIsInR5cCI6IkpXVCJ9.eyJ1c2VySWQiOiI2YTcwMmUwNTQ0YzQ2YzdiYjAwMzk4MTYiLCJ0eXBlIjoiYWNjZXNzIiwiaWF0IjoxNzkwNDE2ODUwLCJleHAiOjE3OTEwMjE2NTAsImlzcyI6InVzZXItc2VydmljZXMifQ.PHyrKIdMlneSLPE8ntuyHLuHnmJmHaQ0NMM1O-Nj1m4","sec-ch-ua-platform","\"Android\"","content-length","23","connection","close","host","localhost:3004","X-User-Id","6a702e0544c46c7bb0039816","X-User-Email","ankits1027@gmail.com","X-User-Role","customer"],"rawTrailers":[],"res":"[Circular]","route":{"methods":{"post":true},"path":"/:orderId/cancel","stack":[{"keys":[],"matchers":[null],"method":"post","name":"<anonymous>","slash":false},{"keys":[],"matchers":[null],"method":"post","name":"<anonymous>","slash":false},{"keys":[],"matchers":[null],"method":"post","name":"cancelOrder","slash":false}]},"socket":{"_closeAfterHandlingError":false,"_events":{"close":[null,null],"end":[null,null]},"_eventsCount":8,"_hadError":false,"_host":null,"_httpMessage":"[Circular]","_parent":null,"_paused":false,"_peername":{"address":"::1","family":"IPv6","port":64653},"_pendingData":null,"_pendingEncoding":"","_readableState":{"awaitDrainWriters":null,"buffer":[],"bufferIndex":0,"highWaterMark":16384,"length":0,"pipes":[]},"_server":{"_connectionKey":"6::::3004","_connections":1,"_events":{},"_eventsCount":4,"_handle":{"reading":false},"_listeningId":2,"_unref":false,"_usingWorkers":false,"_workers":[],"allowHalfOpen":true,"connectionsCheckingInterval":30000,"headersTimeout":60000,"highWaterMark":16384,"httpAllowHalfOpen":false,"keepAlive":false,"keepAliveInitialDelay":0,"keepAliveTimeout":5000,"maxHeadersCount":null,"maxRequestsPerSocket":0,"noDelay":true,"pauseOnConnect":false,"rejectNonStandardBodyWrites":false,"requestTimeout":300000,"requireHostHeader":true,"timeout":0},"_sockname":null,"_writableState":{"bufferedIndex":0,"corked":0,"highWaterMark":16384,"length":0,"pendingcb":0,"writelen":0},"allowHalfOpen":true,"connecting":false,"parser":{"0":null,"_consumed":true,"_headers":[],"_url":"","incoming":"[Circular]","joinDuplicateHeaders":null,"maxHeaderPairs":2000,"outgoing":null,"socket":"[Circular]"},"server":{"_connectionKey":"6::::3004","_connections":1,"_events":{},"_eventsCount":4,"_handle":{"reading":false},"_listeningId":2,"_unref":false,"_usingWorkers":false,"_workers":[],"allowHalfOpen":true,"connectionsCheckingInterval":30000,"headersTimeout":60000,"highWaterMark":16384,"httpAllowHalfOpen":false,"keepAlive":false,"keepAliveInitialDelay":0,"keepAliveTimeout":5000,"maxHeadersCount":null,"maxRequestsPerSocket":0,"noDelay":true,"pauseOnConnect":false,"rejectNonStandardBodyWrites":false,"requestTimeout":300000,"requireHostHeader":true,"timeout":0}},"statusCode":null,"statusMessage":null,"upgrade":false,"url":"/6a994be70c4a8ccc1337d82f/cancel","user":{"email":"ankits1027@gmail.com","role":"customer","userId":"6a702e0544c46c7bb0039816"}},"sendDate":true,"shouldKeepAlive":false,"strictContentLength":false,"useChunkedEncodingByDefault":true,"writable":true},"valueType":"ServerResponse"}
{"body":{"reason":"Size issue"},"error":"Cast to ObjectId failed for value \"<ref *1> ServerResponse {\n  _events: [Object: null prototype] { finish: [Function: bound resOnFinish] },\n  _eventsCount: 1,\n  _maxListeners: undefined,\n  outputData: [],\n  outputSize: 0,\n  writable: true,\n  destroyed: false,\n  _last: false,\n  chunkedEncoding: false,\n  shouldKeepAlive: false,\n  maxRequestsOnConnectionReached: false,\n  _defaultKeepAlive: true,\n  useChunkedEncodingByDefault: true,\n  sendDate: true,\n  _removedConnection: false,\n  _removedContLen: false,\n  _removedTE: false,\n  strictContentLength: false,\n  _contentLength: null,\n  _hasBody: true,\n  _trailer: '',\n  finished: false,\n  _headerSent: false,\n  _closed: false,\n  _header: null,\n  _keepAliveTimeout: 5000,\n  _onPendingData: [Function: bound updateOutgoingData],\n  req: IncomingMessage {\n    _events: {\n      close: undefined,\n      error: undefined,\n      data: undefined,\n      end: undefined,\n      readable: undefined,\n      aborted: undefined\n    },\n    _readableState: ReadableState {\n      highWaterMark: 16384,\n      buffer: [],\n      bufferIndex: 0,\n      length: 0,\n      pipes: [],\n      awaitDrainWriters: null,\n      [Symbol(kState)]: 60295036\n    },\n    _maxListeners: undefined,\n    socket: Socket {\n      connecting: false,\n      _hadError: false,\n      _parent: null,\n      _host: null,\n      _closeAfterHandlingError: false,\n      _events: [Object],\n      _readableState: [ReadableState],\n      _writableState: [WritableState],\n      allowHalfOpen: true,\n      _maxListeners: undefined,\n      _eventsCount: 8,\n      _sockname: null,\n      _pendingData: null,\n      _pendingEncoding: '',\n      server: [Server],\n      _server: [Server],\n      parser: [HTTPParser],\n      on: [Function: socketListenerWrap],\n      addListener: [Function: socketListenerWrap],\n      prependListener: [Function: socketListenerWrap],\n      setEncoding: [Function: socketSetEncoding],\n      _paused: false,\n      _httpMessage: [Circular *1],\n      _peername: [Object],\n      [Symbol(async_id_symbol)]: 6439,\n      [Symbol(kHandle)]: [TCP],\n      [Symbol(lastWriteQueueSize)]: 0,\n      [Symbol(timeout)]: null,\n      [Symbol(kBuffer)]: null,\n      [Symbol(kBufferCb)]: null,\n      [Symbol(kBufferGen)]: null,\n      [Symbol(shapeMode)]: true,\n      [Symbol(kCapture)]: false,\n      [Symbol(kSetNoDelay)]: true,\n      [Symbol(kSetKeepAlive)]: false,\n      [Symbol(kSetKeepAliveInitialDelay)]: 0,\n      [Symbol(kBytesRead)]: 0,\n      [Symbol(kBytesWritten)]: 0\n    },\n    httpVersionMajor: 1,\n    httpVersionMinor: 1,\n    httpVersion: '1.1',\n    complete: true,\n    rawHeaders: [\n      'cookie',\n      '__next_hmr_refresh_hash__=128',\n      'accept-language',\n      'en-US,en;q=0.9',\n      'accept-encoding',\n      'gzip, deflate, br, zstd',\n      'referer',\n      'http://localhost:3006/',\n      'sec-fetch-dest',\n      'empty',\n      'sec-fetch-mode',\n      'cors',\n      'sec-fetch-site',\n      'same-site',\n      'origin',\n      'http://localhost:3006',\n      'content-type',\n      'application/json',\n      'dnt',\n      '1',\n      'accept',\n      'application/json, text/plain, */*',\n      'user-agent',\n      'Mozilla/5.0 (Linux; Android 15; Pixel 9) AppleWebKit/537.36 (KHTML, like Gecko) Chrome/153.0.0.0 Mobile Safari/537.36',\n      'sec-ch-ua-mobile',\n      '?1',\n      'sec-ch-ua',\n      '\"Google Chrome\";v=\"153\", \"Not_A Brand\";v=\"8\", \"Chromium\";v=\"153\"',\n      'authorization',\n      'Bearer eyJhbGciOiJIUzI1NiIsInR5cCI6IkpXVCJ9.eyJ1c2VySWQiOiI2YTcwMmUwNTQ0YzQ2YzdiYjAwMzk4MTYiLCJ0eXBlIjoiYWNjZXNzIiwiaWF0IjoxNzkwNDE2ODUwLCJleHAiOjE3OTEwMjE2NTAsImlzcyI6InVzZXItc2VydmljZXMifQ.PHyrKIdMlneSLPE8ntuyHLuHnmJmHaQ0NMM1O-Nj1m4',\n      'sec-ch-ua-platform',\n      '\"Android\"',\n      'content-length',\n      '23',\n      'connection',\n      'close',\n      'host',\n      'localhost:3004',\n      'X-User-Id',\n      '6a702e0544c46c7bb0039816',\n      'X-User-Email',\n      'ankits1027@gmail.com',\n      'X-User-Role',\n      'customer'\n    ],\n    rawTrailers: [],\n    joinDuplicateHeaders: null,\n    aborted: false,\n    upgrade: false,\n    url: '/6a994be70c4a8ccc1337d82f/cancel',\n    method: 'POST',\n    statusCode: null,\n    statusMessage: null,\n    client: Socket {\n      connecting: false,\n      _hadError: false,\n      _parent: null,\n      _host: null,\n      _closeAfterHandlingError: false,\n      _events: [Object],\n      _readableState: [ReadableState],\n      _writableState: [WritableState],\n      allowHalfOpen: true,\n      _maxListeners: undefined,\n      _eventsCount: 8,\n      _sockname: null,\n      _pendingData: null,\n      _pendingEncoding: '',\n      server: [Server],\n      _server: [Server],\n      parser: [HTTPParser],\n      on: [Function: socketListenerWrap],\n      addListener: [Function: socketListenerWrap],\n      prependListener: [Function: socketListenerWrap],\n      setEncoding: [Function: socketSetEncoding],\n      _paused: false,\n      _httpMessage: [Circular *1],\n      _peername: [Object],\n      [Symbol(async_id_symbol)]: 6439,\n      [Symbol(kHandle)]: [TCP],\n      [Symbol(lastWriteQueueSize)]: 0,\n      [Symbol(timeout)]: null,\n      [Symbol(kBuffer)]: null,\n      [Symbol(kBufferCb)]: null,\n      [Symbol(kBufferGen)]: null,\n      [Symbol(shapeMode)]: true,\n      [Symbol(kCapture)]: false,\n      [Symbol(kSetNoDelay)]: true,\n      [Symbol(kSetKeepAlive)]: false,\n      [Symbol(kSetKeepAliveInitialDelay)]: 0,\n      [Symbol(kBytesRead)]: 0,\n      [Symbol(kBytesWritten)]: 0\n    },\n    _consuming: true,\n    _dumped: false,\n    res: [Circular *1],\n    next: [Function: next],\n    baseUrl: '/api/orders',\n    originalUrl: '/api/orders/6a994be70c4a8ccc1337d82f/cancel',\n    _parsedUrl: Url {\n      protocol: null,\n      slashes: null,\n      auth: null,\n      host: null,\n      port: null,\n      hostname: null,\n      hash: null,\n      search: null,\n      query: null,\n      pathname: '/6a994be70c4a8ccc1337d82f/cancel',\n      path: '/6a994be70c4a8ccc1337d82f/cancel',\n      href: '/6a994be70c4a8ccc1337d82f/cancel',\n      _raw: '/6a994be70c4a8ccc1337d82f/cancel'\n    },\n    params: [Object: null prototype] { orderId: '6a994be70c4a8ccc1337d82f' },\n    body: { reason: 'Size issue' },\n    length: undefined,\n    _eventsCount: 0,\n    rateLimit: {\n      limit: 500,\n      used: 12,\n      remaining: 488,\n      resetTime: 2026-09-26T10:13:00.893Z,\n      key: '::/56'\n    },\n    user: {\n      userId: '6a702e0544c46c7bb0039816',\n      email: 'ankits1027@gmail.com',\n      role: 'customer'\n    },\n    route: Route {\n      path: '/:orderId/cancel',\n      stack: [Array],\n      methods: [Object: null prototype]\n    },\n    [Symbol(shapeMode)]: true,\n    [Symbol(kCapture)]: false,\n    [Symbol(kHeaders)]: {\n      cookie: '__next_hmr_refresh_hash__=128',\n      'accept-language': 'en-US,en;q=0.9',\n      'accept-encoding': 'gzip, deflate, br, zstd',\n      referer: 'http://localhost:3006/',\n      'sec-fetch-dest': 'empty',\n      'sec-fetch-mode': 'cors',\n      'sec-fetch-site': 'same-site',\n      origin: 'http://localhost:3006',\n      'content-type': 'application/json',\n      dnt: '1',\n      accept: 'application/json, text/plain, */*',\n      'user-agent': 'Mozilla/5.0 (Linux; Android 15; Pixel 9) AppleWebKit/537.36 (KHTML, like Gecko) Chrome/153.0.0.0 Mobile Safari/537.36',\n      'sec-ch-ua-mobile': '?1',\n      'sec-ch-ua': '\"Google Chrome\";v=\"153\", \"Not_A Brand\";v=\"8\", \"Chromium\";v=\"153\"',\n      authorization: 'Bearer eyJhbGciOiJIUzI1NiIsInR5cCI6IkpXVCJ9.eyJ1c2VySWQiOiI2YTcwMmUwNTQ0YzQ2YzdiYjAwMzk4MTYiLCJ0eXBlIjoiYWNjZXNzIiwiaWF0IjoxNzkwNDE2ODUwLCJleHAiOjE3OTEwMjE2NTAsImlzcyI6InVzZXItc2VydmljZXMifQ.PHyrKIdMlneSLPE8ntuyHLuHnmJmHaQ0NMM1O-Nj1m4',\n      'sec-ch-ua-platform': '\"Android\"',\n      'content-length': '23',\n      connection: 'close',\n      host: 'localhost:3004',\n      'x-user-id': '6a702e0544c46c7bb0039816',\n      'x-user-email': 'ankits1027@gmail.com',\n      'x-user-role': 'customer'\n    },\n    [Symbol(kHeadersCount)]: 44,\n    [Symbol(kTrailers)]: null,\n    [Symbol(kTrailersCount)]: 0\n  },\n  _sent100: false,\n  _expect_continue: false,\n  _maxRequestsPerSocket: 0,\n  locals: [Object: null prototype] {},\n  flush: [Function: flush],\n  write: [Function: write],\n  end: [Function: end],\n  on: [Function: on],\n  writeHead: [Function: writeHead],\n  [Symbol(shapeMode)]: false,\n  [Symbol(kCapture)]: false,\n  [Symbol(kBytesWritten)]: 0,\n  [Symbol(kNeedDrain)]: false,\n  [Symbol(corked)]: 0,\n  [Symbol(kChunkedBuffer)]: [],\n  [Symbol(kChunkedLength)]: 0,\n  [Symbol(kSocket)]: <ref *2> Socket {\n    connecting: false,\n    _hadError: false,\n    _parent: null,\n    _host: null,\n    _closeAfterHandlingError: false,\n    _events: {\n      close: [Array],\n      error: [Function: socketOnError],\n      prefinish: undefined,\n      finish: undefined,\n      drain: [Function: bound socketOnDrain],\n      data: [Function: bound socketOnData],\n      end: [Array],\n      readable: undefined,\n      timeout: [Function: socketOnTimeout],\n      resume: [Function: onSocketResume],\n      pause: [Function: onSocketPause]\n    },\n    _readableState: ReadableState {\n      highWaterMark: 16384,\n      buffer: [],\n      bufferIndex: 0,\n      length: 0,\n      pipes: [],\n      awaitDrainWriters: null,\n      [Symbol(kState)]: 193997060\n    },\n    _writableState: WritableState {\n      highWaterMark: 16384,\n      length: 0,\n      corked: 0,\n      onwrite: [Function: bound onwrite],\n      writelen: 0,\n      bufferedIndex: 0,\n      pendingcb: 0,\n      [Symbol(kState)]: 17564420,\n      [Symbol(kBufferedValue)]: null\n    },\n    allowHalfOpen: true,\n    _maxListeners: undefined,\n    _eventsCount: 8,\n    _sockname: null,\n    _pendingData: null,\n    _pendingEncoding: '',\n    server: Server {\n      maxHeaderSize: undefined,\n      insecureHTTPParser: undefined,\n      requestTimeout: 300000,\n      headersTimeout: 60000,\n      keepAliveTimeout: 5000,\n      connectionsCheckingInterval: 30000,\n      requireHostHeader: true,\n      joinDuplicateHeaders: undefined,\n      rejectNonStandardBodyWrites: false,\n      _events: [Object: null prototype],\n      _eventsCount: 4,\n      _maxListeners: undefined,\n      _connections: 1,\n      _handle: [TCP],\n      _usingWorkers: false,\n      _workers: [],\n      _unref: false,\n      _listeningId: 2,\n      allowHalfOpen: true,\n      pauseOnConnect: false,\n      noDelay: true,\n      keepAlive: false,\n      keepAliveInitialDelay: 0,\n      highWaterMark: 16384,\n      httpAllowHalfOpen: false,\n      timeout: 0,\n      maxHeadersCount: null,\n      maxRequestsPerSocket: 0,\n      _connectionKey: '6::::3004',\n      [Symbol(IncomingMessage)]: [Function: IncomingMessage],\n      [Symbol(ServerResponse)]: [Function: ServerResponse],\n      [Symbol(shapeMode)]: false,\n      [Symbol(kCapture)]: false,\n      [Symbol(async_id_symbol)]: 435,\n      [Symbol(kUniqueHeaders)]: null,\n      [Symbol(http.server.connections)]: ConnectionsList {},\n      [Symbol(http.server.connectionsCheckingInterval)]: Timeout {\n        _idleTimeout: 30000,\n        _idlePrev: [TimersList],\n        _idleNext: [TimersList],\n        _idleStart: 186394,\n        _onTimeout: [Function: bound checkConnections],\n        _timerArgs: undefined,\n        _repeat: 30000,\n        _destroyed: false,\n        [Symbol(refed)]: false,\n        [Symbol(kHasPrimitive)]: false,\n        [Symbol(asyncId)]: 441,\n        [Symbol(triggerId)]: 436,\n        [Symbol(kAsyncContextFrame)]: undefined\n      }\n    },\n    _server: Server {\n      maxHeaderSize: undefined,\n      insecureHTTPParser: undefined,\n      requestTimeout: 300000,\n      headersTimeout: 60000,\n      keepAliveTimeout: 5000,\n      connectionsCheckingInterval: 30000,\n      requireHostHeader: true,\n      joinDuplicateHeaders: undefined,\n      rejectNonStandardBodyWrites: false,\n      _events: [Object: null prototype],\n      _eventsCount: 4,\n      _maxListeners: undefined,\n      _connections: 1,\n      _handle: [TCP],\n      _usingWorkers: false,\n      _workers: [],\n      _unref: false,\n      _listeningId: 2,\n      allowHalfOpen: true,\n      pauseOnConnect: false,\n      noDelay: true,\n      keepAlive: false,\n      keepAliveInitialDelay: 0,\n      highWaterMark: 16384,\n      httpAllowHalfOpen: false,\n      timeout: 0,\n      maxHeadersCount: null,\n      maxRequestsPerSocket: 0,\n      _connectionKey: '6::::3004',\n      [Symbol(IncomingMessage)]: [Function: IncomingMessage],\n      [Symbol(ServerResponse)]: [Function: ServerResponse],\n      [Symbol(shapeMode)]: false,\n      [Symbol(kCapture)]: false,\n      [Symbol(async_id_symbol)]: 435,\n      [Symbol(kUniqueHeaders)]: null,\n      [Symbol(http.server.connections)]: ConnectionsList {},\n      [Symbol(http.server.connectionsCheckingInterval)]: Timeout {\n        _idleTimeout: 30000,\n        _idlePrev: [TimersList],\n        _idleNext: [TimersList],\n        _idleStart: 186394,\n        _onTimeout: [Function: bound checkConnections],\n        _timerArgs: undefined,\n        _repeat: 30000,\n        _destroyed: false,\n        [Symbol(refed)]: false,\n        [Symbol(kHasPrimitive)]: false,\n        [Symbol(asyncId)]: 441,\n        [Symbol(triggerId)]: 436,\n        [Symbol(kAsyncContextFrame)]: undefined\n      }\n    },\n    parser: HTTPParser {\n      '0': null,\n      '1': [Function: parserOnHeaders],\n      '2': [Function: parserOnHeadersComplete],\n      '3': [Function: parserOnBody],\n      '4': [Function: parserOnMessageComplete],\n      '5': [Function: bound onParserExecute],\n      '6': [Function: bound onParserTimeout],\n      _headers: [],\n      _url: '',\n      socket: [Circular *2],\n      incoming: [IncomingMessage],\n      outgoing: null,\n      maxHeaderPairs: 2000,\n      _consumed: true,\n      onIncoming: [Function: bound parserOnIncoming],\n      joinDuplicateHeaders: null,\n      [Symbol(resource_symbol)]: [HTTPServerAsyncResource]\n    },\n    on: [Function: socketListenerWrap],\n    addListener: [Function: socketListenerWrap],\n    prependListener: [Function: socketListenerWrap],\n    setEncoding: [Function: socketSetEncoding],\n    _paused: false,\n    _httpMessage: [Circular *1],\n    _peername: { address: '::1', family: 'IPv6', port: 64653 },\n    [Symbol(async_id_symbol)]: 6439,\n    [Symbol(kHandle)]: TCP {\n      reading: true,\n      onconnection: null,\n      _consumed: true,\n      [Symbol(owner_symbol)]: [Circular *2]\n    },\n    [Symbol(lastWriteQueueSize)]: 0,\n    [Symbol(timeout)]: null,\n    [Symbol(kBuffer)]: null,\n    [Symbol(kBufferCb)]: null,\n    [Symbol(kBufferGen)]: null,\n    [Symbol(shapeMode)]: true,\n    [Symbol(kCapture)]: false,\n    [Symbol(kSetNoDelay)]: true,\n    [Symbol(kSetKeepAlive)]: false,\n    [Symbol(kSetKeepAliveInitialDelay)]: 0,\n    [Symbol(kBytesRead)]: 0,\n    [Symbol(kBytesWritten)]: 0\n  },\n  [Symbol(kOutHeaders)]: [Object: null prototype] {\n    'content-security-policy': [\n      'Content-Security-Policy',\n      \"default-src 'self';base-uri 'self';font-src 'self' https: data:;form-action 'self';frame-ancestors 'self';img-src 'self' data:;object-src 'none';script-src 'self';script-src-attr 'none';style-src 'self' https: 'unsafe-inline';upgrade-insecure-requests\"\n    ],\n    'cross-origin-opener-policy': [ 'Cross-Origin-Opener-Policy', 'same-origin' ],\n    'cross-origin-resource-policy': [ 'Cross-Origin-Resource-Policy', 'same-origin' ],\n    'origin-agent-cluster': [ 'Origin-Agent-Cluster', '?1' ],\n    'referrer-policy': [ 'Referrer-Policy', 'no-referrer' ],\n    'strict-transport-security': [\n      'Strict-Transport-Security',\n      'max-age=31536000; includeSubDomains'\n    ],\n    'x-content-type-options': [ 'X-Content-Type-Options', 'nosniff' ],\n    'x-dns-prefetch-control': [ 'X-DNS-Prefetch-Control', 'off' ],\n    'x-download-options': [ 'X-Download-Options', 'noopen' ],\n    'x-frame-options': [ 'X-Frame-Options', 'SAMEORIGIN' ],\n    'x-permitted-cross-domain-policies': [ 'X-Permitted-Cross-Domain-Policies', 'none' ],\n    'x-xss-protection': [ 'X-XSS-Protection', '0' ],\n    'access-control-allow-origin': [ 'Access-Control-Allow-Origin', 'http://localhost:3006' ],\n    vary: [ 'Vary', 'Origin' ],\n    'access-control-allow-credentials': [ 'Access-Control-Allow-Credentials', 'true' ],\n    'ratelimit-policy': [ 'RateLimit-Policy', '500;w=900' ],\n    'ratelimit-limit': [ 'RateLimit-Limit', '500' ],\n    'ratelimit-remaining': [ 'RateLimit-Remaining', '488' ],\n    'ratelimit-reset': [ 'RateLimit-Reset', '716' ]\n  },\n  [Symbol(errored)]: null,\n  [Symbol(kHighWaterMark)]: 16384,\n  [Symbol(kRejectNonStandardBodyWrites)]: false,\n  [Symbol(kUniqueHeaders)]: null\n}\" (type ServerResponse) at path \"userId\" for model \"Order\"","level":"error","message":"Order Service Error:","method":"POST","service":"order-service","stack":"CastError: Cast to ObjectId failed for value \"<ref *1> ServerResponse {\n  _events: [Object: null prototype] { finish: [Function: bound resOnFinish] },\n  _eventsCount: 1,\n  _maxListeners: undefined,\n  outputData: [],\n  outputSize: 0,\n  writable: true,\n  destroyed: false,\n  _last: false,\n  chunkedEncoding: false,\n  shouldKeepAlive: false,\n  maxRequestsOnConnectionReached: false,\n  _defaultKeepAlive: true,\n  useChunkedEncodingByDefault: true,\n  sendDate: true,\n  _removedConnection: false,\n  _removedContLen: false,\n  _removedTE: false,\n  strictContentLength: false,\n  _contentLength: null,\n  _hasBody: true,\n  _trailer: '',\n  finished: false,\n  _headerSent: false,\n  _closed: false,\n  _header: null,\n  _keepAliveTimeout: 5000,\n  _onPendingData: [Function: bound updateOutgoingData],\n  req: IncomingMessage {\n    _events: {\n      close: undefined,\n      error: undefined,\n      data: undefined,\n      end: undefined,\n      readable: undefined,\n      aborted: undefined\n    },\n    _readableState: ReadableState {\n      highWaterMark: 16384,\n      buffer: [],\n      bufferIndex: 0,\n      length: 0,\n      pipes: [],\n      awaitDrainWriters: null,\n      [Symbol(kState)]: 60295036\n    },\n    _maxListeners: undefined,\n    socket: Socket {\n      connecting: false,\n      _hadError: false,\n      _parent: null,\n      _host: null,\n      _closeAfterHandlingError: false,\n      _events: [Object],\n      _readableState: [ReadableState],\n      _writableState: [WritableState],\n      allowHalfOpen: true,\n      _maxListeners: undefined,\n      _eventsCount: 8,\n      _sockname: null,\n      _pendingData: null,\n      _pendingEncoding: '',\n      server: [Server],\n      _server: [Server],\n      parser: [HTTPParser],\n      on: [Function: socketListenerWrap],\n      addListener: [Function: socketListenerWrap],\n      prependListener: [Function: socketListenerWrap],\n      setEncoding: [Function: socketSetEncoding],\n      _paused: false,\n      _httpMessage: [Circular *1],\n      _peername: [Object],\n      [Symbol(async_id_symbol)]: 6439,\n      [Symbol(kHandle)]: [TCP],\n      [Symbol(lastWriteQueueSize)]: 0,\n      [Symbol(timeout)]: null,\n      [Symbol(kBuffer)]: null,\n      [Symbol(kBufferCb)]: null,\n      [Symbol(kBufferGen)]: null,\n      [Symbol(shapeMode)]: true,\n      [Symbol(kCapture)]: false,\n      [Symbol(kSetNoDelay)]: true,\n      [Symbol(kSetKeepAlive)]: false,\n      [Symbol(kSetKeepAliveInitialDelay)]: 0,\n      [Symbol(kBytesRead)]: 0,\n      [Symbol(kBytesWritten)]: 0\n    },\n    httpVersionMajor: 1,\n    httpVersionMinor: 1,\n    httpVersion: '1.1',\n    complete: true,\n    rawHeaders: [\n      'cookie',\n      '__next_hmr_refresh_hash__=128',\n      'accept-language',\n      'en-US,en;q=0.9',\n      'accept-encoding',\n      'gzip, deflate, br, zstd',\n      'referer',\n      'http://localhost:3006/',\n      'sec-fetch-dest',\n      'empty',\n      'sec-fetch-mode',\n      'cors',\n      'sec-fetch-site',\n      'same-site',\n      'origin',\n      'http://localhost:3006',\n      'content-type',\n      'application/json',\n      'dnt',\n      '1',\n      'accept',\n      'application/json, text/plain, */*',\n      'user-agent',\n      'Mozilla/5.0 (Linux; Android 15; Pixel 9) AppleWebKit/537.36 (KHTML, like Gecko) Chrome/153.0.0.0 Mobile Safari/537.36',\n      'sec-ch-ua-mobile',\n      '?1',\n      'sec-ch-ua',\n      '\"Google Chrome\";v=\"153\", \"Not_A Brand\";v=\"8\", \"Chromium\";v=\"153\"',\n      'authorization',\n      'Bearer eyJhbGciOiJIUzI1NiIsInR5cCI6IkpXVCJ9.eyJ1c2VySWQiOiI2YTcwMmUwNTQ0YzQ2YzdiYjAwMzk4MTYiLCJ0eXBlIjoiYWNjZXNzIiwiaWF0IjoxNzkwNDE2ODUwLCJleHAiOjE3OTEwMjE2NTAsImlzcyI6InVzZXItc2VydmljZXMifQ.PHyrKIdMlneSLPE8ntuyHLuHnmJmHaQ0NMM1O-Nj1m4',\n      'sec-ch-ua-platform',\n      '\"Android\"',\n      'content-length',\n      '23',\n      'connection',\n      'close',\n      'host',\n      'localhost:3004',\n      'X-User-Id',\n      '6a702e0544c46c7bb0039816',\n      'X-User-Email',\n      'ankits1027@gmail.com',\n      'X-User-Role',\n      'customer'\n    ],\n    rawTrailers: [],\n    joinDuplicateHeaders: null,\n    aborted: false,\n    upgrade: false,\n    url: '/6a994be70c4a8ccc1337d82f/cancel',\n    method: 'POST',\n    statusCode: null,\n    statusMessage: null,\n    client: Socket {\n      connecting: false,\n      _hadError: false,\n      _parent: null,\n      _host: null,\n      _closeAfterHandlingError: false,\n      _events: [Object],\n      _readableState: [ReadableState],\n      _writableState: [WritableState],\n      allowHalfOpen: true,\n      _maxListeners: undefined,\n      _eventsCount: 8,\n      _sockname: null,\n      _pendingData: null,\n      _pendingEncoding: '',\n      server: [Server],\n      _server: [Server],\n      parser: [HTTPParser],\n      on: [Function: socketListenerWrap],\n      addListener: [Function: socketListenerWrap],\n      prependListener: [Function: socketListenerWrap],\n      setEncoding: [Function: socketSetEncoding],\n      _paused: false,\n      _httpMessage: [Circular *1],\n      _peername: [Object],\n      [Symbol(async_id_symbol)]: 6439,\n      [Symbol(kHandle)]: [TCP],\n      [Symbol(lastWriteQueueSize)]: 0,\n      [Symbol(timeout)]: null,\n      [Symbol(kBuffer)]: null,\n      [Symbol(kBufferCb)]: null,\n      [Symbol(kBufferGen)]: null,\n      [Symbol(shapeMode)]: true,\n      [Symbol(kCapture)]: false,\n      [Symbol(kSetNoDelay)]: true,\n      [Symbol(kSetKeepAlive)]: false,\n      [Symbol(kSetKeepAliveInitialDelay)]: 0,\n      [Symbol(kBytesRead)]: 0,\n      [Symbol(kBytesWritten)]: 0\n    },\n    _consuming: true,\n    _dumped: false,\n    res: [Circular *1],\n    next: [Function: next],\n    baseUrl: '/api/orders',\n    originalUrl: '/api/orders/6a994be70c4a8ccc1337d82f/cancel',\n    _parsedUrl: Url {\n      protocol: null,\n      slashes: null,\n      auth: null,\n      host: null,\n      port: null,\n      hostname: null,\n      hash: null,\n      search: null,\n      query: null,\n      pathname: '/6a994be70c4a8ccc1337d82f/cancel',\n      path: '/6a994be70c4a8ccc1337d82f/cancel',\n      href: '/6a994be70c4a8ccc1337d82f/cancel',\n      _raw: '/6a994be70c4a8ccc1337d82f/cancel'\n    },\n    params: [Object: null prototype] { orderId: '6a994be70c4a8ccc1337d82f' },\n    body: { reason: 'Size issue' },\n    length: undefined,\n    _eventsCount: 0,\n    rateLimit: {\n      limit: 500,\n      used: 12,\n      remaining: 488,\n      resetTime: 2026-09-26T10:13:00.893Z,\n      key: '::/56'\n    },\n    user: {\n      userId: '6a702e0544c46c7bb0039816',\n      email: 'ankits1027@gmail.com',\n      role: 'customer'\n    },\n    route: Route {\n      path: '/:orderId/cancel',\n      stack: [Array],\n      methods: [Object: null prototype]\n    },\n    [Symbol(shapeMode)]: true,\n    [Symbol(kCapture)]: false,\n    [Symbol(kHeaders)]: {\n      cookie: '__next_hmr_refresh_hash__=128',\n      'accept-language': 'en-US,en;q=0.9',\n      'accept-encoding': 'gzip, deflate, br, zstd',\n      referer: 'http://localhost:3006/',\n      'sec-fetch-dest': 'empty',\n      'sec-fetch-mode': 'cors',\n      'sec-fetch-site': 'same-site',\n      origin: 'http://localhost:3006',\n      'content-type': 'application/json',\n      dnt: '1',\n      accept: 'application/json, text/plain, */*',\n      'user-agent': 'Mozilla/5.0 (Linux; Android 15; Pixel 9) AppleWebKit/537.36 (KHTML, like Gecko) Chrome/153.0.0.0 Mobile Safari/537.36',\n      'sec-ch-ua-mobile': '?1',\n      'sec-ch-ua': '\"Google Chrome\";v=\"153\", \"Not_A Brand\";v=\"8\", \"Chromium\";v=\"153\"',\n      authorization: 'Bearer eyJhbGciOiJIUzI1NiIsInR5cCI6IkpXVCJ9.eyJ1c2VySWQiOiI2YTcwMmUwNTQ0YzQ2YzdiYjAwMzk4MTYiLCJ0eXBlIjoiYWNjZXNzIiwiaWF0IjoxNzkwNDE2ODUwLCJleHAiOjE3OTEwMjE2NTAsImlzcyI6InVzZXItc2VydmljZXMifQ.PHyrKIdMlneSLPE8ntuyHLuHnmJmHaQ0NMM1O-Nj1m4',\n      'sec-ch-ua-platform': '\"Android\"',\n      'content-length': '23',\n      connection: 'close',\n      host: 'localhost:3004',\n      'x-user-id': '6a702e0544c46c7bb0039816',\n      'x-user-email': 'ankits1027@gmail.com',\n      'x-user-role': 'customer'\n    },\n    [Symbol(kHeadersCount)]: 44,\n    [Symbol(kTrailers)]: null,\n    [Symbol(kTrailersCount)]: 0\n  },\n  _sent100: false,\n  _expect_continue: false,\n  _maxRequestsPerSocket: 0,\n  locals: [Object: null prototype] {},\n  flush: [Function: flush],\n  write: [Function: write],\n  end: [Function: end],\n  on: [Function: on],\n  writeHead: [Function: writeHead],\n  [Symbol(shapeMode)]: false,\n  [Symbol(kCapture)]: false,\n  [Symbol(kBytesWritten)]: 0,\n  [Symbol(kNeedDrain)]: false,\n  [Symbol(corked)]: 0,\n  [Symbol(kChunkedBuffer)]: [],\n  [Symbol(kChunkedLength)]: 0,\n  [Symbol(kSocket)]: <ref *2> Socket {\n    connecting: false,\n    _hadError: false,\n    _parent: null,\n    _host: null,\n    _closeAfterHandlingError: false,\n    _events: {\n      close: [Array],\n      error: [Function: socketOnError],\n      prefinish: undefined,\n      finish: undefined,\n      drain: [Function: bound socketOnDrain],\n      data: [Function: bound socketOnData],\n      end: [Array],\n      readable: undefined,\n      timeout: [Function: socketOnTimeout],\n      resume: [Function: onSocketResume],\n      pause: [Function: onSocketPause]\n    },\n    _readableState: ReadableState {\n      highWaterMark: 16384,\n      buffer: [],\n      bufferIndex: 0,\n      length: 0,\n      pipes: [],\n      awaitDrainWriters: null,\n      [Symbol(kState)]: 193997060\n    },\n    _writableState: WritableState {\n      highWaterMark: 16384,\n      length: 0,\n      corked: 0,\n      onwrite: [Function: bound onwrite],\n      writelen: 0,\n      bufferedIndex: 0,\n      pendingcb: 0,\n      [Symbol(kState)]: 17564420,\n      [Symbol(kBufferedValue)]: null\n    },\n    allowHalfOpen: true,\n    _maxListeners: undefined,\n    _eventsCount: 8,\n    _sockname: null,\n    _pendingData: null,\n    _pendingEncoding: '',\n    server: Server {\n      maxHeaderSize: undefined,\n      insecureHTTPParser: undefined,\n      requestTimeout: 300000,\n      headersTimeout: 60000,\n      keepAliveTimeout: 5000,\n      connectionsCheckingInterval: 30000,\n      requireHostHeader: true,\n      joinDuplicateHeaders: undefined,\n      rejectNonStandardBodyWrites: false,\n      _events: [Object: null prototype],\n      _eventsCount: 4,\n      _maxListeners: undefined,\n      _connections: 1,\n      _handle: [TCP],\n      _usingWorkers: false,\n      _workers: [],\n      _unref: false,\n      _listeningId: 2,\n      allowHalfOpen: true,\n      pauseOnConnect: false,\n      noDelay: true,\n      keepAlive: false,\n      keepAliveInitialDelay: 0,\n      highWaterMark: 16384,\n      httpAllowHalfOpen: false,\n      timeout: 0,\n      maxHeadersCount: null,\n      maxRequestsPerSocket: 0,\n      _connectionKey: '6::::3004',\n      [Symbol(IncomingMessage)]: [Function: IncomingMessage],\n      [Symbol(ServerResponse)]: [Function: ServerResponse],\n      [Symbol(shapeMode)]: false,\n      [Symbol(kCapture)]: false,\n      [Symbol(async_id_symbol)]: 435,\n      [Symbol(kUniqueHeaders)]: null,\n      [Symbol(http.server.connections)]: ConnectionsList {},\n      [Symbol(http.server.connectionsCheckingInterval)]: Timeout {\n        _idleTimeout: 30000,\n        _idlePrev: [TimersList],\n        _idleNext: [TimersList],\n        _idleStart: 186394,\n        _onTimeout: [Function: bound checkConnections],\n        _timerArgs: undefined,\n        _repeat: 30000,\n        _destroyed: false,\n        [Symbol(refed)]: false,\n        [Symbol(kHasPrimitive)]: false,\n        [Symbol(asyncId)]: 441,\n        [Symbol(triggerId)]: 436,\n        [Symbol(kAsyncContextFrame)]: undefined\n      }\n    },\n    _server: Server {\n      maxHeaderSize: undefined,\n      insecureHTTPParser: undefined,\n      requestTimeout: 300000,\n      headersTimeout: 60000,\n      keepAliveTimeout: 5000,\n      connectionsCheckingInterval: 30000,\n      requireHostHeader: true,\n      joinDuplicateHeaders: undefined,\n      rejectNonStandardBodyWrites: false,\n      _events: [Object: null prototype],\n      _eventsCount: 4,\n      _maxListeners: undefined,\n      _connections: 1,\n      _handle: [TCP],\n      _usingWorkers: false,\n      _workers: [],\n      _unref: false,\n      _listeningId: 2,\n      allowHalfOpen: true,\n      pauseOnConnect: false,\n      noDelay: true,\n      keepAlive: false,\n      keepAliveInitialDelay: 0,\n      highWaterMark: 16384,\n      httpAllowHalfOpen: false,\n      timeout: 0,\n      maxHeadersCount: null,\n      maxRequestsPerSocket: 0,\n      _connectionKey: '6::::3004',\n      [Symbol(IncomingMessage)]: [Function: IncomingMessage],\n      [Symbol(ServerResponse)]: [Function: ServerResponse],\n      [Symbol(shapeMode)]: false,\n      [Symbol(kCapture)]: false,\n      [Symbol(async_id_symbol)]: 435,\n      [Symbol(kUniqueHeaders)]: null,\n      [Symbol(http.server.connections)]: ConnectionsList {},\n      [Symbol(http.server.connectionsCheckingInterval)]: Timeout {\n        _idleTimeout: 30000,\n        _idlePrev: [TimersList],\n        _idleNext: [TimersList],\n        _idleStart: 186394,\n        _onTimeout: [Function: bound checkConnections],\n        _timerArgs: undefined,\n        _repeat: 30000,\n        _destroyed: false,\n        [Symbol(refed)]: false,\n        [Symbol(kHasPrimitive)]: false,\n        [Symbol(asyncId)]: 441,\n        [Symbol(triggerId)]: 436,\n        [Symbol(kAsyncContextFrame)]: undefined\n      }\n    },\n    parser: HTTPParser {\n      '0': null,\n      '1': [Function: parserOnHeaders],\n      '2': [Function: parserOnHeadersComplete],\n      '3': [Function: parserOnBody],\n      '4': [Function: parserOnMessageComplete],\n      '5': [Function: bound onParserExecute],\n      '6': [Function: bound onParserTimeout],\n      _headers: [],\n      _url: '',\n      socket: [Circular *2],\n      incoming: [IncomingMessage],\n      outgoing: null,\n      maxHeaderPairs: 2000,\n      _consumed: true,\n      onIncoming: [Function: bound parserOnIncoming],\n      joinDuplicateHeaders: null,\n      [Symbol(resource_symbol)]: [HTTPServerAsyncResource]\n    },\n    on: [Function: socketListenerWrap],\n    addListener: [Function: socketListenerWrap],\n    prependListener: [Function: socketListenerWrap],\n    setEncoding: [Function: socketSetEncoding],\n    _paused: false,\n    _httpMessage: [Circular *1],\n    _peername: { address: '::1', family: 'IPv6', port: 64653 },\n    [Symbol(async_id_symbol)]: 6439,\n    [Symbol(kHandle)]: TCP {\n      reading: true,\n      onconnection: null,\n      _consumed: true,\n      [Symbol(owner_symbol)]: [Circular *2]\n    },\n    [Symbol(lastWriteQueueSize)]: 0,\n    [Symbol(timeout)]: null,\n    [Symbol(kBuffer)]: null,\n    [Symbol(kBufferCb)]: null,\n    [Symbol(kBufferGen)]: null,\n    [Symbol(shapeMode)]: true,\n    [Symbol(kCapture)]: false,\n    [Symbol(kSetNoDelay)]: true,\n    [Symbol(kSetKeepAlive)]: false,\n    [Symbol(kSetKeepAliveInitialDelay)]: 0,\n    [Symbol(kBytesRead)]: 0,\n    [Symbol(kBytesWritten)]: 0\n  },\n  [Symbol(kOutHeaders)]: [Object: null prototype] {\n    'content-security-policy': [\n      'Content-Security-Policy',\n      \"default-src 'self';base-uri 'self';font-src 'self' https: data:;form-action 'self';frame-ancestors 'self';img-src 'self' data:;object-src 'none';script-src 'self';script-src-attr 'none';style-src 'self' https: 'unsafe-inline';upgrade-insecure-requests\"\n    ],\n    'cross-origin-opener-policy': [ 'Cross-Origin-Opener-Policy', 'same-origin' ],\n    'cross-origin-resource-policy': [ 'Cross-Origin-Resource-Policy', 'same-origin' ],\n    'origin-agent-cluster': [ 'Origin-Agent-Cluster', '?1' ],\n    'referrer-policy': [ 'Referrer-Policy', 'no-referrer' ],\n    'strict-transport-security': [\n      'Strict-Transport-Security',\n      'max-age=31536000; includeSubDomains'\n    ],\n    'x-content-type-options': [ 'X-Content-Type-Options', 'nosniff' ],\n    'x-dns-prefetch-control': [ 'X-DNS-Prefetch-Control', 'off' ],\n    'x-download-options': [ 'X-Download-Options', 'noopen' ],\n    'x-frame-options': [ 'X-Frame-Options', 'SAMEORIGIN' ],\n    'x-permitted-cross-domain-policies': [ 'X-Permitted-Cross-Domain-Policies', 'none' ],\n    'x-xss-protection': [ 'X-XSS-Protection', '0' ],\n    'access-control-allow-origin': [ 'Access-Control-Allow-Origin', 'http://localhost:3006' ],\n    vary: [ 'Vary', 'Origin' ],\n    'access-control-allow-credentials': [ 'Access-Control-Allow-Credentials', 'true' ],\n    'ratelimit-policy': [ 'RateLimit-Policy', '500;w=900' ],\n    'ratelimit-limit': [ 'RateLimit-Limit', '500' ],\n    'ratelimit-remaining': [ 'RateLimit-Remaining', '488' ],\n    'ratelimit-reset': [ 'RateLimit-Reset', '716' ]\n  },\n  [Symbol(errored)]: null,\n  [Symbol(kHighWaterMark)]: 16384,\n  [Symbol(kRejectNonStandardBodyWrites)]: false,\n  [Symbol(kUniqueHeaders)]: null\n}\" (type ServerResponse) at path \"userId\" for model \"Order\"\n    at SchemaObjectId.cast (D:\\ecommerce-microservices-platform\\services\\order-service\\node_modules\\mongoose\\lib\\schema\\objectId.js:253:11)\n    at SchemaType.applySetters (D:\\ecommerce-microservices-platform\\services\\order-service\\node_modules\\mongoose\\lib\\schemaType.js:1280:12)\n    at SchemaType.castForQuery (D:\\ecommerce-microservices-platform\\services\\order-service\\node_modules\\mongoose\\lib\\schemaType.js:1706:17)\n    at cast (D:\\ecommerce-microservices-platform\\services\\order-service\\node_modules\\mongoose\\lib\\cast.js:386:32)\n    at Query.cast (D:\\ecommerce-microservices-platform\\services\\order-service\\node_modules\\mongoose\\lib\\query.js:5040:12)\n    at Query._castConditions (D:\\ecommerce-microservices-platform\\services\\order-service\\node_modules\\mongoose\\lib\\query.js:2374:10)\n    at model.Query._findOne (D:\\ecommerce-microservices-platform\\services\\order-service\\node_modules\\mongoose\\lib\\query.js:2704:8)\n    at model.Query.exec (D:\\ecommerce-microservices-platform\\services\\order-service\\node_modules\\mongoose\\lib\\query.js:4652:80)\n    at process.processTicksAndRejections (node:internal/process/task_queues:105:5)\n    at async cancelOrder (D:\\ecommerce-microservices-platform\\services\\order-service\\src\\services\\orderService.js:268:21)","timestamp":"2026-09-26T10:01:05.486Z","url":"/api/orders/6a994be70c4a8ccc1337d82f/cancel","user":{"email":"ankits1027@gmail.com","role":"customer","userId":"6a702e0544c46c7bb0039816"}}
{"level":"info","message":"MongoDB Connected: cluster0-shard-00-02.ldi5y.mongodb.net","service":"order-service","timestamp":"2026-09-26T10:12:15.180Z"}
{"level":"info","message":"Order indexes created successfully","service":"order-service","timestamp":"2026-09-26T10:12:18.527Z"}
{"level":"info","message":"Redis connected successfully","service":"order-service","timestamp":"2026-09-26T10:12:18.532Z"}
{"environment":"development","level":"info","message":"Order Service started successfully","port":"3004","service":"order-service","timestamp":"2026-09-26T10:12:18.539Z"}
{"level":"info","message":"MongoDB Connected: cluster0-shard-00-01.ldi5y.mongodb.net","service":"order-service","timestamp":"2026-09-26T10:13:28.361Z"}
{"level":"info","message":"Order indexes created successfully","service":"order-service","timestamp":"2026-09-26T10:13:31.549Z"}
{"level":"info","message":"Redis connected successfully","service":"order-service","timestamp":"2026-09-26T10:13:31.555Z"}
{"environment":"development","level":"info","message":"Order Service started successfully","port":"3004","service":"order-service","timestamp":"2026-09-26T10:13:31.564Z"}
{"level":"info","message":"MongoDB Connected: cluster0-shard-00-02.ldi5y.mongodb.net","service":"order-service","timestamp":"2026-09-26T10:13:52.148Z"}
{"level":"info","message":"Order indexes created successfully","service":"order-service","timestamp":"2026-09-26T10:13:55.375Z"}
{"level":"info","message":"Redis connected successfully","service":"order-service","timestamp":"2026-09-26T10:13:55.381Z"}
{"environment":"development","level":"info","message":"Order Service started successfully","port":"3004","service":"order-service","timestamp":"2026-09-26T10:13:55.389Z"}
{"level":"error","message":"Cancel order error: Orders can only be cancelled within 24 hours","service":"order-service","stack":"Error: Orders can only be cancelled within 24 hours\n    at OrderService.cancelOrder (D:\\ecommerce-microservices-platform\\services\\order-service\\src\\services\\orderService.js:278:15)\n    at process.processTicksAndRejections (node:internal/process/task_queues:105:5)\n    at async cancelOrder (D:\\ecommerce-microservices-platform\\services\\order-service\\src\\controllers\\orderController.js:125:21)","timestamp":"2026-09-26T10:15:56.984Z"}
{"level":"error","message":"Cancel order controller error: Orders can only be cancelled within 24 hours","service":"order-service","stack":"Error: Orders can only be cancelled within 24 hours\n    at OrderService.cancelOrder (D:\\ecommerce-microservices-platform\\services\\order-service\\src\\services\\orderService.js:278:15)\n    at process.processTicksAndRejections (node:internal/process/task_queues:105:5)\n    at async cancelOrder (D:\\ecommerce-microservices-platform\\services\\order-service\\src\\controllers\\orderController.js:125:21)","timestamp":"2026-09-26T10:15:56.985Z"}
{"data":{"reason":"size"},"errors":[{"field":"reason","message":"Please provide a detailed reason (at least 5 characters)"}],"level":"warn","message":"Validation error:","service":"order-service","timestamp":"2026-09-26T10:16:14.616Z"}
{"data":{"reason":"size"},"errors":[{"field":"reason","message":"Please provide a detailed reason (at least 5 characters)"}],"level":"warn","message":"Validation error:","service":"order-service","timestamp":"2026-09-26T10:16:32.929Z"}
{"level":"warn","message":"No inventory reservation to release:","orderId":"6a9943c80c4a8ccc1337d82b","service":"order-service","timestamp":"2026-09-26T10:16:46.386Z"}
{"cancelledBy":"user","level":"info","message":"Order cancelled:","orderId":"6a9943c80c4a8ccc1337d82b","reason":"size issue","service":"order-service","timestamp":"2026-09-26T10:16:46.388Z","userId":"6a702e0544c46c7bb0039816"}
